Customer_ID,Branch_ID,Account_Type,Balance,Currency,Status,Created_Date
3020,38,Loan,23606.6,USD,Closed,2015-04-24
3026,74,Business,32705.64,USD,Closed,2025-01-04
2032,77,Checking,58817.47,USD,Closed,2017-04-14
2397,4,Savings,7592.31,EUR,Inactive,2017-12-04
2811,90,Business,77618.2,USD,Closed,2019-10-01
4882,79,Business,10534.39,GBP,Closed,2023-11-07
1667,3,Checking,21231.74,USD,Inactive,2017-07-01
225,53,Savings,70803.04,INR,Closed,2015-12-30
1608,62,Savings,12461.26,EUR,Closed,2019-01-22
386,99,Checking,22203.11,USD,Inactive,2020-04-22
952,40,Checking,6493.41,GBP,Inactive,2016-07-02
418,2,Savings,88636.87,USD,Active,2016-11-02
4407,47,Savings,34497.69,GBP,Closed,2017-06-10
778,94,Checking,57565.91,INR,Closed,2017-05-06
58,80,Savings,65541.99,EUR,Closed,2019-08-14
2850,29,Checking,24046.68,INR,Inactive,2019-12-13
290,52,Loan,70893.15,JPY,Inactive,2017-09-19
4064,48,Business,17521.55,INR,Closed,2018-05-20
2597,87,Loan,92518.84,INR,Active,2018-04-13
2958,30,Business,36917.88,JPY,Closed,2024-12-05
4715,76,Checking,45810.91,USD,Active,2024-05-26
1118,76,Loan,99064.76,GBP,Closed,2019-11-24
2907,39,Savings,12319.44,EUR,Closed,2017-12-14
647,86,Checking,50172.52,GBP,Closed,2021-06-29
4654,94,Checking,8765.78,INR,Active,2024-08-04
2128,25,Loan,28693.63,JPY,Active,2017-10-25
3035,98,Checking,86525.65,GBP,Closed,2017-08-15
1517,34,Business,73308.18,USD,Inactive,2023-05-22
1612,45,Business,24152.82,GBP,Inactive,2016-09-29
71,52,Loan,83453.99,EUR,Closed,2023-03-06
2870,41,Business,35322.77,GBP,Inactive,2024-04-17
1698,8,Business,56658.77,EUR,Inactive,2017-05-07
4554,17,Checking,18301.99,INR,Active,2017-09-23
440,29,Savings,30580.74,INR,Active,2019-09-25
253,52,Checking,79675.18,GBP,Active,2017-12-31
2384,15,Checking,29802.64,INR,Active,2015-04-09
479,20,Business,67326.2,JPY,Closed,2016-12-15
1601,13,Loan,70848.81,EUR,Active,2015-06-03
4735,51,Business,60227.98,JPY,Closed,2021-11-07
3307,62,Loan,64920.86,GBP,Inactive,2019-09-04
399,63,Loan,48549.84,USD,Closed,2023-07-12
4165,69,Checking,32137.58,INR,Closed,2016-08-21
2922,77,Checking,62476.93,EUR,Closed,2016-08-08
4628,69,Loan,4227.24,GBP,Closed,2017-06-27
4278,40,Savings,73263.16,GBP,Inactive,2019-12-12
3309,49,Savings,18500.91,USD,Inactive,2023-10-03
401,22,Business,73321.02,USD,Inactive,2022-05-18
4115,60,Business,2254.2,JPY,Inactive,2019-08-31
50,75,Business,45320.95,GBP,Closed,2021-04-08
1267,71,Business,7544.39,EUR,Active,2022-02-11
2675,25,Checking,48527.62,JPY,Active,2022-04-06
4859,18,Checking,84517.06,JPY,Active,2018-01-29
468,18,Loan,80056.97,GBP,Inactive,2019-06-11
1697,7,Loan,31744.41,GBP,Active,2017-08-10
4061,19,Loan,91783.4,EUR,Closed,2018-10-17
2520,52,Savings,6197.39,EUR,Closed,2015-12-25
3863,20,Loan,51510.22,JPY,Closed,2022-11-08
1202,82,Checking,42262.69,JPY,Inactive,2022-04-11
1816,4,Business,38365.94,EUR,Active,2023-06-12
350,73,Loan,9954.55,USD,Active,2017-06-01
4131,15,Savings,78164.7,USD,Closed,2021-06-09
1644,38,Checking,64556.36,USD,Closed,2021-07-31
2917,27,Loan,56196.96,USD,Closed,2022-05-18
4871,1,Savings,86482.85,JPY,Closed,2020-12-10
3817,56,Checking,59107.44,JPY,Active,2020-06-22
460,21,Business,13499.66,GBP,Active,2018-10-16
2150,99,Business,94052.03,EUR,Inactive,2024-08-16
3282,10,Business,40419.86,JPY,Closed,2019-08-12
3581,74,Business,27891.77,INR,Inactive,2022-06-07
2145,49,Business,67813.68,JPY,Closed,2021-12-02
4994,77,Savings,63884.25,INR,Closed,2015-12-24
2145,86,Savings,85095.07,INR,Closed,2023-08-09
3239,7,Business,47450.9,USD,Closed,2023-11-04
3056,73,Business,89781.73,JPY,Inactive,2019-01-11
4000,41,Checking,30811.09,GBP,Active,2022-02-09
4527,61,Business,98877.56,INR,Inactive,2019-12-10
1747,82,Loan,12160.77,USD,Closed,2018-12-25
1004,51,Business,96512.19,EUR,Active,2018-10-30
3065,50,Checking,6744.4,INR,Inactive,2015-05-27
4826,45,Business,66335.86,JPY,Inactive,2023-10-25
3608,44,Savings,92671.13,INR,Active,2022-07-14
4220,22,Checking,63156.7,USD,Inactive,2018-04-13
1762,6,Savings,95834.34,JPY,Closed,2024-05-05
1901,95,Business,68642.36,USD,Inactive,2021-01-12
1475,77,Loan,52556.58,EUR,Inactive,2023-05-27
2743,16,Checking,5614.56,JPY,Inactive,2016-06-08
103,68,Savings,71761.78,EUR,Inactive,2015-02-23
3017,96,Loan,19873.52,GBP,Active,2024-11-13
3440,6,Business,69142.01,JPY,Inactive,2024-10-13
928,6,Checking,15233.6,USD,Active,2016-10-22
231,54,Loan,39074.77,EUR,Inactive,2019-07-02
4732,32,Business,34571.81,INR,Closed,2022-12-27
2086,34,Savings,53093.3,JPY,Closed,2020-12-08
3719,14,Checking,21032.92,INR,Active,2015-12-14
1251,15,Savings,52211.89,EUR,Active,2024-05-12
4011,52,Checking,44514.56,USD,Inactive,2021-05-01
3699,5,Checking,76365.62,USD,Inactive,2023-01-08
1770,9,Loan,61633.67,JPY,Closed,2018-01-01
2939,55,Checking,19613.82,USD,Closed,2018-09-21
1147,77,Savings,49909.93,INR,Active,2017-03-07
4523,82,Savings,10255.59,JPY,Active,2021-11-30
907,8,Checking,41528.88,EUR,Inactive,2023-07-09
1443,80,Business,33118.65,GBP,Inactive,2020-12-11
1482,58,Business,30518.71,GBP,Active,2019-12-01
4714,45,Savings,63321.58,USD,Active,2018-02-12
4151,92,Checking,10584.86,USD,Closed,2016-03-15
565,38,Business,55636.14,JPY,Active,2021-07-05
614,4,Savings,97454.29,GBP,Active,2018-01-20
3722,24,Savings,63038.37,INR,Inactive,2023-01-12
2299,23,Business,16405.18,USD,Inactive,2020-09-20
3146,67,Loan,13302.67,GBP,Closed,2021-03-08
3024,14,Business,7483.32,GBP,Inactive,2016-08-04
868,7,Savings,93212.34,INR,Active,2022-05-21
428,44,Savings,70131.91,USD,Closed,2020-12-23
1361,57,Savings,9033.8,EUR,Active,2017-04-23
4552,42,Checking,48764.52,USD,Inactive,2019-02-10
3562,78,Checking,91067.35,INR,Active,2023-06-28
2641,55,Business,61187.36,INR,Inactive,2023-02-23
4160,21,Checking,54528.85,JPY,Inactive,2020-11-23
1847,100,Savings,21743.74,GBP,Closed,2021-02-16
3662,96,Loan,84591.1,INR,Inactive,2016-04-12
2458,57,Checking,4356.53,USD,Inactive,2023-11-02
833,73,Savings,35060.96,GBP,Active,2021-10-25
3773,100,Loan,46601.65,USD,Active,2020-03-29
2200,35,Business,66522.12,INR,Closed,2022-06-11
488,35,Savings,41138.55,USD,Active,2017-09-20
4383,75,Loan,51586.4,USD,Active,2021-01-15
4416,41,Business,17731.06,EUR,Active,2022-10-15
704,43,Checking,56914.95,USD,Active,2020-02-05
2802,36,Loan,58526.46,INR,Inactive,2023-01-01
4791,49,Checking,93376.47,INR,Active,2015-05-09
2252,67,Loan,70838.21,EUR,Closed,2019-11-11
2236,12,Loan,2982.25,GBP,Inactive,2018-01-31
4219,78,Loan,43232.06,GBP,Inactive,2023-10-30
1678,28,Loan,67953.95,INR,Inactive,2017-01-04
3073,7,Business,65934.73,EUR,Inactive,2021-07-01
4840,23,Checking,17753.5,INR,Closed,2024-10-24
2638,89,Checking,70353.28,GBP,Closed,2022-10-26
3053,7,Business,56162.15,EUR,Inactive,2018-09-30
4757,65,Savings,36495.35,USD,Closed,2017-03-10
1379,67,Loan,71279.95,JPY,Closed,2020-04-15
4389,66,Savings,96507.69,INR,Active,2022-08-29
4726,1,Savings,49610.45,USD,Inactive,2016-05-03
3329,52,Loan,18164.75,USD,Inactive,2018-06-12
1373,56,Savings,15660.45,USD,Active,2023-03-19
2924,67,Checking,19058.5,EUR,Closed,2025-02-13
2713,19,Loan,7152.99,EUR,Active,2018-07-28
4496,55,Savings,39382.06,GBP,Active,2015-04-15
3000,35,Business,36867.32,GBP,Closed,2015-11-01
1308,36,Loan,79241.12,EUR,Closed,2019-08-31
3245,87,Savings,46541.21,USD,Closed,2021-09-27
2203,48,Loan,86401.05,INR,Active,2020-01-18
1276,45,Checking,9328.06,GBP,Inactive,2018-04-12
859,14,Loan,12817.82,JPY,Closed,2019-08-26
4270,18,Checking,81285.67,INR,Inactive,2022-09-30
3441,47,Loan,30449.38,USD,Inactive,2016-08-27
1281,78,Loan,75504.5,EUR,Active,2022-08-16
1128,90,Savings,23063.42,USD,Active,2017-06-30
2101,25,Business,73565.55,EUR,Inactive,2015-07-14
3096,32,Business,74686.23,INR,Closed,2024-08-12
4595,36,Business,42069.67,EUR,Active,2022-10-09
594,65,Business,7367.89,GBP,Active,2018-12-03
2230,60,Checking,56484.12,EUR,Inactive,2022-08-09
916,92,Checking,28650.12,EUR,Closed,2022-10-14
1730,67,Loan,36919.14,JPY,Inactive,2015-05-29
2202,79,Checking,25830.54,GBP,Inactive,2023-01-27
3885,48,Business,78468.47,GBP,Closed,2019-01-17
618,3,Savings,98502.05,EUR,Closed,2016-06-22
102,78,Loan,2917.78,USD,Closed,2022-11-04
3355,80,Business,26033.19,EUR,Active,2023-04-01
3052,51,Business,98061.39,INR,Inactive,2023-12-27
1030,1,Checking,47709.78,GBP,Active,2024-03-23
1665,38,Loan,80221.35,USD,Closed,2019-11-14
109,65,Business,97005.46,USD,Active,2018-09-30
3938,24,Checking,84531.42,GBP,Closed,2023-11-19
4335,96,Loan,1779.97,EUR,Inactive,2021-07-13
494,97,Loan,65454.68,JPY,Inactive,2021-02-22
4929,48,Business,69306.29,INR,Active,2015-05-17
76,60,Loan,93864.27,INR,Closed,2018-08-14
4729,99,Loan,82225.6,EUR,Active,2024-09-06
2939,29,Checking,3589.82,GBP,Active,2019-07-11
4970,11,Checking,6894.13,JPY,Closed,2018-03-09
3340,94,Checking,56558.91,INR,Active,2015-12-07
1409,50,Business,19417.43,INR,Inactive,2021-04-23
3373,57,Savings,56092.11,INR,Closed,2024-10-01
1888,32,Loan,13994.47,USD,Active,2024-12-13
418,91,Savings,14438.26,INR,Active,2022-09-13
4969,8,Savings,74711.53,EUR,Inactive,2024-01-03
944,85,Savings,47672.8,EUR,Closed,2020-05-13
4042,8,Business,96100.99,USD,Inactive,2016-09-21
1224,48,Savings,87270.23,GBP,Inactive,2021-11-13
3051,13,Business,50522.88,EUR,Closed,2019-12-19
2843,45,Checking,89564.81,EUR,Closed,2017-09-12
4394,62,Savings,39335.97,INR,Active,2024-06-03
4759,14,Business,98611.15,GBP,Inactive,2022-09-24
1693,78,Savings,61262.55,EUR,Active,2022-08-06
4782,45,Checking,77318.11,EUR,Inactive,2022-09-25
1860,66,Loan,48194.21,JPY,Closed,2017-12-13
660,12,Business,58999.13,JPY,Closed,2024-08-26
386,54,Savings,29999.49,INR,Closed,2020-05-21
3346,78,Business,41270.24,JPY,Active,2023-06-06
1873,92,Savings,41136.55,EUR,Inactive,2017-01-13
3271,97,Checking,56573.65,INR,Active,2018-03-17
3940,61,Loan,21944.54,EUR,Active,2023-06-03
744,40,Savings,19142.47,USD,Inactive,2019-09-30
2611,13,Checking,74012.28,JPY,Closed,2023-06-10
448,18,Loan,76780.51,GBP,Active,2020-07-22
1866,79,Business,85745.56,JPY,Closed,2020-09-15
4170,57,Checking,98977.53,EUR,Closed,2015-09-03
1736,27,Loan,18550.15,GBP,Closed,2019-04-19
4031,60,Business,11262.14,EUR,Active,2021-04-05
2188,76,Loan,7079.99,EUR,Closed,2021-03-13
249,77,Savings,79876.78,GBP,Active,2022-02-16
3509,60,Loan,7674.89,EUR,Closed,2022-01-11
4086,66,Savings,37773.03,GBP,Active,2019-10-01
2682,38,Savings,78696.25,GBP,Closed,2018-10-20
2356,31,Checking,96109.69,USD,Active,2019-11-26
1603,94,Loan,87406.92,INR,Inactive,2019-07-25
2074,14,Business,62877.6,INR,Active,2022-06-24
4409,9,Savings,40001.96,USD,Closed,2017-12-07
1637,21,Business,61494.46,JPY,Closed,2021-11-07
4796,88,Business,66678.64,INR,Inactive,2019-10-16
834,69,Loan,89682.12,EUR,Active,2020-09-24
492,37,Loan,34404.15,GBP,Closed,2016-08-05
3858,19,Loan,44107.55,USD,Inactive,2019-06-28
600,98,Checking,13058.6,INR,Closed,2020-11-22
286,35,Savings,62225.62,INR,Closed,2018-02-14
3054,17,Loan,68959.36,GBP,Inactive,2021-08-14
4479,89,Checking,39598.06,JPY,Active,2017-06-19
3839,54,Business,19125.53,GBP,Inactive,2017-07-26
1755,48,Savings,59650.77,GBP,Inactive,2025-02-18
2600,8,Savings,79691.5,JPY,Closed,2020-01-23
3557,10,Business,797.65,USD,Inactive,2016-11-01
4795,43,Business,13232.53,JPY,Active,2024-11-25
2305,66,Checking,79563.61,USD,Closed,2021-06-26
2235,42,Loan,70026.46,JPY,Closed,2021-07-25
3362,44,Business,41302.64,INR,Active,2020-06-01
2598,86,Checking,24138.92,INR,Inactive,2017-10-24
786,36,Business,61324.08,GBP,Closed,2019-04-18
144,69,Loan,56774.81,GBP,Active,2021-05-04
4474,34,Loan,84784.78,JPY,Closed,2020-05-05
800,34,Savings,80098.32,GBP,Inactive,2018-02-02
2714,27,Business,4269.47,USD,Closed,2018-04-02
3581,43,Savings,3116.8,INR,Closed,2021-12-03
2798,25,Loan,40765.7,EUR,Inactive,2018-05-14
1881,4,Checking,76411.08,INR,Closed,2018-12-14
4966,11,Loan,23380.24,JPY,Closed,2022-11-24
4196,1,Business,85098.56,EUR,Closed,2022-05-16
1974,4,Loan,9252.04,USD,Closed,2024-03-25
4081,97,Business,63591.51,USD,Active,2017-01-15
4017,27,Checking,77008.36,JPY,Active,2018-06-22
144,95,Checking,19804.45,JPY,Inactive,2016-03-29
3100,5,Savings,16777.1,EUR,Active,2017-02-04
3513,60,Loan,98691.29,GBP,Active,2022-05-11
1644,6,Business,95984.14,INR,Inactive,2015-02-27
1530,88,Checking,15022.14,JPY,Active,2022-06-18
1954,45,Loan,29159.48,JPY,Closed,2025-01-18
2625,53,Loan,21171.88,EUR,Inactive,2018-05-23
1822,4,Business,87500.55,GBP,Closed,2020-01-07
527,34,Loan,33198.14,INR,Active,2017-04-25
1993,3,Business,2823.47,EUR,Inactive,2016-08-16
4257,93,Business,88790.53,USD,Active,2020-12-11
2456,20,Loan,10010.49,INR,Active,2024-04-27
105,21,Checking,45738.99,GBP,Active,2023-09-28
2990,59,Business,6106.05,EUR,Closed,2018-04-10
4476,74,Business,59955.86,EUR,Inactive,2020-06-08
3220,14,Loan,17490.19,JPY,Active,2020-06-11
345,73,Savings,72553.4,EUR,Active,2016-08-27
4577,60,Savings,75074.94,EUR,Active,2017-11-19
2739,59,Savings,17294.84,INR,Active,2016-11-12
2825,54,Loan,27104.1,INR,Active,2021-11-14
4265,38,Savings,81132.04,EUR,Closed,2023-01-21
548,41,Checking,89375.75,GBP,Active,2019-04-21
792,30,Loan,18512.28,INR,Inactive,2024-03-25
4236,86,Savings,22844.64,JPY,Inactive,2018-07-16
1987,72,Business,14140.41,USD,Closed,2016-09-14
944,20,Business,96790.51,INR,Closed,2023-11-01
138,36,Business,20141.83,USD,Active,2023-02-17
4603,83,Business,17919.5,EUR,Inactive,2024-11-22
382,21,Loan,5135.01,EUR,Active,2021-01-13
835,12,Loan,89192.62,JPY,Active,2022-10-26
1178,42,Savings,98195.34,GBP,Closed,2015-06-11
3964,55,Checking,75159.12,GBP,Closed,2024-11-23
2088,18,Business,66597.5,USD,Active,2021-01-18
793,24,Business,95834.03,EUR,Active,2023-02-13
4025,76,Savings,42126.7,EUR,Active,2016-04-23
741,55,Checking,60799.73,USD,Inactive,2016-09-09
1332,89,Savings,11815.55,EUR,Active,2024-03-24
3014,54,Loan,8320.89,INR,Inactive,2017-11-07
167,96,Savings,61607.63,EUR,Inactive,2024-09-23
736,64,Loan,44368.68,JPY,Inactive,2023-11-28
2483,42,Savings,62011.45,GBP,Inactive,2020-04-01
4526,1,Loan,17660.27,USD,Closed,2017-03-04
398,40,Savings,94223.95,EUR,Inactive,2023-12-10
4533,80,Business,87154.07,JPY,Active,2016-11-26
2757,92,Checking,48032.64,EUR,Active,2024-12-14
2018,21,Loan,93782.24,USD,Inactive,2023-09-07
3941,72,Checking,60128.33,INR,Inactive,2023-02-14
4734,86,Savings,58263.33,INR,Active,2015-05-25
1857,45,Business,67365.36,JPY,Active,2022-04-07
1663,62,Savings,86611.99,JPY,Inactive,2021-03-31
4739,48,Business,93296.7,JPY,Active,2016-05-16
541,43,Savings,3216.19,USD,Inactive,2025-01-15
1391,78,Checking,40363.27,EUR,Inactive,2022-07-13
3845,54,Savings,69015.42,USD,Closed,2022-07-20
2793,32,Savings,78612.07,EUR,Inactive,2018-04-02
1008,2,Loan,1656.99,GBP,Active,2015-11-11
4850,31,Checking,35464.05,INR,Closed,2021-10-01
432,67,Loan,77400.42,USD,Closed,2022-06-09
1082,19,Business,59217.02,JPY,Inactive,2024-12-13
532,31,Checking,44601.98,USD,Inactive,2017-07-05
4921,44,Loan,90666.7,USD,Closed,2016-09-25
2322,88,Checking,30458.18,GBP,Active,2018-03-23
1228,14,Checking,41919.14,USD,Inactive,2021-09-18
3331,69,Checking,36172.6,INR,Active,2021-06-19
4817,81,Savings,7297.55,INR,Closed,2024-09-20
50,32,Savings,56830.39,GBP,Active,2020-06-18
4207,14,Checking,36945.73,INR,Inactive,2024-03-15
2359,13,Loan,41604.36,JPY,Closed,2017-06-11
3505,50,Loan,6018.02,INR,Active,2021-12-07
3095,62,Savings,58169.98,USD,Closed,2017-08-21
955,95,Loan,76837.83,JPY,Inactive,2022-02-06
4617,59,Loan,84206.79,JPY,Inactive,2022-01-20
1993,59,Savings,75355.83,JPY,Inactive,2020-11-07
2142,89,Savings,15899.0,JPY,Inactive,2020-03-26
554,26,Checking,6244.45,JPY,Closed,2023-07-20
4852,28,Savings,7901.36,INR,Inactive,2016-12-18
2946,65,Loan,52136.28,GBP,Closed,2024-04-05
1056,54,Checking,47131.73,USD,Active,2017-07-12
4349,41,Savings,13013.22,GBP,Inactive,2023-10-05
309,69,Savings,66079.94,JPY,Active,2017-11-01
4671,51,Savings,47210.29,EUR,Closed,2020-12-31
403,47,Loan,37940.6,USD,Closed,2024-04-03
2189,47,Business,6989.11,JPY,Active,2019-11-10
2607,10,Business,32260.38,JPY,Active,2016-09-26
4350,72,Business,25421.53,EUR,Closed,2016-06-10
2469,74,Loan,96741.3,EUR,Closed,2016-12-11
1244,20,Savings,40615.76,USD,Active,2023-03-12
30,14,Business,99000.18,EUR,Active,2023-11-26
3665,40,Savings,15799.86,JPY,Inactive,2020-02-16
1407,97,Loan,59803.66,JPY,Closed,2024-02-23
2251,56,Savings,47884.73,USD,Active,2024-05-19
2217,23,Savings,71850.82,EUR,Closed,2024-01-16
4355,78,Savings,82679.47,GBP,Inactive,2018-09-15
1248,25,Business,4793.68,JPY,Closed,2016-01-23
4551,100,Business,76041.73,EUR,Inactive,2024-02-23
25,77,Checking,5140.36,USD,Active,2016-02-26
1465,68,Savings,7248.72,EUR,Closed,2018-04-09
3558,31,Loan,36674.24,EUR,Active,2020-03-21
4295,15,Checking,81047.68,EUR,Inactive,2020-04-07
344,44,Loan,28515.09,USD,Inactive,2016-03-08
4732,71,Savings,45765.18,INR,Closed,2018-11-19
686,91,Savings,19530.34,GBP,Closed,2016-02-26
1648,24,Business,81430.63,USD,Active,2016-04-17
1738,39,Loan,92154.71,INR,Active,2022-03-13
2358,8,Business,91043.66,GBP,Closed,2019-10-16
284,62,Savings,35685.89,JPY,Active,2019-11-14
3439,19,Business,97909.15,JPY,Inactive,2019-08-19
2576,99,Loan,78924.3,EUR,Inactive,2024-10-15
2634,4,Business,68607.45,EUR,Active,2019-03-24
2674,46,Checking,15623.8,INR,Inactive,2024-01-08
2864,97,Checking,22845.83,INR,Closed,2022-03-02
853,55,Business,96842.77,USD,Closed,2018-11-03
703,82,Loan,94803.3,EUR,Closed,2020-12-22
622,13,Loan,90394.11,USD,Inactive,2017-11-24
1463,32,Loan,1073.33,EUR,Closed,2019-05-23
29,64,Business,68338.98,EUR,Active,2024-05-20
1007,98,Checking,6484.09,EUR,Inactive,2016-02-05
378,47,Savings,29838.42,INR,Closed,2020-01-24
4067,84,Loan,61835.77,GBP,Closed,2016-02-07
3124,96,Savings,78627.57,INR,Active,2015-09-16
4652,93,Checking,62361.83,USD,Inactive,2018-06-18
407,26,Savings,74805.39,GBP,Closed,2020-01-28
3055,17,Checking,970.67,GBP,Inactive,2017-04-04
4485,25,Loan,9047.83,USD,Inactive,2016-06-26
437,91,Savings,53274.81,JPY,Closed,2024-01-16
1374,46,Savings,11120.15,GBP,Active,2020-09-28
3053,98,Savings,5546.04,GBP,Closed,2017-05-31
3425,62,Business,8218.55,EUR,Active,2021-04-28
3203,49,Savings,40212.52,JPY,Closed,2019-06-27
2636,81,Loan,71390.76,USD,Closed,2017-07-16
3894,11,Loan,95286.24,INR,Active,2020-09-18
2875,60,Loan,58009.94,USD,Closed,2021-02-19
3997,25,Checking,16827.84,EUR,Closed,2019-07-02
936,70,Business,93839.2,EUR,Inactive,2022-07-07
4293,20,Savings,34374.64,INR,Active,2024-02-02
3900,33,Savings,99072.71,GBP,Active,2016-05-27
2437,86,Business,32589.02,INR,Active,2019-01-08
3091,65,Loan,93725.7,GBP,Inactive,2022-09-04
1880,55,Loan,83584.27,JPY,Inactive,2015-09-09
4958,34,Savings,97153.44,USD,Active,2024-06-29
2315,53,Savings,72960.18,USD,Active,2020-08-03
693,5,Savings,92188.97,GBP,Active,2020-05-31
3830,83,Savings,49863.19,GBP,Closed,2018-01-30
178,59,Checking,268.52,INR,Inactive,2016-04-17
2387,81,Checking,89506.6,GBP,Inactive,2016-07-07
1829,25,Business,5356.62,JPY,Closed,2015-05-14
2499,28,Checking,13476.84,EUR,Closed,2017-07-27
4310,6,Savings,89249.79,USD,Closed,2022-04-03
857,51,Business,16360.76,INR,Inactive,2022-08-04
4084,36,Checking,41572.35,EUR,Closed,2017-03-27
1972,68,Savings,1005.41,INR,Active,2018-01-17
2320,62,Business,42767.36,INR,Active,2015-09-14
1131,85,Loan,30973.32,GBP,Inactive,2019-01-16
1062,75,Business,14779.3,GBP,Closed,2020-05-10
3568,31,Business,15458.84,JPY,Closed,2024-08-27
3299,52,Loan,35842.14,GBP,Closed,2022-04-19
316,48,Checking,71120.59,EUR,Closed,2015-10-11
2328,23,Savings,74991.46,JPY,Inactive,2021-05-08
2369,48,Loan,885.91,USD,Closed,2016-12-30
4518,24,Checking,74605.5,GBP,Active,2022-01-27
3191,50,Checking,1822.28,USD,Closed,2021-07-21
990,75,Loan,3839.28,INR,Inactive,2017-03-04
4816,28,Checking,60569.48,EUR,Active,2022-02-24
3109,19,Loan,10473.45,USD,Active,2020-12-14
2412,59,Business,28437.2,JPY,Closed,2024-12-05
2616,63,Loan,63866.28,EUR,Active,2020-11-07
2094,5,Loan,54230.68,GBP,Closed,2020-03-25
1684,31,Loan,1945.65,EUR,Closed,2016-01-19
2591,52,Checking,12309.78,EUR,Closed,2016-01-18
2101,82,Savings,53554.05,INR,Active,2021-06-13
1033,65,Checking,47155.32,JPY,Closed,2017-01-27
137,64,Loan,70013.81,EUR,Inactive,2024-12-20
1580,99,Loan,40265.46,EUR,Active,2024-02-21
4107,61,Checking,25853.58,GBP,Active,2017-05-26
3922,76,Checking,20506.07,JPY,Inactive,2015-08-14
893,14,Loan,110.27,GBP,Active,2017-05-29
3581,92,Checking,1465.57,USD,Active,2021-06-28
3157,48,Savings,15826.24,EUR,Inactive,2015-09-07
1516,5,Business,20255.46,JPY,Active,2024-09-06
1048,27,Loan,1224.05,USD,Active,2020-10-14
2301,34,Checking,51476.66,JPY,Closed,2019-03-15
1550,60,Checking,87478.59,JPY,Inactive,2024-08-06
4038,77,Checking,83965.3,JPY,Active,2015-10-06
2474,18,Loan,45693.86,INR,Inactive,2019-04-18
4832,12,Savings,38640.65,EUR,Inactive,2017-07-03
2737,94,Loan,35521.75,INR,Inactive,2023-06-26
1434,20,Checking,74531.37,USD,Closed,2017-05-19
3415,44,Savings,67032.64,JPY,Closed,2024-01-10
4881,27,Savings,14374.33,JPY,Inactive,2018-12-02
1858,39,Business,61030.09,USD,Active,2020-04-22
3019,60,Checking,63710.11,EUR,Inactive,2020-01-08
3311,4,Savings,72643.32,USD,Closed,2022-07-24
4911,52,Business,51904.85,USD,Active,2019-03-12
3634,32,Savings,31685.28,USD,Closed,2019-01-18
965,22,Loan,5496.94,INR,Closed,2015-07-02
561,81,Savings,48361.28,USD,Closed,2017-04-06
3716,11,Business,62541.1,INR,Closed,2020-02-06
2775,34,Business,51790.25,GBP,Inactive,2019-04-13
2632,3,Savings,57941.45,INR,Inactive,2019-09-25
2142,10,Savings,26623.98,INR,Inactive,2023-08-05
3488,66,Savings,27467.27,GBP,Active,2016-12-14
4278,23,Savings,14830.6,USD,Active,2024-06-18
2406,39,Loan,21305.74,INR,Closed,2017-12-30
1149,51,Checking,75128.8,JPY,Inactive,2015-12-18
4402,59,Savings,37122.02,USD,Inactive,2023-06-20
1011,48,Checking,28928.45,JPY,Closed,2020-10-30
140,1,Loan,39712.94,JPY,Inactive,2020-01-11
4227,78,Loan,48056.29,EUR,Inactive,2023-08-11
1137,33,Checking,12909.3,GBP,Active,2019-04-17
965,56,Business,5928.37,INR,Inactive,2024-09-02
100,58,Savings,69913.78,GBP,Closed,2022-04-08
3291,90,Savings,81564.91,JPY,Closed,2015-05-11
4431,75,Savings,96506.25,EUR,Inactive,2022-07-20
3156,81,Savings,75729.72,USD,Closed,2019-02-20
3776,31,Savings,6162.26,EUR,Closed,2015-11-20
2806,38,Loan,4475.9,INR,Closed,2022-03-15
3165,1,Loan,90855.42,EUR,Inactive,2022-12-16
4216,16,Checking,33845.3,GBP,Active,2022-05-15
3724,30,Checking,45811.32,JPY,Closed,2018-10-23
2394,30,Checking,71363.8,GBP,Closed,2021-08-26
880,66,Savings,88178.26,JPY,Active,2022-05-07
573,15,Business,43842.66,GBP,Closed,2018-03-21
145,98,Savings,92427.03,GBP,Active,2021-08-15
719,18,Checking,83320.99,USD,Inactive,2020-10-14
3991,79,Checking,48624.67,INR,Active,2020-03-02
3,67,Checking,30395.67,EUR,Inactive,2018-06-12
4022,24,Loan,64966.33,GBP,Active,2015-05-06
4225,44,Checking,57850.79,USD,Inactive,2021-05-18
2626,53,Checking,39352.08,EUR,Active,2024-05-21
1500,37,Business,15559.45,GBP,Closed,2024-05-03
449,55,Checking,44754.0,USD,Closed,2015-10-04
1215,64,Loan,9240.73,INR,Active,2015-05-18
2501,75,Savings,90213.03,USD,Active,2021-03-23
4415,43,Checking,66671.25,GBP,Inactive,2020-09-13
3084,13,Loan,13807.28,USD,Closed,2020-11-16
86,41,Loan,5489.13,INR,Active,2020-09-04
2944,21,Savings,5759.49,JPY,Closed,2022-09-19
4897,67,Checking,61264.06,USD,Closed,2018-04-29
3043,32,Loan,74266.78,EUR,Closed,2020-06-27
125,54,Business,72881.27,USD,Active,2022-12-19
1814,76,Business,85772.79,JPY,Inactive,2025-01-08
2740,32,Savings,64322.75,JPY,Closed,2020-05-08
4214,78,Savings,34687.66,EUR,Inactive,2015-05-14
1021,29,Savings,61380.56,USD,Closed,2021-06-12
2642,9,Business,87889.71,JPY,Closed,2023-06-10
4368,10,Checking,27101.0,JPY,Active,2022-02-01
1621,1,Business,73595.12,GBP,Inactive,2017-10-25
2080,88,Savings,50891.29,GBP,Closed,2019-02-05
2920,61,Loan,17448.15,EUR,Inactive,2018-11-30
3008,34,Loan,49668.71,INR,Active,2022-04-29
294,72,Checking,84017.89,INR,Inactive,2018-12-06
4828,74,Loan,11909.89,INR,Closed,2024-08-04
3994,13,Loan,65731.31,GBP,Closed,2021-02-18
957,88,Loan,68672.18,USD,Closed,2019-02-19
2866,58,Loan,4358.96,JPY,Inactive,2022-09-08
854,81,Savings,14861.26,EUR,Inactive,2021-01-24
457,91,Loan,72948.99,GBP,Active,2016-01-31
1766,32,Checking,53837.78,EUR,Active,2021-01-03
3182,66,Savings,62875.23,GBP,Closed,2015-06-01
4204,22,Business,53872.86,EUR,Active,2024-07-14
1296,29,Checking,18617.72,INR,Active,2021-02-26
4876,46,Loan,64812.92,EUR,Active,2016-08-07
1316,64,Checking,22619.06,JPY,Closed,2021-10-07
2092,54,Checking,25277.48,EUR,Closed,2021-01-29
2138,48,Business,65357.76,JPY,Closed,2017-12-06
1596,95,Loan,60966.67,GBP,Inactive,2022-08-18
3178,45,Business,17162.1,USD,Closed,2018-10-27
4635,72,Savings,33515.27,USD,Active,2019-01-21
4623,55,Business,15404.01,EUR,Active,2016-11-23
1720,79,Savings,42438.17,JPY,Inactive,2022-01-03
2966,92,Checking,46203.07,EUR,Closed,2015-10-24
1449,64,Loan,82401.33,INR,Active,2023-11-15
3727,39,Loan,43234.66,JPY,Closed,2019-10-05
2523,67,Loan,14621.12,INR,Closed,2019-07-04
1758,84,Savings,5103.26,JPY,Active,2017-08-15
890,70,Checking,50299.84,INR,Active,2020-06-30
2058,81,Savings,37326.53,INR,Inactive,2017-09-09
4388,37,Savings,71654.87,EUR,Inactive,2018-02-08
4336,92,Savings,26700.75,INR,Inactive,2018-04-04
2882,16,Checking,69754.04,JPY,Active,2017-03-24
668,88,Checking,76770.66,INR,Active,2018-06-23
4476,88,Savings,80499.99,EUR,Inactive,2016-12-04
2038,32,Savings,28411.96,JPY,Inactive,2022-09-09
539,9,Loan,1143.05,GBP,Active,2023-07-09
3269,8,Checking,70768.4,JPY,Closed,2020-11-01
2434,46,Business,6623.7,USD,Inactive,2024-10-08
4993,55,Loan,40876.34,GBP,Active,2016-04-09
2045,84,Loan,47723.66,GBP,Active,2017-07-27
3144,61,Business,69640.74,EUR,Inactive,2017-09-18
677,68,Checking,44834.05,GBP,Closed,2022-11-09
3950,41,Loan,95815.0,USD,Closed,2023-02-09
2345,95,Loan,65915.16,JPY,Closed,2020-08-12
4020,47,Business,16959.31,USD,Inactive,2015-06-05
2114,83,Loan,30329.54,USD,Closed,2015-07-21
1456,64,Savings,88987.51,JPY,Active,2017-12-31
2415,12,Checking,4032.76,USD,Inactive,2024-10-02
4795,29,Loan,62589.99,INR,Inactive,2023-05-01
3074,67,Checking,13653.12,USD,Closed,2020-01-18
774,90,Checking,97015.29,EUR,Inactive,2021-07-16
1551,30,Checking,25282.24,EUR,Active,2018-12-17
1696,31,Checking,66774.99,EUR,Closed,2018-04-05
4106,37,Savings,46717.66,JPY,Active,2022-09-04
2677,47,Checking,19390.25,EUR,Active,2024-04-17
3758,100,Checking,8370.14,JPY,Inactive,2017-01-30
2393,22,Savings,8612.23,INR,Inactive,2020-08-31
1218,61,Loan,96791.62,USD,Closed,2022-02-18
3938,22,Checking,72360.48,EUR,Closed,2019-09-22
4143,14,Loan,73608.89,EUR,Active,2017-11-24
3177,57,Loan,99943.65,GBP,Inactive,2022-07-05
2518,72,Business,99752.72,GBP,Closed,2024-02-13
1165,9,Loan,93028.33,USD,Inactive,2017-11-19
1702,72,Loan,62304.08,EUR,Active,2017-05-14
1294,76,Business,8680.56,EUR,Inactive,2023-06-11
4503,62,Business,69209.47,INR,Inactive,2019-03-07
2395,98,Checking,89671.55,USD,Active,2020-09-18
2957,91,Savings,75852.05,USD,Active,2016-02-17
1715,89,Loan,65166.84,INR,Closed,2024-04-14
3165,85,Savings,82060.46,EUR,Inactive,2018-03-23
1410,94,Loan,13725.7,GBP,Active,2019-06-05
2617,42,Loan,34748.82,USD,Closed,2024-12-28
3100,2,Checking,15823.29,EUR,Closed,2016-01-20
3955,83,Loan,32700.47,JPY,Closed,2019-01-15
1577,71,Loan,44364.04,INR,Active,2024-06-06
4645,24,Business,98863.37,JPY,Inactive,2015-08-07
1919,87,Savings,12073.66,JPY,Closed,2020-05-01
837,74,Savings,45169.3,USD,Inactive,2021-06-06
2050,36,Business,83750.8,INR,Closed,2018-09-11
462,35,Loan,78723.32,GBP,Inactive,2018-07-18
238,60,Loan,63667.91,EUR,Active,2023-02-28
3763,45,Savings,71877.54,GBP,Inactive,2023-04-15
678,98,Loan,4145.93,EUR,Inactive,2020-06-16
4054,19,Loan,11739.29,JPY,Active,2018-08-08
2151,84,Loan,54505.02,INR,Inactive,2018-05-21
614,35,Business,85039.12,JPY,Active,2015-11-06
3549,71,Savings,59226.48,JPY,Inactive,2024-05-25
3508,25,Business,45117.03,EUR,Closed,2020-07-14
3771,57,Savings,77372.85,JPY,Active,2022-03-18
752,6,Checking,84699.8,JPY,Inactive,2018-02-24
4513,14,Savings,61303.47,INR,Inactive,2019-03-02
4651,9,Business,51011.8,GBP,Active,2024-08-09
990,43,Loan,24707.31,EUR,Active,2016-10-24
4953,25,Checking,77220.29,INR,Inactive,2020-11-07
1510,46,Business,89150.95,USD,Closed,2024-04-12
4366,15,Checking,26053.79,USD,Inactive,2018-03-04
4548,45,Business,15564.16,USD,Active,2024-12-11
2951,39,Loan,85843.64,JPY,Active,2023-07-22
3309,23,Checking,88379.03,INR,Inactive,2019-02-24
2643,91,Business,34319.72,JPY,Closed,2018-01-14
4258,3,Checking,14751.71,GBP,Inactive,2015-06-18
1562,85,Business,40547.6,JPY,Inactive,2016-07-21
3723,91,Business,30074.97,JPY,Active,2023-07-29
1886,82,Checking,2696.67,JPY,Active,2019-12-29
2318,49,Loan,18212.46,JPY,Active,2021-07-20
844,80,Business,27434.68,INR,Active,2015-12-15
2626,4,Checking,13551.29,INR,Closed,2017-09-30
460,88,Loan,91868.15,EUR,Active,2020-06-07
3947,59,Savings,88852.66,EUR,Closed,2016-03-03
769,87,Checking,80454.12,JPY,Active,2017-04-22
4433,21,Loan,17482.25,USD,Inactive,2017-10-26
3615,20,Checking,15649.59,JPY,Inactive,2018-01-24
1617,60,Savings,33234.97,INR,Closed,2022-09-10
2143,4,Business,31571.34,EUR,Inactive,2023-01-16
3938,54,Loan,19211.53,EUR,Inactive,2023-06-20
1330,83,Business,63510.79,INR,Inactive,2022-10-23
789,25,Loan,82436.33,JPY,Inactive,2018-12-13
816,78,Business,75134.02,EUR,Closed,2020-02-12
371,22,Checking,4989.64,EUR,Closed,2015-06-05
1803,75,Loan,46586.97,USD,Active,2023-06-20
974,81,Business,83413.34,EUR,Active,2024-03-16
2389,50,Business,2450.64,GBP,Inactive,2020-08-26
903,52,Loan,19670.98,USD,Inactive,2018-11-13
4868,42,Checking,62263.69,EUR,Inactive,2021-09-23
1793,71,Loan,87830.81,EUR,Inactive,2017-01-06
4444,25,Business,10730.34,JPY,Inactive,2019-10-02
2700,70,Savings,56945.53,GBP,Closed,2019-06-07
4361,10,Checking,10669.44,JPY,Closed,2019-04-06
2212,35,Business,63628.06,EUR,Active,2022-04-10
243,57,Savings,45669.6,GBP,Active,2021-02-24
2891,45,Loan,69977.59,GBP,Inactive,2025-01-22
1911,51,Loan,22062.74,USD,Closed,2018-09-16
2250,19,Loan,8612.84,INR,Active,2017-02-25
4341,48,Checking,5224.09,INR,Active,2017-06-06
2018,37,Business,28530.15,GBP,Closed,2020-10-29
898,56,Checking,58152.09,INR,Active,2016-06-24
3943,55,Checking,3340.05,INR,Active,2021-12-29
2200,56,Business,48599.78,USD,Closed,2017-09-16
1254,51,Savings,69368.39,USD,Inactive,2016-07-29
453,46,Loan,78971.12,INR,Active,2021-08-18
4297,9,Checking,55066.35,USD,Closed,2017-11-22
4813,55,Business,52572.89,INR,Inactive,2020-12-30
3485,36,Savings,50121.36,INR,Closed,2015-08-31
4867,53,Savings,53981.94,USD,Closed,2021-09-19
4772,69,Loan,89416.66,GBP,Closed,2022-02-24
3089,48,Checking,65387.43,INR,Inactive,2022-11-10
188,28,Business,74349.3,INR,Closed,2018-07-09
2470,49,Savings,9605.46,EUR,Closed,2020-06-10
3223,15,Loan,16408.24,GBP,Active,2020-07-01
4673,56,Savings,48087.54,GBP,Active,2023-06-27
4478,57,Savings,77019.33,GBP,Inactive,2017-12-12
1788,41,Loan,33037.98,JPY,Closed,2022-11-15
4962,57,Loan,34011.65,GBP,Active,2022-07-11
38,15,Savings,35545.16,JPY,Inactive,2020-01-06
4084,56,Business,19847.85,EUR,Inactive,2018-01-15
3050,83,Business,54702.49,JPY,Active,2022-01-30
264,46,Business,2745.67,USD,Active,2018-02-05
2671,14,Business,38070.14,GBP,Inactive,2023-03-26
842,87,Loan,22032.78,GBP,Active,2021-12-25
63,62,Checking,76779.91,JPY,Active,2019-02-15
787,11,Checking,58852.39,INR,Inactive,2015-02-27
830,82,Savings,67517.73,USD,Inactive,2022-02-27
2915,69,Loan,43110.24,INR,Inactive,2021-05-06
1953,13,Business,91148.36,JPY,Active,2022-05-15
1538,70,Loan,94310.23,EUR,Closed,2022-01-02
146,9,Savings,97672.7,GBP,Active,2021-08-11
1281,5,Business,56659.98,EUR,Active,2020-08-08
1052,61,Savings,3370.8,EUR,Active,2024-11-01
895,19,Checking,71598.65,USD,Closed,2023-02-01
1963,18,Loan,65198.11,EUR,Inactive,2023-05-02
2516,35,Business,98452.49,EUR,Closed,2019-07-16
1671,96,Checking,29979.46,USD,Active,2023-03-28
1530,26,Savings,67417.16,JPY,Active,2024-02-24
335,68,Checking,97409.94,GBP,Closed,2023-08-30
375,27,Business,70168.45,JPY,Inactive,2015-03-15
971,79,Loan,5563.24,INR,Closed,2019-05-12
648,87,Loan,3047.6,USD,Closed,2015-10-17
1853,89,Business,13568.66,GBP,Inactive,2018-02-18
4943,33,Checking,50720.4,EUR,Active,2017-06-30
2775,37,Checking,62272.9,JPY,Inactive,2017-01-21
2481,98,Business,50342.12,INR,Closed,2021-09-16
3425,69,Savings,14206.88,INR,Inactive,2020-11-29
10,70,Loan,75953.39,INR,Active,2022-05-26
2929,85,Business,50640.22,JPY,Active,2023-02-17
3069,8,Savings,63297.75,INR,Active,2018-08-08
231,41,Business,15331.25,GBP,Closed,2016-03-08
485,11,Business,56649.65,INR,Inactive,2017-10-12
4982,74,Loan,61017.07,USD,Active,2024-06-14
1042,94,Loan,78686.54,USD,Inactive,2019-07-11
1694,24,Business,23436.57,INR,Inactive,2017-12-19
541,63,Business,73504.32,INR,Active,2020-08-12
13,14,Savings,44726.18,INR,Closed,2023-07-03
1491,25,Business,562.43,JPY,Active,2015-04-06
2562,100,Business,70548.67,USD,Closed,2017-04-03
3665,31,Savings,50178.06,USD,Closed,2015-10-26
965,43,Savings,54577.72,EUR,Active,2019-03-18
689,31,Loan,26117.25,EUR,Closed,2020-04-07
1206,19,Loan,70200.96,JPY,Closed,2021-02-13
4616,94,Savings,72787.32,EUR,Closed,2016-02-18
4387,85,Business,96324.6,JPY,Active,2015-12-16
4946,95,Savings,87554.23,GBP,Closed,2017-03-15
3170,7,Loan,52598.25,EUR,Inactive,2023-09-05
1838,51,Loan,75805.51,JPY,Closed,2016-09-04
2513,45,Savings,90368.06,EUR,Closed,2022-04-11
3315,35,Checking,85230.71,USD,Closed,2019-06-15
2712,98,Loan,21233.87,EUR,Closed,2017-12-05
967,86,Savings,12680.44,EUR,Active,2020-11-12
3114,86,Checking,89778.23,EUR,Inactive,2024-01-12
2815,79,Loan,23622.41,INR,Active,2022-01-13
2113,61,Checking,15150.93,EUR,Active,2023-04-09
1918,13,Checking,89410.7,USD,Inactive,2015-03-12
488,68,Business,66474.64,JPY,Active,2024-06-28
1924,78,Checking,37920.53,GBP,Active,2024-05-04
4641,12,Business,23393.11,USD,Inactive,2023-08-13
1249,56,Savings,68620.2,EUR,Closed,2018-06-26
1522,80,Loan,97938.77,USD,Closed,2021-08-13
2976,68,Checking,78160.07,JPY,Closed,2016-02-13
3354,65,Loan,16578.53,USD,Inactive,2020-09-03
2897,66,Savings,95054.73,INR,Closed,2018-04-01
456,91,Business,96849.33,JPY,Inactive,2016-07-18
4886,42,Savings,10266.53,GBP,Closed,2017-12-31
1143,68,Checking,70801.76,INR,Closed,2018-12-12
1680,44,Savings,99782.19,GBP,Inactive,2022-08-15
759,40,Business,74454.27,GBP,Closed,2020-11-04
363,9,Checking,99527.45,EUR,Closed,2025-01-11
4707,31,Business,5896.68,EUR,Active,2024-02-29
2440,85,Savings,34383.65,INR,Closed,2016-01-29
1,7,Loan,6346.63,GBP,Inactive,2023-06-14
1312,25,Business,9954.54,GBP,Inactive,2018-03-06
4312,35,Loan,32097.04,EUR,Inactive,2020-09-23
3073,39,Savings,55110.78,EUR,Active,2017-02-21
3196,23,Savings,51210.82,INR,Closed,2016-11-04
733,21,Checking,41255.15,USD,Active,2021-01-25
2840,28,Business,63332.7,EUR,Active,2018-05-23
113,65,Business,61054.39,EUR,Closed,2015-12-09
1605,23,Savings,46482.53,EUR,Inactive,2022-06-18
477,79,Checking,24825.26,GBP,Inactive,2020-05-15
526,77,Business,65253.71,GBP,Inactive,2018-05-17
1447,53,Loan,24673.31,INR,Closed,2023-06-03
687,4,Loan,46376.09,GBP,Inactive,2019-06-16
704,57,Checking,32620.7,EUR,Inactive,2022-11-17
4749,66,Business,75016.02,JPY,Closed,2018-04-08
2596,72,Loan,64145.23,INR,Inactive,2015-03-18
167,24,Savings,43963.37,USD,Inactive,2021-08-02
3447,8,Savings,22195.57,JPY,Closed,2020-07-18
839,52,Savings,7056.27,INR,Inactive,2021-08-04
718,19,Checking,23262.79,JPY,Active,2017-06-21
655,77,Loan,36577.07,JPY,Closed,2016-09-05
4220,38,Checking,87687.33,USD,Active,2015-07-12
1675,27,Checking,11134.47,USD,Inactive,2022-12-14
1289,27,Savings,5862.61,EUR,Inactive,2024-07-15
361,53,Checking,54392.98,JPY,Closed,2022-08-08
189,74,Business,61639.55,USD,Active,2015-12-28
771,47,Checking,5410.0,USD,Inactive,2016-09-25
4547,67,Checking,18503.64,GBP,Active,2017-09-15
2924,32,Savings,8175.11,JPY,Inactive,2015-08-08
1692,24,Savings,39870.34,GBP,Active,2020-08-02
3463,28,Loan,43947.55,EUR,Active,2017-03-26
2923,7,Business,27955.2,JPY,Closed,2021-07-07
3677,18,Business,50950.25,USD,Closed,2020-08-14
1325,86,Loan,70725.5,INR,Active,2022-03-11
3151,17,Loan,98636.42,GBP,Closed,2024-09-25
1463,22,Checking,30082.69,EUR,Closed,2019-02-13
447,96,Checking,32492.67,GBP,Active,2023-10-02
295,40,Checking,88507.06,GBP,Inactive,2025-01-09
1723,59,Business,67917.46,GBP,Closed,2021-10-29
3457,30,Loan,20353.99,USD,Inactive,2021-09-02
3541,71,Savings,98718.16,INR,Inactive,2017-11-01
3963,31,Savings,63810.48,JPY,Inactive,2022-02-05
2441,27,Loan,65668.45,USD,Closed,2015-12-03
4607,75,Savings,90155.44,EUR,Closed,2021-01-01
2002,98,Savings,34434.57,GBP,Inactive,2015-03-15
1276,63,Loan,98941.45,GBP,Active,2016-02-20
329,39,Savings,24403.13,GBP,Closed,2022-03-24
1524,44,Loan,14001.02,GBP,Inactive,2018-06-27
4840,65,Business,15936.73,GBP,Active,2016-12-15
236,56,Loan,28735.6,EUR,Inactive,2018-02-25
270,62,Savings,39661.71,GBP,Active,2016-03-11
389,4,Loan,47609.25,GBP,Active,2021-03-25
3568,56,Business,82079.74,INR,Active,2025-01-24
2729,72,Savings,66168.85,EUR,Closed,2016-12-20
2091,77,Checking,32528.24,INR,Inactive,2016-06-25
2949,63,Checking,28360.19,INR,Inactive,2021-03-19
2374,66,Loan,13176.45,EUR,Active,2024-01-04
3665,86,Business,72132.83,INR,Active,2020-02-27
3119,82,Savings,42848.09,GBP,Active,2018-09-25
933,15,Savings,50656.47,GBP,Inactive,2022-04-05
827,78,Savings,43963.44,INR,Active,2019-11-02
1555,100,Savings,35146.37,INR,Active,2016-12-02
2696,51,Business,51632.73,EUR,Closed,2024-05-17
2550,48,Checking,76284.74,EUR,Inactive,2015-07-30
3058,6,Checking,58165.43,GBP,Inactive,2017-03-19
3562,41,Checking,95155.15,USD,Active,2024-09-08
142,94,Savings,41304.66,INR,Closed,2020-04-13
4452,34,Business,93760.16,JPY,Closed,2023-09-17
4436,10,Business,99645.67,JPY,Inactive,2021-07-20
3327,35,Checking,16303.09,JPY,Inactive,2023-08-20
4301,29,Savings,38413.72,INR,Inactive,2017-01-24
1937,92,Savings,88665.66,USD,Closed,2015-10-05
4452,55,Loan,89749.59,USD,Active,2016-03-29
711,95,Checking,60766.1,USD,Closed,2022-09-10
3249,75,Savings,83366.67,EUR,Closed,2021-12-25
3443,78,Business,10808.25,GBP,Closed,2020-03-25
1303,9,Business,61378.95,EUR,Closed,2019-07-05
284,28,Business,62832.37,EUR,Inactive,2019-06-29
2168,91,Loan,51245.39,INR,Active,2018-08-13
934,67,Loan,57274.07,USD,Closed,2020-06-19
1451,99,Business,58142.37,GBP,Active,2023-02-28
3662,88,Loan,35664.72,INR,Active,2016-04-05
1617,99,Checking,18312.07,EUR,Inactive,2020-03-31
2248,30,Loan,49488.21,EUR,Inactive,2022-05-07
1473,18,Business,51530.32,EUR,Closed,2015-07-25
2721,57,Loan,122.92,GBP,Closed,2015-05-27
802,10,Business,17563.04,USD,Closed,2019-01-19
1161,43,Savings,41475.11,JPY,Inactive,2016-10-15
3991,74,Checking,88027.72,INR,Inactive,2016-12-30
4170,98,Checking,71135.46,JPY,Inactive,2024-12-28
1480,16,Business,57666.32,JPY,Closed,2024-03-23
3698,59,Savings,44779.9,JPY,Inactive,2015-05-21
1482,60,Checking,58030.61,EUR,Inactive,2015-05-13
2031,47,Loan,12333.66,EUR,Closed,2022-01-13
1014,55,Loan,21211.68,INR,Closed,2025-02-13
1099,47,Savings,72216.96,EUR,Inactive,2022-01-08
3154,8,Savings,88633.78,JPY,Inactive,2024-02-15
1480,35,Business,95737.43,INR,Active,2018-01-19
1639,40,Savings,18609.3,JPY,Closed,2018-02-23
3932,41,Savings,80802.96,INR,Inactive,2017-09-22
2451,96,Savings,33033.18,USD,Active,2024-06-15
826,20,Business,45303.98,INR,Closed,2025-02-17
2746,64,Checking,3815.48,JPY,Closed,2021-08-05
466,35,Business,28493.64,GBP,Inactive,2019-06-17
4773,9,Savings,89502.48,USD,Closed,2024-11-06
2262,26,Loan,78126.22,GBP,Inactive,2016-03-19
1852,11,Loan,20171.13,JPY,Inactive,2020-05-26
2321,69,Savings,39160.98,INR,Active,2022-01-13
779,21,Loan,82222.88,EUR,Closed,2023-09-20
2087,60,Loan,47553.32,JPY,Inactive,2019-04-10
3662,16,Checking,72816.04,EUR,Inactive,2021-05-28
3865,48,Loan,83473.4,JPY,Inactive,2023-07-05
4064,33,Loan,19530.17,USD,Closed,2023-01-30
2343,82,Loan,85638.84,INR,Active,2016-02-26
450,7,Savings,97727.0,INR,Closed,2019-12-15
1060,16,Business,31412.41,USD,Active,2017-06-16
756,98,Business,25256.78,JPY,Active,2018-10-14
1821,39,Savings,11901.86,USD,Closed,2019-10-21
4058,70,Loan,9740.86,EUR,Active,2017-07-20
4233,29,Savings,18347.73,EUR,Inactive,2018-09-30
677,46,Checking,9659.86,GBP,Closed,2021-04-11
3998,15,Loan,63303.01,GBP,Inactive,2017-06-21
1956,41,Savings,52024.68,JPY,Inactive,2020-02-26
3151,84,Loan,40801.03,JPY,Inactive,2023-08-22
1963,99,Business,84292.75,USD,Closed,2022-05-12
3772,39,Loan,92912.46,EUR,Closed,2023-09-16
603,86,Loan,76612.95,JPY,Inactive,2020-10-24
565,2,Loan,41461.85,INR,Inactive,2017-12-07
1001,9,Loan,33936.85,INR,Inactive,2018-03-21
54,28,Business,32825.48,EUR,Closed,2024-05-15
2190,17,Business,38612.16,GBP,Active,2019-08-10
900,25,Business,76013.0,USD,Closed,2023-02-04
2658,73,Loan,27166.49,EUR,Active,2015-11-27
4822,27,Checking,41607.82,GBP,Inactive,2019-07-10
3237,53,Business,28591.6,JPY,Active,2024-02-25
4598,99,Savings,35584.21,USD,Inactive,2023-06-08
3349,60,Checking,43284.41,INR,Inactive,2023-11-19
4811,82,Savings,17596.3,INR,Active,2016-04-23
1849,89,Checking,47395.93,EUR,Inactive,2018-05-11
4425,93,Savings,30828.61,JPY,Closed,2019-07-30
4581,15,Savings,1406.41,EUR,Closed,2019-03-02
3834,32,Checking,92629.04,GBP,Closed,2024-01-25
2026,9,Business,82607.55,JPY,Closed,2018-06-25
812,59,Checking,32654.84,EUR,Active,2020-09-02
690,70,Business,45654.62,GBP,Active,2019-05-16
1334,48,Savings,56051.11,EUR,Active,2019-07-04
4380,56,Savings,82815.88,GBP,Active,2017-12-18
4117,84,Savings,22741.45,JPY,Inactive,2017-12-01
47,48,Loan,63581.62,INR,Active,2018-10-21
233,16,Checking,811.74,USD,Active,2015-05-17
3009,13,Business,79742.61,USD,Active,2019-06-18
19,47,Savings,16869.42,GBP,Closed,2023-09-15
1599,88,Savings,64531.28,JPY,Active,2018-11-07
1604,76,Business,98476.84,EUR,Closed,2019-05-21
1981,95,Loan,41580.23,EUR,Inactive,2022-01-22
3765,77,Loan,67028.09,JPY,Inactive,2021-01-09
4368,75,Business,38155.94,USD,Inactive,2021-06-29
589,70,Savings,55104.91,USD,Closed,2017-05-20
3322,43,Checking,57141.02,GBP,Closed,2015-06-05
609,73,Business,54422.73,EUR,Closed,2023-11-29
836,56,Checking,58441.41,JPY,Active,2023-04-13
290,72,Business,57067.05,INR,Inactive,2016-07-13
2025,39,Business,21998.72,JPY,Active,2024-10-28
736,74,Business,12988.55,JPY,Closed,2016-03-27
2169,70,Checking,37631.44,INR,Active,2023-03-10
607,27,Checking,59560.69,USD,Inactive,2016-02-28
4914,44,Loan,78260.18,EUR,Closed,2021-01-31
2986,93,Savings,83586.52,JPY,Inactive,2017-10-17
2592,62,Business,79454.08,JPY,Closed,2024-01-24
1288,84,Loan,77083.34,EUR,Inactive,2015-08-27
2796,42,Business,18144.28,EUR,Closed,2017-07-09
3356,29,Business,311.29,JPY,Inactive,2019-01-21
629,70,Savings,66961.84,INR,Inactive,2016-08-05
987,79,Checking,40959.8,GBP,Active,2015-07-05
4322,40,Business,49446.17,GBP,Inactive,2024-02-24
262,77,Business,1395.09,USD,Active,2020-09-10
1814,28,Business,41168.82,GBP,Active,2020-04-23
4817,66,Checking,49957.82,GBP,Active,2019-05-01
987,91,Checking,68215.15,INR,Active,2020-09-18
1518,70,Loan,98807.45,EUR,Closed,2021-01-14
4522,80,Loan,40846.4,USD,Closed,2022-01-21
3271,67,Checking,82672.89,GBP,Closed,2022-12-28
2601,39,Loan,50204.36,EUR,Closed,2022-04-25
3077,55,Business,79034.81,GBP,Inactive,2015-06-10
1524,29,Loan,4872.77,GBP,Closed,2024-12-13
4420,46,Business,58451.3,USD,Inactive,2017-08-26
750,82,Business,71535.93,JPY,Active,2020-03-17
1863,92,Savings,80115.07,EUR,Inactive,2018-01-23
543,62,Checking,44951.01,INR,Active,2024-12-01
3965,83,Business,94999.29,USD,Active,2016-11-19
4823,73,Checking,17829.31,USD,Closed,2019-11-02
3013,28,Loan,96095.6,EUR,Active,2017-12-18
257,96,Checking,39542.38,GBP,Inactive,2020-01-10
3282,25,Checking,24722.69,INR,Active,2024-11-15
240,30,Loan,29745.85,INR,Inactive,2019-11-24
1861,26,Business,28498.03,EUR,Closed,2020-10-22
801,20,Savings,32265.3,EUR,Closed,2019-02-20
139,4,Business,95128.17,EUR,Inactive,2021-11-21
1439,53,Savings,50733.62,JPY,Active,2015-03-15
293,79,Checking,81588.45,INR,Inactive,2025-01-25
2285,83,Savings,87926.47,GBP,Closed,2016-11-11
4985,12,Savings,15665.68,JPY,Active,2016-12-13
4046,88,Business,35836.01,EUR,Active,2023-11-18
961,22,Business,90168.72,GBP,Closed,2015-03-04
3608,95,Loan,10905.34,USD,Active,2018-09-25
2857,100,Checking,14467.52,INR,Active,2021-08-04
3040,49,Business,28573.81,EUR,Active,2021-03-15
1905,81,Savings,67999.35,USD,Closed,2023-01-12
3182,81,Savings,30618.37,GBP,Active,2020-04-23
4053,53,Checking,71381.33,INR,Active,2017-07-03
2216,57,Business,30735.91,INR,Inactive,2023-08-24
1348,77,Checking,95234.5,INR,Closed,2015-12-27
4497,88,Business,45079.64,INR,Inactive,2021-03-20
533,17,Checking,69190.27,GBP,Closed,2017-04-06
1438,50,Business,54741.22,EUR,Active,2017-03-13
2197,82,Checking,34897.84,GBP,Inactive,2021-12-19
2952,81,Business,4338.11,INR,Inactive,2021-07-31
4599,94,Savings,75726.54,GBP,Active,2015-05-21
1767,73,Loan,5907.2,JPY,Inactive,2015-05-31
1663,30,Business,22946.6,INR,Inactive,2020-08-28
2637,48,Savings,7256.41,EUR,Inactive,2020-09-22
2025,5,Loan,81623.95,USD,Active,2021-07-21
4157,43,Checking,83054.37,GBP,Inactive,2024-09-08
1326,57,Business,19257.85,JPY,Active,2023-07-15
3656,3,Loan,57421.95,EUR,Inactive,2016-02-24
2474,4,Loan,86523.29,EUR,Closed,2024-06-11
4261,31,Business,41140.75,GBP,Active,2020-09-30
188,74,Checking,43560.27,INR,Closed,2016-10-06
4877,91,Savings,9841.11,EUR,Inactive,2019-10-24
4990,38,Loan,24479.55,GBP,Closed,2023-05-31
2079,72,Checking,76826.4,EUR,Active,2015-07-14
3139,2,Business,60261.12,USD,Closed,2020-08-04
4901,94,Business,46180.59,GBP,Closed,2019-03-29
3608,88,Savings,55104.52,JPY,Active,2017-01-26
100,12,Checking,9255.69,JPY,Closed,2021-02-26
4519,40,Savings,84546.77,EUR,Active,2022-08-27
1912,38,Loan,55130.92,GBP,Closed,2019-10-08
3490,64,Checking,75159.3,JPY,Active,2019-01-25
4238,97,Checking,11057.13,JPY,Closed,2021-03-02
4327,91,Business,14327.46,GBP,Inactive,2019-06-20
1352,40,Checking,13614.45,JPY,Closed,2020-11-19
3592,35,Business,6601.12,GBP,Inactive,2021-02-04
169,79,Checking,54009.59,GBP,Active,2016-07-14
4093,13,Checking,1241.71,EUR,Inactive,2019-06-09
2104,5,Checking,92593.8,USD,Inactive,2024-08-12
822,77,Business,10578.52,EUR,Inactive,2019-06-18
1599,30,Loan,26754.1,USD,Inactive,2023-07-29
488,99,Checking,3347.26,JPY,Active,2024-04-01
2765,50,Loan,84865.57,USD,Closed,2018-05-02
1253,92,Loan,5538.41,USD,Active,2017-03-28
2788,44,Checking,78268.91,INR,Inactive,2018-07-25
2102,42,Business,58714.2,GBP,Closed,2018-06-16
1748,55,Business,11609.28,EUR,Closed,2017-07-26
2921,33,Loan,10217.86,INR,Active,2015-12-25
3725,23,Checking,61338.29,EUR,Inactive,2015-06-14
4973,65,Checking,1672.62,USD,Closed,2021-03-14
3449,42,Savings,75870.45,JPY,Inactive,2018-12-17
3094,69,Loan,55363.58,GBP,Inactive,2018-04-15
1422,84,Savings,43041.49,JPY,Active,2020-10-09
4518,6,Loan,54650.68,GBP,Active,2018-05-11
4966,58,Checking,93221.78,GBP,Closed,2024-03-27
372,77,Savings,12686.01,INR,Closed,2019-03-17
4628,5,Savings,33865.27,GBP,Closed,2015-03-16
385,7,Checking,41390.11,USD,Active,2017-09-05
2109,44,Checking,26910.12,USD,Active,2017-01-07
612,85,Business,95764.76,USD,Active,2024-12-08
2892,4,Checking,47332.02,EUR,Active,2021-10-26
3181,47,Savings,19584.26,GBP,Inactive,2015-07-16
3992,91,Business,13667.42,JPY,Inactive,2024-04-04
4396,78,Savings,43017.77,EUR,Inactive,2019-06-21
4815,16,Business,53570.25,JPY,Closed,2016-06-18
3680,65,Savings,81975.18,INR,Closed,2023-08-10
2962,22,Loan,56208.85,JPY,Inactive,2018-03-29
1257,8,Loan,49141.23,INR,Inactive,2024-02-08
