Branch_ID,Branch_Name,Address,City,State,Country,Manager_ID,Contact_Number
1,Branch 1,"633 Edward Manor, Port Anthonyshire, CT 20571",Lindsayborough,North Dakota,Mayotte,183,001-241-215-4119x324
2,Branch 2,"Unit 4715 Box 9848, DPO AP 65858",Whiteborough,Wyoming,Northern Mariana Islands,63,571.596.2765x60935
3,Branch 3,"857 Soto Meadow, Hannahmouth, MD 46929",Chapmanside,Illinois,Nigeria,236,001-582-913-6161
4,Branch 4,"36910 Jones Fort Apt. 352, Colemanstad, AK 09408",Lake Biancaton,New York,Martinique,117,001-980-797-7117x2563
5,Branch 5,"PSC 2599, Box 3041, APO AP 31532",North Eugeneview,Washington,Germany,86,001-326-762-2607
6,Branch 6,"012 Chavez Rue, Pennyborough, HI 46023",Lake Tammybury,New Hampshire,Kiribati,114,001-663-729-3919x1440
7,Branch 7,"8968 Scott Stream, Malonemouth, CO 15914",North Christopherland,Wyoming,Malawi,202,001-484-532-7165x619
8,Branch 8,"7241 Snyder Port, Loganside, RI 84746",North Linda,California,Guatemala,36,799-315-8956
9,Branch 9,"328 Carolyn Falls, Robinsonport, TX 23771",Michelleside,Alabama,Namibia,244,292.293.5161
10,Branch 10,"7558 Alexa Orchard Suite 858, East Rebecca, OK 27114",Amybury,South Dakota,Cayman Islands,70,+1-948-907-3077x0118
11,Branch 11,"3378 Bradley Coves, Lake Leslie, WY 42925",Herreraberg,Iowa,Israel,298,192-463-8016
12,Branch 12,"20989 Newton Stream Apt. 713, South Kayla, NM 93612",Henrymouth,Tennessee,South Africa,209,001-909-415-1494x390
13,Branch 13,"4947 Jennifer Pines, Maryberg, WA 47094",Robinsonview,Oregon,Cocos (Keeling) Islands,283,125-102-4622x538
14,Branch 14,"5614 April Prairie, New Dwayneburgh, DE 78383",Richardshire,Mississippi,Ecuador,177,2387913267
15,Branch 15,"182 Dustin Hollow, Lake Melindastad, SD 99381",West Julia,Nebraska,Ecuador,249,(088)080-8483
16,Branch 16,"088 Gibson Terrace, Trujilloview, NY 85475",Nathanhaven,Maryland,Pitcairn Islands,257,534-539-4676x9386
17,Branch 17,"331 Jenna Shores Apt. 748, Port Trevormouth, RI 02187",South Rogermouth,Arkansas,Malta,40,001-370-911-0206x914
18,Branch 18,"0111 Brian Land, Haleyville, IA 08745",Lake Christopher,North Carolina,Northern Mariana Islands,154,5357658050
19,Branch 19,"681 Alicia Field Apt. 369, Garrettview, WA 19541",Davidtown,Illinois,Libyan Arab Jamahiriya,208,(712)091-3226
20,Branch 20,"53644 Lyons Divide Apt. 406, Angelaton, CO 33333",New Staceyside,Indiana,Estonia,157,141-849-5288
21,Branch 21,"811 Isaiah Tunnel, Charlesmouth, NY 41209",West Jonathanbury,Massachusetts,Taiwan,97,001-416-896-0777
22,Branch 22,"09065 Dakota Fall Suite 328, Nicoleshire, IN 66278",Jessicamouth,Iowa,Christmas Island,55,001-326-321-4133
23,Branch 23,"68893 Jamie Dam Suite 990, Jameshaven, IA 14517",Pierceville,Idaho,Sri Lanka,220,433.183.5434
24,Branch 24,"394 Casey Alley Suite 089, Port Claudiachester, MS 40225",Jennifertown,Oregon,Saint Pierre and Miquelon,45,302.123.5450
25,Branch 25,"4361 David Prairie, New Jodi, MT 77116",Matthewhaven,Tennessee,Brunei Darussalam,284,(858)532-6017x21934
26,Branch 26,"9631 Rogers Mountains, Adamschester, NM 03374",Bartonfurt,Nevada,Mauritius,23,472-810-4274x80022
27,Branch 27,"1408 Sarah Creek, Wardborough, HI 94056",Lake Nicholasshire,West Virginia,Comoros,226,664-044-4061
28,Branch 28,"4083 Miller Village, Perrymouth, TX 77892",East Matthewview,Michigan,Lithuania,225,+1-585-849-2402x51111
29,Branch 29,"398 Strickland Well, Lake Michaelhaven, IA 83618",Staceystad,Pennsylvania,Portugal,87,666.430.7145x920
30,Branch 30,"43736 Bell Shoals, Shaunbury, ME 88560",Alexandraton,Pennsylvania,Saint Martin,245,099.197.2770
31,Branch 31,"5539 Ford Garden Suite 083, East Lance, WV 96103",West Nathan,Vermont,Zambia,252,203-898-1422
32,Branch 32,"7731 Davis Plain Apt. 356, North Lindsey, TN 34837",Millerchester,Arizona,Antarctica (the territory South of 60 deg S),54,4931650323
33,Branch 33,"92783 Tiffany Fords Apt. 354, South Margaretberg, CT 03702",South Douglas,Arkansas,Germany,68,(713)106-2691x696
34,Branch 34,"8877 Erickson Plains, Johnsonmouth, AL 17968",Boyerchester,Massachusetts,Turkey,258,(365)464-1455x9510
35,Branch 35,"150 Clark Run, South Tammyburgh, NJ 23942",Jacobstad,South Carolina,United Arab Emirates,68,+1-610-977-7114x81010
36,Branch 36,"0077 Shaw Crest, Youngport, AK 29591",South Nathanielshire,Ohio,Bahrain,132,+1-838-901-8103
37,Branch 37,"USS Leblanc, FPO AA 16749",Port Melissaville,Massachusetts,Bahamas,140,(415)770-8008x18621
38,Branch 38,"23240 Denise Stream, South David, MD 88623",North Patrickport,Maryland,Afghanistan,26,+1-300-126-3084x992
39,Branch 39,"4753 Wolfe Park, Lake Lisa, RI 08527",Port Elizabethfurt,Oregon,Saint Helena,256,(808)927-2294
40,Branch 40,"032 Martin Union Suite 945, Port Michaelburgh, MT 25461",Campbellside,Arkansas,Kenya,171,368-380-8128
41,Branch 41,"40596 Tracy Drives, Michaelton, NC 65064",North Courtney,Kansas,Mauritania,291,+1-953-436-6263x82320
42,Branch 42,"92960 Barnes Pines Apt. 180, South Michael, KS 50291",Port Edwinfort,Oregon,Turks and Caicos Islands,199,373.171.6895x74894
43,Branch 43,"7800 Robert Crescent Apt. 932, North Alexaville, ND 89401",Blakeview,Montana,Ireland,273,001-951-731-1266
44,Branch 44,"643 Natasha Union, Smithfort, NJ 66304",Alvaradoland,Hawaii,Tonga,127,013-498-7909x5868
45,Branch 45,"74322 Julie Unions, Warnerland, VT 11639",West Tamara,Alaska,Anguilla,215,927-062-8501
46,Branch 46,"48212 Baird Trail, South Kimberlyshire, PA 82016",Mooreborough,Arizona,Tokelau,84,875-164-9393x074
47,Branch 47,"USS Rivera, FPO AP 19268",New Jonathan,California,Angola,16,+1-888-360-5197
48,Branch 48,"04603 Chelsea Via Suite 121, Monroemouth, MN 46739",Aguilarbury,Mississippi,Kenya,214,7694527034
49,Branch 49,"616 Garcia Flats Apt. 745, Rodriguezhaven, RI 12836",South Crystal,New Jersey,Trinidad and Tobago,50,001-171-561-3982x97742
50,Branch 50,"3360 Jones Springs, Sheilafurt, GA 43431",Michelleville,Wisconsin,Tokelau,201,(237)962-9650x575
51,Branch 51,"64235 Rose Ford, South Mark, MI 78226",Lake Tricia,New Mexico,Malaysia,53,001-375-881-7570
52,Branch 52,"61410 Karen Well, Gutierrezland, VT 69805",North Jesus,West Virginia,Uzbekistan,55,736.487.5140
53,Branch 53,"3908 Price Place, Patelland, OK 59058",East Toddfort,Georgia,Bermuda,210,001-623-636-0124x67478
54,Branch 54,"385 Stacy Unions, Lake Judyland, HI 14340",South Jessica,Michigan,Azerbaijan,134,445-995-5194x9858
55,Branch 55,"990 David Loop, Kingfurt, AK 66647",Palmershire,Missouri,Tajikistan,41,(878)665-8759
56,Branch 56,"0107 Evan Wall, Hallville, SD 66909",Williamsland,South Dakota,Canada,49,001-007-747-1848x0287
57,Branch 57,"2920 Thompson Shoal, Thomasside, ID 71788",Penaside,Wyoming,Saint Kitts and Nevis,1,001-060-254-0214x0661
58,Branch 58,"22546 Jason Light Suite 028, New Cathyport, PA 46764",Hooperland,Arizona,Saint Pierre and Miquelon,265,001-906-209-2505x4136
59,Branch 59,"105 Smith Road, Lake Matthew, MA 60344",North Joseville,Connecticut,Tunisia,104,455.910.7151x155
60,Branch 60,"9898 Christopher Rest Suite 079, East Kevin, IN 95837",West Ryan,Virginia,Ecuador,203,+1-296-054-3214x50146
61,Branch 61,"PSC 5125, Box 1072, APO AA 60186",Reidhaven,North Carolina,Czech Republic,300,+1-965-469-5980x30617
62,Branch 62,"325 Oliver Motorway, Danielton, NH 91690",South Heather,Nebraska,Heard Island and McDonald Islands,140,4099963615
63,Branch 63,"PSC 3744, Box 1289, APO AP 65430",Eddieville,Tennessee,Netherlands,193,+1-005-071-7896x4219
64,Branch 64,"739 Adam Stream Suite 014, West Dwaynemouth, OH 02481",East Heidibury,Alabama,Marshall Islands,278,001-616-550-2231x6349
65,Branch 65,"72367 Kathryn Drive, Catherineburgh, MS 63105",East Markview,Wyoming,San Marino,118,222.483.4043x20138
66,Branch 66,"12784 Allison Parkway, West Loriview, MI 31182",New Derrick,Tennessee,Bhutan,284,(724)683-1989x8488
67,Branch 67,"3936 Hicks Field Apt. 111, New Markmouth, GA 87463",West Katherine,Minnesota,Vietnam,42,001-484-601-0601x734
68,Branch 68,"8281 Ross Fort, Dorseybury, ND 97968",Carlyton,Arkansas,Svalbard & Jan Mayen Islands,300,(941)147-6459
69,Branch 69,"33350 Michael Cape, Loweview, RI 04053",Rodriguezfurt,Louisiana,Solomon Islands,229,618.960.9183x6889
70,Branch 70,"117 Benjamin Field, Lake Cynthiamouth, KY 86415",North Daniel,Michigan,South Georgia and the South Sandwich Islands,293,(632)978-2618
71,Branch 71,"06648 Beasley Mission Suite 133, West Vincent, SC 71637",Lake Cherylchester,Arizona,American Samoa,297,456.450.1323
72,Branch 72,"2226 Kristy Ridges, East Nataliemouth, MS 66912",Lake Alisonchester,New Jersey,Lao People's Democratic Republic,126,(250)151-8424x046
73,Branch 73,"6257 Jeremy Mews Suite 097, East Jesse, MA 73873",North Teresabury,California,Guernsey,139,155.991.9869
74,Branch 74,"86775 Crane Glens Apt. 299, Melissafurt, MS 51191",Williamschester,Mississippi,Netherlands,213,+1-452-459-7272x8589
75,Branch 75,"143 Oscar Highway, Thompsonhaven, AL 73761",Lake Carol,South Dakota,Martinique,98,110-550-8416x10252
76,Branch 76,"316 Moore Pine, Hunterchester, WI 87685",South Staceytown,Louisiana,Belarus,244,001-516-716-6936
77,Branch 77,"125 Megan Cove, Lake Mitchell, TN 15452",Susanfort,South Dakota,Norfolk Island,243,(996)758-1182
78,Branch 78,"9154 Amy Shoals, Matthewsland, TN 62304",Floresberg,Utah,Niue,289,1155391508
79,Branch 79,"069 Conner Summit, Johnsonburgh, WA 29408",Port Calebfurt,Wisconsin,Albania,139,605.308.1388
80,Branch 80,"1865 Nancy Haven, New Daniel, NC 83337",Pierceport,Rhode Island,Algeria,186,8130040373
81,Branch 81,"786 Hudson Harbor Suite 878, Hollyville, UT 96906",South Danaport,Texas,Oman,112,309.356.6110x25675
82,Branch 82,"91644 Denise Rapid Suite 271, Morriston, SD 26963",Hernandezborough,Rhode Island,Saint Helena,95,+1-317-294-4230
83,Branch 83,"4027 Rodriguez Views Suite 523, New Kevinside, ME 71821",Port Tyler,New Mexico,Grenada,174,423-299-8428
84,Branch 84,"6441 Massey Field Suite 668, West Maurice, ME 37316",Hillborough,New York,Lao People's Democratic Republic,40,001-109-698-2282x796
85,Branch 85,"880 Parker Coves, East Derek, AR 90517",Johnmouth,Massachusetts,Tunisia,114,(119)238-7543
86,Branch 86,"84953 Mcguire Plain, Smithland, ME 34401",Thompsonbury,South Carolina,Mauritius,157,756-876-8925
87,Branch 87,"3550 Cynthia Grove, Foleyshire, OR 08964",West Mitchellmouth,North Dakota,Singapore,151,692-179-4639x182
88,Branch 88,"6704 Perry Trail Suite 688, North Amy, AK 19335",Scottburgh,Indiana,Faroe Islands,75,(249)853-1125
89,Branch 89,"1335 Stevens Junction, North Joseph, MO 87307",Bradleyborough,Virginia,American Samoa,202,(509)308-3071x7009
90,Branch 90,"439 Benjamin Stravenue Suite 436, Port Ericchester, WY 32593",Port Frankhaven,South Carolina,Portugal,120,5998786204
91,Branch 91,"13768 Guzman Turnpike Apt. 409, Port Christianstad, RI 06080",East Rachel,Iowa,Czech Republic,271,948-147-9201x213
92,Branch 92,"1990 Sanders Brook, Port James, DC 35940",New Gabrielport,Maine,Yemen,17,001-494-659-1997x15456
93,Branch 93,"77646 Heather Way Apt. 631, Lake Connieland, NM 02929",Ericville,Virginia,Guam,154,001-037-254-9484x4335
94,Branch 94,"48128 Lori Cape Apt. 022, West Kimberly, NV 36544",West Michaelchester,Louisiana,Marshall Islands,229,(506)376-7407x982
95,Branch 95,"37834 Jessica Parkways Apt. 398, New William, MA 88643",Ronaldton,Vermont,Jordan,279,(895)003-0189
96,Branch 96,"11279 Burns Drives, West Deniseland, NE 29760",Adamton,Kentucky,Gibraltar,18,545-367-9125x3899
97,Branch 97,"4298 Holmes Street Apt. 294, North Beth, LA 14110",Lewisborough,Florida,Papua New Guinea,74,+1-535-780-6707x2307
98,Branch 98,"PSC 7604, Box 9044, APO AE 59580",South Bradley,West Virginia,Rwanda,271,+1-862-068-4593x733
99,Branch 99,"319 Moon Pike Apt. 828, East Sharon, RI 20716",North Christopherville,Oregon,Canada,198,(600)051-4844x986
100,Branch 100,"USS Henson, FPO AE 01486",South Karenfurt,Oregon,Georgia,92,(755)282-5484
101,Branch 101,"59798 Cannon Field, Morganburgh, FL 90603",New Danielhaven,Pennsylvania,Mauritania,103,+1-967-974-0265x5907
102,Branch 102,"PSC 0407, Box 6981, APO AP 70341",New Anthony,Washington,Trinidad and Tobago,175,141.860.2237
103,Branch 103,"85625 Bauer Drives, North Stephen, MN 55004",Murphyhaven,South Carolina,Saint Barthelemy,238,214.147.9621
104,Branch 104,"62402 Farmer Parkways, Harmonmouth, WY 11054",Carlaview,New Mexico,Swaziland,165,+1-497-054-5132
105,Branch 105,"4762 Jimenez Garden, Jamestown, HI 18219",Port Brianborough,Oklahoma,Colombia,87,615.607.1325x27504
106,Branch 106,"6885 Howe Lane Apt. 245, Lake Markstad, ID 80953",Courtneystad,Washington,French Guiana,19,2815801367
107,Branch 107,"99367 Moyer Pine Suite 244, East Haydenfurt, CT 49989",Gonzalesfort,Delaware,Italy,82,(409)431-2754
108,Branch 108,"30800 Nelson Mission Apt. 430, South Brian, MT 03429",West Mikayla,Nevada,Liberia,244,001-652-567-0337x932
109,Branch 109,"6388 Bradley Shoal, North Maria, AK 63617",New Matthewtown,Wyoming,Micronesia,202,628.977.3013
110,Branch 110,"293 Tami Crossing, West Morgan, PA 31803",Michaelshire,Florida,France,254,(881)505-2890x41355
111,Branch 111,"485 William Cape Suite 274, Pagemouth, KY 09167",Elizabethhaven,Missouri,Bouvet Island (Bouvetoya),215,+1-060-475-0820x1582
112,Branch 112,"111 Daniel Crossing Apt. 442, Oconnellfurt, SD 14837",Port Melissamouth,New Hampshire,Christmas Island,29,372.515.8900x41516
113,Branch 113,"604 Nancy Mission Apt. 829, Lynchfurt, NJ 60650",West Jason,West Virginia,Brazil,296,809.632.2493x97859
114,Branch 114,"046 Melanie Landing Suite 180, Wolfeburgh, VT 77818",Weberhaven,Tennessee,Burkina Faso,150,001-782-897-5162x81234
115,Branch 115,"4827 Joshua Spurs, Perezhaven, OH 51076",West Josephville,New Jersey,Slovakia (Slovak Republic),88,001-394-328-3472x65154
116,Branch 116,"Unit 4140 Box 9063, DPO AP 21216",Lake Amy,Vermont,Armenia,74,275-573-5405
117,Branch 117,"6866 Barajas Ports, West Matthewview, TN 70137",Kristyfort,Mississippi,Guinea,111,+1-694-387-2765
118,Branch 118,"507 Richard Road, Danielhaven, WI 20595",Melaniefort,New Hampshire,Malaysia,40,446-624-3452x2388
119,Branch 119,"244 Kelley Plaza Apt. 453, Port Allen, IN 19956",Rosaleschester,North Dakota,French Guiana,223,001-463-674-1821x19947
120,Branch 120,"728 Miller Crescent Apt. 777, Williamsside, VA 02224",South Stefanie,Pennsylvania,Malta,264,(712)073-0265x61235
121,Branch 121,"435 Anderson Ferry Suite 664, West Scottport, IL 83072",Mirandafurt,Oklahoma,Estonia,149,824-010-5490x0838
122,Branch 122,"Unit 2685 Box 9930, DPO AE 59395",Quinnville,Virginia,French Guiana,212,001-848-519-8641x33238
123,Branch 123,"903 Heidi Summit Suite 132, New Sherri, MO 28105",Lauramouth,Minnesota,French Polynesia,263,(015)220-5308x3467
124,Branch 124,"76608 Tran Vista, New Kimberlyfort, VT 31438",Tuckerburgh,Montana,Martinique,263,(692)882-9312x8713
125,Branch 125,"PSC 7527, Box 6952, APO AA 11204",Michaelview,Virginia,Syrian Arab Republic,105,648-334-5508
126,Branch 126,"664 Rachael Common, Ortizport, MD 77403",Marshalltown,Nebraska,Sri Lanka,255,001-891-010-5661
127,Branch 127,"97471 King Estate, West Christian, ME 20041",Bowersshire,New Jersey,Jordan,286,391.891.2379
128,Branch 128,"USS Harper, FPO AP 06209",Nicolemouth,New Jersey,Wallis and Futuna,108,(822)878-7516x69451
129,Branch 129,"78265 Brown Crescent Apt. 720, Port Mariochester, TX 79652",East Nicole,Kentucky,Slovakia (Slovak Republic),28,290-028-6921x0260
130,Branch 130,"60778 Tom Ports, New Brittanybury, DE 57961",Timothyberg,Maryland,Australia,170,+1-407-240-5529x996
131,Branch 131,"90836 Long Crossing, West Phillip, VA 32792",Stevensland,Arkansas,Solomon Islands,262,250.479.8610
132,Branch 132,"5992 Snow Shoal, Spencerburgh, HI 16221",Victoriachester,Wyoming,Netherlands,36,(361)772-9210
133,Branch 133,"91639 Donovan Lane Suite 000, Port Brettfort, MT 65101",Sanchezberg,Hawaii,Chad,190,001-160-452-6866x071
134,Branch 134,"0759 Key Shores, Courtneymouth, NM 51547",Leeport,Virginia,Cameroon,56,435-961-0967x0785
135,Branch 135,"0600 Choi Street, New Rodneyhaven, UT 25710",Lake Danaport,Rhode Island,Serbia,282,803-468-2796x246
136,Branch 136,"840 Bowers Forge, South Michellebury, NJ 45272",Kristiborough,Alaska,Saudi Arabia,24,(924)535-5511x618
137,Branch 137,"17711 Hunt Camp Suite 022, Lewisport, ID 28862",Elizabethstad,Montana,Congo,275,007.934.1957x5329
138,Branch 138,"00873 Dixon Mills Suite 719, North Ashleefurt, IA 37748",West Davidstad,Hawaii,Algeria,38,218-436-9404x01925
139,Branch 139,"40935 Bruce Shore Suite 802, Port Christine, DE 61046",Port Johnny,Minnesota,Romania,229,001-162-119-8715x357
140,Branch 140,"867 Amanda Forest Suite 714, Turnerside, NJ 97653",New Tanyaside,Louisiana,Syrian Arab Republic,282,+1-718-703-3211
141,Branch 141,"15372 James Island, South Jenniferton, VT 10943",Englishborough,Mississippi,Wallis and Futuna,223,537.458.0724
142,Branch 142,"2271 Lawrence View, Allenton, NH 43860",Port Manuel,Vermont,Kuwait,237,(760)984-1456
143,Branch 143,"3582 Christopher Crossroad Suite 533, Kellerbury, SD 28316",East Jenny,Alabama,Lithuania,91,(064)679-4844x1417
144,Branch 144,"PSC 6525, Box 4933, APO AA 54753",West Deborahtown,Tennessee,United States of America,46,+1-308-625-8761x02286
145,Branch 145,"6489 Drake Knoll Apt. 955, Port Jill, HI 50771",Rodriguezton,Kansas,Guinea,27,+1-977-342-3520x099
146,Branch 146,"224 Adam Valley Apt. 234, East Dillonside, KY 76639",Debramouth,Nevada,Palestinian Territory,174,(212)339-0749x9875
147,Branch 147,"USNS Lyons, FPO AP 55624",Fordstad,Alabama,Hong Kong,225,102-187-4611x6786
148,Branch 148,"9275 Ford Pass Suite 332, Jillberg, MI 12272",East Arthur,Michigan,Burkina Faso,264,+1-673-652-3392x0418
149,Branch 149,"99551 Jasmine Glens, Rodriguezton, NM 40075",Haileyside,Virginia,Algeria,270,937.177.0487
150,Branch 150,"1152 Keller Creek, Port Madison, OR 24647",West Rebeccamouth,Maine,Hungary,42,376.362.8980x3668
151,Branch 151,"681 Coleman Crest, South Elizabethport, KY 16348",Kimview,Tennessee,Austria,79,001-390-789-6530x78239
152,Branch 152,"8515 West Tunnel, Juanton, IN 02039",Thomashaven,Virginia,Estonia,1,052.495.9345x9908
153,Branch 153,"1856 Munoz Parkways, Taylorland, CA 57239",Williammouth,Vermont,Hungary,185,001-244-616-4050x304
154,Branch 154,"1393 Mark Hollow Suite 724, New Virginia, ME 14204",South Susan,Texas,Palau,261,119.209.3918x030
155,Branch 155,"3130 Stewart Lock, East Karenville, OK 31237",North Seanside,Texas,Togo,84,(127)777-9377
156,Branch 156,"56645 Ramirez Walks, New Alicia, OR 88971",Garzaborough,New Mexico,Palestinian Territory,44,(511)601-7944x740
157,Branch 157,"16337 John Views, East Rachel, WI 77500",Buchananborough,Alaska,New Caledonia,182,001-261-217-6041x64155
158,Branch 158,"8909 Bradley Neck, East Natalie, GA 49613",Jacksonmouth,Alabama,Singapore,239,001-861-741-3892x059
159,Branch 159,"5480 Bryan Avenue, Andersonfurt, MD 10356",West Jacquelineberg,Utah,Peru,69,(510)434-1185x9334
160,Branch 160,"024 Pineda Causeway, Port Raymond, NE 80740",Port Anthony,Kentucky,Saint Vincent and the Grenadines,48,001-307-049-0970x69142
161,Branch 161,"PSC 7377, Box 3168, APO AA 10294",Christianton,Kansas,Lesotho,110,7600995856
162,Branch 162,"42801 Mcdaniel Bridge, Lake Jeffreyfort, NH 77412",East Kaitlyn,Florida,Cyprus,222,(264)133-0160x3639
163,Branch 163,"871 Martinez Radial, Phillipsview, WA 67095",Evansside,Arizona,Belarus,133,(311)849-2231x43928
164,Branch 164,"049 Roberts Island, Michaelview, MS 09800",Louisstad,Connecticut,Ghana,156,954.557.8195
165,Branch 165,"USNS Horn, FPO AP 30858",Kennethland,North Carolina,Croatia,104,4409804596
166,Branch 166,"35300 Gordon Cliffs Apt. 660, Jessicastad, SD 63732",Erintown,Maryland,Bosnia and Herzegovina,5,5563232947
167,Branch 167,"15784 Riggs Isle Apt. 381, South Wendy, OK 03263",Timothystad,North Dakota,Poland,32,(564)819-0280
168,Branch 168,"00167 Heather Springs Suite 486, Alexanderbury, IN 81647",Port Stephanie,Connecticut,Germany,188,863-555-6638
169,Branch 169,"88310 Becker Ways, Brucebury, OR 22483",Lake Monica,Georgia,Russian Federation,217,(090)660-3521
170,Branch 170,"40118 Jones Ramp Suite 566, West Andrewburgh, RI 31773",East Michele,Nebraska,Chad,42,397.002.7320
171,Branch 171,"8851 Kevin Estate Suite 416, Nicholsside, ID 12126",New Judy,Louisiana,Puerto Rico,288,811.534.4327x7347
172,Branch 172,"59551 Johnson Plaza Apt. 754, Gloriaton, SD 34455",South Georgeville,Illinois,South Africa,300,044.779.3123x298
173,Branch 173,"168 Martin Shoals Apt. 066, Stephenton, SD 15449",Paulmouth,North Carolina,Guam,101,903-748-2732x5786
174,Branch 174,"Unit 8273 Box 3387, DPO AE 46116",Ryantown,Oklahoma,Vietnam,290,+1-849-853-5941x136
175,Branch 175,"935 William Ways, New Travisberg, DC 84904",Susanport,Oregon,Niger,206,(391)244-6543
176,Branch 176,"4149 Zachary Common Suite 252, Guerreroton, MT 75019",Johnburgh,New Hampshire,Eritrea,146,001-327-460-0997x9227
177,Branch 177,"98915 Sandra Pass Suite 907, Kimberlyport, OH 19793",Scottfurt,Indiana,Saint Helena,99,295.391.5333
178,Branch 178,"542 Powell Brooks, Herreraberg, AZ 53550",East Chris,Maryland,Colombia,29,001-130-597-8088x85144
179,Branch 179,"960 Mcintosh Forges, Crystalhaven, CT 21754",West Joshuaville,California,Falkland Islands (Malvinas),143,(421)768-2861x219
180,Branch 180,"0558 Allen Burg, North Angelaport, AK 46296",Franklinton,North Carolina,Sweden,190,001-253-208-1258x580
181,Branch 181,"614 Rebecca Avenue Apt. 752, Marcusburgh, MS 50266",Hartside,Iowa,Gabon,88,001-020-417-6433x5411
182,Branch 182,"86081 Frank Via Apt. 841, North Jessicaburgh, PA 20048",West Sydneytown,Vermont,Chile,200,+1-965-219-8928x891
183,Branch 183,"26717 Rivera Corner Apt. 227, Burtonfort, NV 62033",Tammyshire,Maryland,Saint Vincent and the Grenadines,272,+1-392-380-3134
184,Branch 184,"6165 Rodriguez Drive Suite 579, Mirandashire, AR 46637",Garciaberg,Arkansas,Australia,80,+1-315-348-3985x54861
185,Branch 185,"407 Lisa Drive, Thomasport, ID 63720",Rodriguezview,Massachusetts,Saint Vincent and the Grenadines,105,(317)837-8402x6665
186,Branch 186,"962 Shelly Fords Apt. 566, Jimmymouth, CA 40749",Mcbrideview,Connecticut,Malawi,53,(597)571-7121
187,Branch 187,"Unit 6593 Box 5786, DPO AE 76124",Kevinchester,Michigan,Haiti,273,775.382.8341x11226
188,Branch 188,"Unit 2132 Box 7663, DPO AP 47982",Jordanland,South Carolina,Aruba,107,(669)540-3061x17546
189,Branch 189,"06240 Frank Curve, Williamsbury, MS 50929",Maryshire,Louisiana,Trinidad and Tobago,62,001-839-403-6843x59512
190,Branch 190,"019 Craig Fork, West Charles, LA 50795",North Danny,Alaska,Bulgaria,162,838-892-3563x128
191,Branch 191,"83480 Philip Mission Suite 757, Kimberlyburgh, MO 96851",New Alyssahaven,Washington,Cyprus,238,(369)311-3175
192,Branch 192,"80936 Matthew Rue Apt. 126, Lake Ronaldberg, MD 84637",Danielstad,Georgia,Mayotte,54,001-087-528-8360x991
193,Branch 193,"73643 Jennifer Mountains Apt. 520, South Shannonchester, MS 69773",Michaelhaven,California,Egypt,110,798.016.1055
194,Branch 194,"3413 Flores Spurs Apt. 156, New Susanchester, TX 96048",West Ginaport,North Dakota,Cameroon,177,001-024-303-7359x88584
195,Branch 195,"817 Todd Grove Suite 178, Tiffanybury, AZ 09361",Port Stephen,Alabama,Philippines,79,265-231-0790x6209
196,Branch 196,"0745 Keith Alley, Port Lisastad, AL 02208",Valdezton,New York,Cameroon,264,336-271-0717x7734
197,Branch 197,"8326 David Throughway Suite 017, North Kelsey, DE 40615",Lake Ronaldbury,North Dakota,Slovenia,297,(184)914-2858x1365
198,Branch 198,"0957 Weaver Trace Suite 128, Tracyberg, UT 67801",Peterfurt,North Dakota,Brazil,95,618.365.8275x35809
199,Branch 199,"6827 Lane Turnpike, New Anthony, OH 14758",Gardnerburgh,Nevada,Puerto Rico,156,590.836.0978x7486
200,Branch 200,"6118 Philip Plaza, Rebeccabury, UT 42305",Martinezton,Oregon,Belize,53,001-099-649-2254
201,Branch 201,"887 Heather Mission, East Devinbury, WA 64297",Burtonshire,Louisiana,Denmark,76,+1-090-380-1477x9597
202,Branch 202,"14984 Collins Highway Apt. 773, Kanefurt, NC 75248",Howellhaven,Louisiana,Sri Lanka,156,001-508-187-5395
203,Branch 203,"Unit 4492 Box 9229, DPO AE 62572",East Andrewstad,Kansas,Svalbard & Jan Mayen Islands,177,(695)294-3891
204,Branch 204,"659 Russell Mountain, Phamfurt, RI 37966",Port Aaron,West Virginia,Gibraltar,262,539-224-8196x74946
205,Branch 205,"32366 John Shoals Apt. 584, Vincentton, TX 73816",Jordanstad,Georgia,Pitcairn Islands,19,+1-581-525-1265x897
206,Branch 206,"692 Pamela Overpass, Mercertown, DC 30222",Johnview,New York,Saint Lucia,212,151-172-4161
207,Branch 207,"72685 Timothy Drives, Pollardchester, NE 48229",Robertton,Missouri,Papua New Guinea,125,+1-577-058-5142x91349
208,Branch 208,"61097 Nixon Cliffs, East Justin, NC 13636",Kevinshire,West Virginia,Gabon,78,546-788-4635
209,Branch 209,"9570 Donald Drive, Biancaside, IL 18375",North John,Wyoming,Saint Lucia,30,(080)730-7356x250
210,Branch 210,"688 Martin Drives, Sheristad, AK 21945",Kristenton,Kentucky,Georgia,196,(459)139-2391x9792
211,Branch 211,"68581 Robert Rapids Apt. 610, Johnsonport, TX 64673",Samuelstad,Washington,Comoros,175,698-813-4806
212,Branch 212,"82101 Michael Cove Suite 839, New Lisa, NC 37948",Ericmouth,Wisconsin,Peru,179,001-149-519-1369x459
213,Branch 213,"109 Destiny Locks Apt. 273, New Evelynland, TN 27568",Harrisville,New Jersey,Dominican Republic,268,001-444-821-4626x70735
214,Branch 214,"16775 April Estate, Port Aaronfurt, MT 66844",Scottmouth,South Carolina,Iraq,128,516.327.1315
215,Branch 215,"714 Patrick Turnpike Apt. 621, South Marytown, DE 03344",Jameshaven,Alabama,French Guiana,236,1714310373
216,Branch 216,"511 Morgan Wells Apt. 411, South David, NC 39517",West Kimberly,Alabama,Bosnia and Herzegovina,222,056-969-1280
217,Branch 217,"USS Chan, FPO AE 03346",Ericchester,Pennsylvania,Lesotho,215,263.997.5972x3080
218,Branch 218,"42348 Sierra Summit, Johnfurt, ID 23475",Cranestad,Minnesota,Kyrgyz Republic,261,001-124-545-6292
219,Branch 219,"3644 Amanda Motorway, Hallton, NY 03372",Lake Victoria,Illinois,Anguilla,73,707.239.3674
220,Branch 220,"05849 Donna Rapid, Martinview, MI 53872",Johnsonmouth,New York,Svalbard & Jan Mayen Islands,183,357-044-0967x205
221,Branch 221,"064 Reginald Estates Suite 923, East Crystal, NY 82723",New Cassandratown,Rhode Island,Lao People's Democratic Republic,278,+1-691-535-4898x638
222,Branch 222,"744 Monroe Roads, Barberbury, MO 39913",North Melissa,Wisconsin,Afghanistan,99,(525)048-4611
223,Branch 223,"USNS Riley, FPO AA 93905",Smithtown,California,Lebanon,177,7493322992
224,Branch 224,"961 Herrera Courts, East Patrickhaven, MA 60100",North Joan,Indiana,Sao Tome and Principe,15,+1-348-251-4019
225,Branch 225,"560 Farmer Pines, New Jennifer, PA 48219",South Alexisberg,West Virginia,South Africa,43,+1-497-821-7934x083
226,Branch 226,"113 Lewis Course Suite 191, Cookside, WY 49642",Whitneyshire,California,Macedonia,65,+1-525-548-0062x0849
227,Branch 227,"42868 Smith Canyon, Port Sheryl, VT 85300",Hillport,Rhode Island,Saint Pierre and Miquelon,87,386-265-8935
228,Branch 228,"233 Morgan Brook, Jamesfurt, UT 67394",New Brian,Maryland,French Guiana,35,151-971-5172x5218
229,Branch 229,"27608 Earl Island, Vincentstad, NV 14778",Hernandezfort,Alaska,Mayotte,292,817-296-8981x007
230,Branch 230,"077 Johnson Extensions, Lake Hannah, TN 89798",Alvaradoside,Tennessee,Liechtenstein,260,044-454-6859x97451
231,Branch 231,"6753 Mcdonald Spurs, Codymouth, OH 82608",Davisview,South Carolina,Equatorial Guinea,240,(904)353-5883x4236
232,Branch 232,"88849 Steven Harbors Apt. 946, Haleview, NE 48138",West Franciscofurt,Alaska,Uzbekistan,259,628-677-9390x884
233,Branch 233,"PSC 8227, Box 8469, APO AE 75670",Reevesburgh,Oklahoma,American Samoa,277,004.157.4105x423
234,Branch 234,"876 Jennifer Knolls, North Christine, MS 43517",New Angela,Georgia,Ecuador,65,9053101734
235,Branch 235,"97894 James Roads, West Melvin, RI 46286",Whiteburgh,New Hampshire,Ghana,123,948-398-6833
236,Branch 236,"071 Arthur Keys Apt. 324, Lake Edward, MO 62011",New Amy,North Carolina,British Virgin Islands,20,+1-817-855-1617
237,Branch 237,"17237 Bennett Manors Suite 835, West April, KY 33601",Rebekahstad,New Jersey,Sweden,296,826.952.7922x539
238,Branch 238,"PSC 8686, Box 8393, APO AA 81985",Fisherville,West Virginia,Saint Barthelemy,222,582-207-7565x774
239,Branch 239,"4285 Joshua Circles, Gutierrezberg, SD 67407",Lake Katherinemouth,Rhode Island,Thailand,56,5076238445
240,Branch 240,"977 Joseph Streets, New James, CT 40256",North Devin,South Dakota,Sweden,72,001-769-389-5810
241,Branch 241,"05468 Blair Fields Apt. 962, North Keithburgh, HI 64676",Port Allison,Washington,Ghana,134,(463)975-6985x10088
242,Branch 242,"3203 Taylor Haven Apt. 676, Aaronfurt, TX 21136",Antoniofurt,Connecticut,Samoa,165,+1-494-720-1747x24509
243,Branch 243,"9646 Estrada Skyway, Vickimouth, HI 68227",West Laura,Illinois,Finland,47,(220)000-2650
244,Branch 244,"8862 Andrews Passage, New Veronicaville, LA 93074",Bellstad,Washington,Saint Vincent and the Grenadines,45,(857)690-4953x50515
245,Branch 245,"6628 Ariel Track, South Keithview, IN 94737",New Allisonbury,Alaska,Macedonia,152,(046)922-5357
246,Branch 246,"329 Erika Junction Apt. 751, South Tracy, IN 38940",Herreraberg,Tennessee,Bangladesh,121,001-777-467-1594x4707
247,Branch 247,"01824 Day Mills Apt. 501, Lake Kevin, OR 72990",Bryanport,Texas,Bhutan,132,761.232.4580
248,Branch 248,"559 Alicia Island, Moonside, WY 17720",Lake Emily,Florida,Guinea-Bissau,63,001-930-944-4943
249,Branch 249,"555 Burgess Loaf, New Emilyborough, VA 87564",Lake Garrett,Arkansas,Vietnam,122,915-535-3521x9794
250,Branch 250,"45777 Reilly Camp Suite 791, Ayalafort, TX 69286",Lake Kristine,South Dakota,Nauru,1,(208)170-5379x9735
251,Branch 251,"1332 Christopher Haven, East Timothyberg, ME 94354",East Lindsey,Virginia,Fiji,138,001-103-094-2204x42335
252,Branch 252,"17367 Flynn Mission Suite 657, Sethburgh, OH 11483",West William,Maine,Paraguay,73,+1-768-515-4072x9886
253,Branch 253,"789 Guzman Village, Rebeccaport, KS 23663",Melissastad,Massachusetts,Cuba,271,+1-340-840-2799
254,Branch 254,"601 Rice Stravenue, New Brooke, DC 65615",Claudiashire,Wisconsin,Gibraltar,240,(627)291-8690x3127
255,Branch 255,"1808 Smith Forge Apt. 985, Walkerside, AZ 10170",East Brandon,Washington,Yemen,174,+1-721-726-4383x235
256,Branch 256,"92930 James Route Suite 106, East Stephaniechester, HI 71286",Brandyview,Rhode Island,Malaysia,175,334.743.8979x22568
257,Branch 257,"76611 Nancy Station Suite 548, West Paul, DE 11299",New Jennifer,New York,British Virgin Islands,263,(345)217-0120x6584
258,Branch 258,"8275 Nelson Corner, Port Danny, MN 69585",North Tonya,Arkansas,Svalbard & Jan Mayen Islands,192,001-000-520-3394x752
259,Branch 259,"42580 James Ridges, Millerton, PA 05928",West Raymondtown,Oklahoma,Slovakia (Slovak Republic),127,453-459-1321
260,Branch 260,"PSC 2627, Box 7938, APO AP 34753",Jonesstad,Nevada,Tunisia,150,(131)912-2057x397
261,Branch 261,"PSC 4919, Box 4763, APO AP 93197",Davidchester,Delaware,Paraguay,186,125-536-1323
262,Branch 262,"598 Jenny Squares Apt. 734, Port Brandon, ND 08710",Stephensland,New Jersey,Senegal,161,(492)716-1123
263,Branch 263,"Unit 3779 Box 1201, DPO AE 26912",West Williebury,Kansas,New Caledonia,134,001-489-286-8961
264,Branch 264,"36837 Judy Forges Apt. 229, Turnerstad, MT 08632",Roweport,Ohio,Pitcairn Islands,238,+1-870-098-5801
265,Branch 265,"USCGC Green, FPO AA 50673",South Alicia,Louisiana,Pakistan,104,(836)331-8907x32238
266,Branch 266,"546 Robert Prairie Apt. 465, Clarkstad, NM 88603",New Alexanderhaven,Indiana,Monaco,227,001-475-383-3153x023
267,Branch 267,"00312 Alvarado Walk Apt. 538, West Edward, AZ 98331",Johnsonhaven,Connecticut,Malawi,289,785.994.9363x8278
268,Branch 268,"83789 Sara Bridge, South Katherinechester, FL 28996",New Andrewhaven,Delaware,French Polynesia,294,320.725.5672
269,Branch 269,"023 Elaine Rest, Sextontown, NC 64088",Port Thomasmouth,North Carolina,Cocos (Keeling) Islands,148,001-112-002-1766
270,Branch 270,"268 Hull Circles Suite 618, Lake Ryan, WY 90700",New Richard,Montana,Bouvet Island (Bouvetoya),201,001-371-602-5234x19039
271,Branch 271,"67936 Michael Street, Hollytown, MI 66335",Jaredview,Pennsylvania,Hungary,181,923.710.7291
272,Branch 272,"8888 Alec Throughway, Cainport, MD 22138",New Jackieside,Kansas,Guatemala,97,(797)933-0907x8490
273,Branch 273,"Unit 3340 Box 2095, DPO AA 53048",Heatherview,Florida,Uzbekistan,241,966-479-2010
274,Branch 274,"4102 Sheena Springs Apt. 741, New Steven, MN 35929",New Kyle,West Virginia,Suriname,159,001-030-467-1585
275,Branch 275,"0044 Theresa Well Apt. 989, Adamsshire, WV 85770",Romerohaven,Connecticut,Ukraine,165,8229641398
276,Branch 276,"04321 Taylor Plains, New Mary, KS 90375",Port Kristi,New Jersey,Bhutan,118,293-722-1474x273
277,Branch 277,"0233 Wright Run Apt. 725, Kellyberg, IL 71833",Coffeymouth,Texas,Egypt,188,540-085-4561x049
278,Branch 278,"12725 Hayley Cliffs Suite 138, Taylorside, CA 43887",South Jacob,Indiana,Iran,107,758-587-9833x23577
279,Branch 279,"125 Jones Route Apt. 829, Lake Michaelmouth, WY 24823",Lake Ashleyfurt,Alaska,Martinique,25,001-382-679-9188x542
280,Branch 280,"225 Kelly Valleys Suite 390, Joshuaborough, LA 10966",Brownmouth,Maine,Algeria,24,(395)133-2585
281,Branch 281,"41064 Nguyen Prairie, Port Sarah, MT 44057",Christinaton,Kentucky,Mauritius,249,534.150.8983x7456
282,Branch 282,"40119 Donaldson Cliff Suite 539, South Laurenfort, TX 76725",Port Michaelside,Washington,Saint Vincent and the Grenadines,36,(013)709-0640x5790
283,Branch 283,"06598 Caldwell Vista Apt. 056, North Timothy, MA 77113",Yubury,Iowa,Saint Helena,49,+1-376-276-0377
284,Branch 284,"689 Lindsay Radial Apt. 697, Nguyenchester, MA 38157",Markland,Indiana,Ethiopia,173,390.528.6607
285,Branch 285,"37829 Arthur Drives Apt. 959, Port Donaldside, MO 79369",North Sandra,Virginia,Egypt,150,(765)130-1903
286,Branch 286,"2298 Lyons Street Apt. 255, Port Christian, HI 80760",Lesterview,West Virginia,Gambia,245,212.171.0976x4239
287,Branch 287,"78105 Barnett Branch, Lake Jasmine, NV 37377",West Courtneyshire,Missouri,Kiribati,220,(377)648-3932x02166
288,Branch 288,"0937 Jensen Falls, North Danastad, OK 89101",Petersmouth,Virginia,Dominica,272,240.114.7513
289,Branch 289,"2352 Burnett Junction Suite 800, North Wayneberg, NM 93214",Lake Annside,Iowa,Israel,135,+1-282-570-3757
290,Branch 290,"429 Mackenzie Mountain, Kimberlymouth, AZ 21229",Lake Ashley,Colorado,Ireland,98,9433802528
291,Branch 291,"5582 Tracey Lodge, East Juliamouth, MI 68362",Rivaston,Illinois,Iraq,269,8046010934
292,Branch 292,"6662 Alisha Trail Apt. 718, Brianmouth, WI 27304",Smithchester,Rhode Island,Swaziland,195,(828)852-1866
293,Branch 293,"00737 Douglas Brook, Barkerville, MS 28801",West Kristiebury,New Mexico,Poland,39,478.542.1807x135
294,Branch 294,"16003 Johnathan Gateway, Port Christopher, KY 59091",West Jacquelinefurt,Montana,Namibia,154,+1-407-742-2110x502
295,Branch 295,"0302 Amanda Ranch, Rachelburgh, IA 66754",Norrisburgh,Nevada,Mexico,148,623-056-1058
296,Branch 296,"3239 Miguel Common, Danielside, WY 38545",Nelsonborough,Kentucky,Korea,137,+1-936-358-4653x0018
297,Branch 297,"744 Sims Roads, Halltown, LA 07041",Vanessaport,South Dakota,Cape Verde,199,811-299-2658
298,Branch 298,"417 Browning Island, North Michael, TN 13019",Johnmouth,Missouri,Germany,185,+1-635-517-6769
299,Branch 299,"USNS Hansen, FPO AP 44855",New Amanda,Oklahoma,Cayman Islands,196,455-411-3775x70357
300,Branch 300,"925 Kline Circles Apt. 635, East Tanyamouth, VA 73491",Lake Jay,Missouri,Nicaragua,38,244.470.1448x671
301,Branch 301,"PSC 8783, Box 5685, APO AE 16337",New Luisview,Missouri,Pitcairn Islands,291,(777)187-4413
302,Branch 302,"72791 Steele Forge, North Thomasberg, CO 97122",Jonesside,West Virginia,Mali,105,811-168-6530x98243
303,Branch 303,"833 Lee Expressway Suite 376, Andersonstad, WY 32871",Port Michaelmouth,West Virginia,Senegal,124,(091)342-3657
304,Branch 304,"83811 Bryan Walk, Burkeburgh, NM 60210",West Heather,New York,Suriname,285,544-551-2946x684
305,Branch 305,"19971 Hamilton Fall Suite 749, Lake Mark, UT 69619",West Paulberg,Georgia,Tunisia,55,001-687-814-4889
306,Branch 306,"3546 Jeffrey Meadow Apt. 515, Riddleport, NE 94166",North Thomas,Nebraska,Chad,270,001-532-867-9883
307,Branch 307,"USNV Scott, FPO AP 28054",Phillipshaven,Mississippi,British Virgin Islands,284,007.012.8958
308,Branch 308,"9615 Reginald Roads Apt. 955, West Kristen, MO 58881",South Jose,Hawaii,Rwanda,119,001-600-554-6432
309,Branch 309,"6843 Richards Pike, Richardtown, MS 60425",West Michelle,Arkansas,Venezuela,220,001-145-131-8729
310,Branch 310,"29783 Carroll Hill, Tiffanyborough, NE 19508",East Jason,Connecticut,Nigeria,31,(626)270-7683
311,Branch 311,"1150 Martin Gateway, West Brian, CA 25641",South Angela,Mississippi,Turkey,267,+1-206-644-8465x426
312,Branch 312,"3787 Reginald Ports Suite 787, Lake Jason, WI 55126",Melendezmouth,Alabama,Greece,15,324.130.3240
313,Branch 313,"712 Cassandra Common, Port Christina, AL 43739",Villarrealville,Colorado,Jordan,267,564.460.5487
314,Branch 314,"0944 Hall Springs, Robinsonborough, ME 85439",Rhodesbury,Indiana,Netherlands,14,+1-674-960-8012x2630
315,Branch 315,"0569 Steven Gardens, Andrewmouth, TN 88267",New Wendy,Connecticut,Bahrain,228,(554)948-6884x799
316,Branch 316,"3805 Odonnell Cliff Apt. 427, East Courtneyshire, AL 66686",East Robert,Arizona,American Samoa,196,457-466-8290
317,Branch 317,"3336 Butler Manor, Tammyview, MO 14090",Port Rebeccaport,Michigan,Netherlands,256,016.062.0299
318,Branch 318,"80079 Chelsea Crossroad, East Samantha, AL 91359",Anneberg,New Jersey,Swaziland,216,(167)377-9195x684
319,Branch 319,"87607 Eric Trace Suite 705, North Emily, NC 42135",Scottbury,Kansas,Iraq,268,194.032.5468
320,Branch 320,"33332 Robert Knoll Suite 217, Cruzhaven, MO 90228",Smithfurt,Oregon,Morocco,14,4842236698
321,Branch 321,"177 Stevens Roads, Stevenport, AL 22864",Port Nicholasview,Georgia,Saint Helena,258,964-009-0631x44031
322,Branch 322,"9187 Strong Corner Suite 711, New Stephenport, TN 25264",New Joseph,Washington,Indonesia,227,+1-534-180-6700x75226
323,Branch 323,"006 Elizabeth Rapid Apt. 390, Roymouth, FL 19358",Salinasview,Louisiana,Greenland,137,084-458-0694
324,Branch 324,"09712 Frederick Harbors Apt. 665, Ellisview, VA 31128",Port Christina,New Jersey,Burkina Faso,142,574-624-8314
325,Branch 325,"468 Valentine Falls, Andersonview, AL 83559",West Steveport,Delaware,Lithuania,4,643-637-0222
326,Branch 326,"8732 Blake Corners, Warrenbury, MO 50183",Port Tiffany,Alaska,India,74,+1-776-895-5436
327,Branch 327,"1667 Kevin Wall Apt. 550, Deborahchester, MT 13234",North Samantha,Pennsylvania,Palau,70,583.494.5494x66949
328,Branch 328,"91254 Ramos Spurs, South Brittany, MI 77458",Lake Sean,Texas,Ireland,174,094-618-4581x080
329,Branch 329,"6274 Farrell Throughway Suite 302, Williamsport, KS 16569",Brownland,Michigan,Monaco,133,963-714-2922x10035
330,Branch 330,"311 Kelly Divide, Tommouth, UT 98324",Lake Williamberg,Wyoming,Japan,146,6986276286
331,Branch 331,"Unit 0051 Box 3321, DPO AE 13588",Jasonport,Illinois,Congo,204,310-305-3682x033
332,Branch 332,"702 Garcia Burg, New Paula, MT 08623",New Shawn,Texas,Suriname,247,611.069.2615x437
333,Branch 333,"9592 Cook Ridges Suite 073, East Edward, MA 09826",Lake Melissastad,Alabama,Samoa,249,4673715033
334,Branch 334,"USS Horne, FPO AA 04715",Alyssashire,Florida,Egypt,199,(979)722-9545
335,Branch 335,"93188 Todd Glen Suite 797, South Cathyburgh, TN 88173",Garciaport,Kansas,Hungary,160,+1-902-563-0556x37221
336,Branch 336,"02349 Lisa Junction Apt. 626, Lake Scottborough, OK 28443",West Hollyport,Colorado,Norway,226,001-062-714-4385
337,Branch 337,"18700 Anderson Garden, Garciaborough, NM 35460",Landryburgh,Kansas,Sweden,212,001-807-720-1722x7519
338,Branch 338,"1962 Jerry Flat, Andrewborough, FL 69990",Henrytown,Nebraska,Cameroon,299,316-497-3435
339,Branch 339,"0910 Anne Curve Suite 424, Freemanmouth, DE 82339",Fowlerchester,Vermont,Algeria,297,+1-787-850-8392x11283
340,Branch 340,"30612 Laura Lock, Gonzalezhaven, FL 55208",Lewistown,Iowa,China,226,+1-675-929-8283x40467
341,Branch 341,"3366 Holloway Common Suite 076, Normanfort, AK 12007",Georgeberg,New Mexico,Zambia,30,166-904-7606
342,Branch 342,"3649 White Shore Suite 112, Jonesberg, DE 25801",Whitehaven,Wyoming,El Salvador,92,(313)314-3754x309
343,Branch 343,"60854 Miles Forest Suite 093, New Frank, KY 15719",Catherineborough,Delaware,Saint Lucia,205,8886720942
344,Branch 344,"5787 Nicholson Valleys Apt. 439, Port Stephaniefort, NY 85180",North Travisborough,California,Malaysia,78,(826)733-5902x54076
345,Branch 345,"69848 Reynolds Street, Lynnborough, SD 46922",Port Angelafort,California,Cuba,176,2878286975
346,Branch 346,"8611 Daniel Vista Suite 976, Bryantside, CO 30689",East Kimberly,Wisconsin,Moldova,96,172.361.0729
347,Branch 347,"2293 Carrie Course, Heatherberg, SD 49761",New Jamesburgh,Connecticut,South Georgia and the South Sandwich Islands,221,498.543.5395
348,Branch 348,"244 Michael Burgs, South Amanda, NH 07258",Kellyhaven,Idaho,Equatorial Guinea,268,018.056.4503x3483
349,Branch 349,"667 Gary Causeway, Lake Gavinberg, VA 00652",Heatherside,South Carolina,Lao People's Democratic Republic,19,+1-029-173-2906x05301
350,Branch 350,"8257 Mccullough Crossing, Port Andreachester, LA 48321",Joshuatown,South Carolina,Venezuela,287,+1-323-892-5892x845
351,Branch 351,"USS Hays, FPO AA 45158",New Tyler,Arkansas,Georgia,134,880.120.1462x8518
352,Branch 352,"4996 Michael Loaf, New Kelseyview, KS 75529",Jaimeburgh,Hawaii,Saint Martin,249,+1-354-498-3411x41948
353,Branch 353,"19664 Lloyd Fork, Port Robert, WV 50620",Crawfordburgh,Oklahoma,Belarus,52,+1-336-198-9848x777
354,Branch 354,"62954 Tricia Extensions Suite 791, New Stephanieshire, WV 43661",Jenkinstown,Pennsylvania,Cocos (Keeling) Islands,11,846.102.5228x102
355,Branch 355,"798 Cox Cliff, West Sharonview, ID 14146",Anthonyshire,Delaware,Hungary,112,001-353-077-3260
356,Branch 356,"6458 Tony Roads, Matthewton, AZ 38552",South Henryview,Missouri,Sao Tome and Principe,11,785-603-5085
357,Branch 357,"3123 Jenkins Park Suite 856, Daltonhaven, DC 70031",Orrshire,Vermont,Congo,31,119.644.8391x343
358,Branch 358,"1021 Arthur Lodge, Ryanberg, OK 34588",New Martha,Michigan,Iceland,32,+1-569-038-4156x071
359,Branch 359,"84961 Coleman Haven Apt. 641, Nicholasfort, AR 56178",Port Logan,Missouri,Tuvalu,88,001-636-765-2955
360,Branch 360,"462 Virginia Cove, Danielsfort, CT 70649",New Anitaside,Vermont,Canada,148,+1-665-634-4243x85070
361,Branch 361,"24470 Jenkins Prairie, Kimberlyberg, MD 62130",North Lindseyborough,Utah,Bangladesh,107,(302)070-0394
362,Branch 362,"1260 Joseph Isle, Jacquelinetown, DC 23172",South Denise,Delaware,Ethiopia,176,378.338.8038x06569
363,Branch 363,"93395 Mclean Forge, Bradleyside, IL 96510",Donaldchester,Virginia,Netherlands Antilles,124,710.693.0904x10351
364,Branch 364,"36379 John Glen, Shawhaven, KY 71179",Lake Anna,Kentucky,Cote d'Ivoire,66,099-339-4589x54575
365,Branch 365,"88149 Jason Locks Apt. 118, Port Carolineberg, CA 53170",Chelseatown,Oregon,Jordan,219,(270)667-7086x1020
366,Branch 366,"7897 Wall Plains, Sparksfort, VT 81791",New Jenniferstad,Hawaii,Saint Kitts and Nevis,83,476.334.3903x367
367,Branch 367,"7276 Leah Drive Suite 793, North Kathleen, TN 27906",Port Larry,New Mexico,Malaysia,267,+1-380-442-4720x0023
368,Branch 368,"PSC 2947, Box 3925, APO AE 84446",Jordanbury,New Jersey,Timor-Leste,60,001-133-723-5098x31860
369,Branch 369,"20629 Smith Field Apt. 079, South Tracy, KS 49643",Olivertown,Wisconsin,Poland,109,(968)510-6390
370,Branch 370,"PSC 8960, Box 8204, APO AE 85372",Brandiview,Montana,Namibia,175,803.497.4097
371,Branch 371,"PSC 6599, Box 6542, APO AP 37509",Crawfordburgh,Louisiana,Ethiopia,245,001-919-300-9726x3607
372,Branch 372,"43032 Daniel Rapids, Schmidtstad, FL 44885",Christineland,Nebraska,Andorra,30,995.467.6043x3479
373,Branch 373,"4229 Justin Highway Suite 881, Terrencestad, MA 45385",West Natashaborough,Colorado,Syrian Arab Republic,47,(087)859-5359x88900
374,Branch 374,"1197 Turner Throughway, Rogersberg, MO 96144",Markburgh,Alaska,Nauru,6,407.142.0734
375,Branch 375,"1445 Smith Cape, Port Carla, AR 60729",New Terrishire,New Mexico,Suriname,178,+1-347-063-5866x6028
376,Branch 376,"2730 Ball Stream Apt. 975, New Scott, NC 25484",West Taylor,Idaho,Malaysia,104,460.773.9256
377,Branch 377,"788 Timothy Throughway Suite 493, Cindyborough, TN 42166",South Steventon,Connecticut,Comoros,205,(847)686-0229
378,Branch 378,"098 David Parkways Suite 310, Port Chadborough, FL 19381",Montgomeryside,Wyoming,Taiwan,135,+1-051-374-9575x958
379,Branch 379,"849 Baxter Village, North Allen, AK 74126",Port Jessefurt,Georgia,South Africa,68,+1-263-184-6965x604
380,Branch 380,"88244 Phillips Forest, Spencerstad, NC 98122",New Ariana,Illinois,Slovenia,177,974-898-2492
381,Branch 381,"105 Zuniga Springs, North Danielbury, IL 02093",Michelleville,Vermont,Hong Kong,153,442.634.1667
382,Branch 382,"574 Tammy Ford, New Jasmine, AK 63235",Lake Robert,Montana,Ghana,198,1490423999
383,Branch 383,"46506 James Plains, Reyesmouth, WV 27182",New Carla,Florida,Saint Pierre and Miquelon,249,(665)776-9483x66150
384,Branch 384,"1012 Gregory Station Apt. 410, East Richard, KY 92746",West Robertville,California,Turkmenistan,273,904.512.0464
385,Branch 385,"7190 Barry Loop, Johnberg, TN 77709",New Stephen,Arizona,Saint Martin,254,620.732.0065
386,Branch 386,"Unit 6299 Box 6468, DPO AP 03143",South Anthonytown,Kansas,Iceland,136,001-896-111-1763x080
387,Branch 387,"4302 Gregory Shores, Johnsonview, GA 22166",Murrayland,New Mexico,Uganda,285,(446)452-7477
388,Branch 388,"84823 Wright Locks Suite 625, Port Bob, AK 62581",Port Leslieton,Illinois,Malaysia,205,001-618-031-7685x12483
389,Branch 389,"7689 Barrett Groves, East Charlesshire, VA 49842",Patriciafurt,Illinois,Oman,250,834-662-0178
390,Branch 390,"1487 Michael Cliffs Suite 525, Loganstad, NY 30388",Antoniohaven,Arkansas,Kyrgyz Republic,49,(916)515-4279
391,Branch 391,"USCGC King, FPO AP 42664",Hallborough,Mississippi,Greenland,94,0213043999
392,Branch 392,"7484 Simpson Mall Apt. 630, South Davidshire, SC 73374",Davisborough,Minnesota,Qatar,230,(533)113-8140
393,Branch 393,"3864 Pacheco Cape Suite 070, North Bradley, WV 94918",Port Jenniferberg,Arkansas,Guadeloupe,180,(967)794-5580
394,Branch 394,"254 Wilson Vista, Amandaville, WA 52109",Richardfurt,Arizona,Kyrgyz Republic,88,+1-246-795-5258
395,Branch 395,"023 Hernandez Prairie Apt. 377, Port Davidburgh, MS 89784",Marissamouth,Nevada,Bouvet Island (Bouvetoya),227,001-897-656-2738x6935
396,Branch 396,"Unit 5067 Box 5765, DPO AE 59392",New Moniquestad,Alabama,Macedonia,6,241.452.0412x125
397,Branch 397,"694 Smith Rest Suite 944, Sheryltown, LA 62302",Mossborough,Oklahoma,El Salvador,270,(116)226-2862
398,Branch 398,"984 Sampson Summit Suite 784, Jamesbury, MI 54554",Lake Michael,South Dakota,Andorra,46,482.320.5096x58483
399,Branch 399,"3515 Bryant Pike, Nortontown, IN 49637",Dixonton,Iowa,Djibouti,17,050-795-2018x388
400,Branch 400,"2179 Palmer Burg Suite 991, Port Stevenberg, CO 76585",Connerbury,West Virginia,Luxembourg,247,+1-203-037-4320
401,Branch 401,"301 Angel Plains Apt. 193, Lindafurt, TN 74873",Jacobsport,Arkansas,Lithuania,72,+1-136-460-8449
402,Branch 402,"8081 Kevin Meadow Suite 120, South Anthonyport, MD 59262",Wesleyton,Ohio,Myanmar,243,+1-819-387-0115x72930
403,Branch 403,"5145 Reynolds Union, Perezchester, CT 20904",Lake Russellside,Arkansas,Korea,102,+1-821-920-7363x3184
404,Branch 404,"2544 Sanchez Glens, South Deannatown, UT 58758",Mejiafurt,Wisconsin,Tunisia,139,(636)400-7548x442
405,Branch 405,"43923 Huerta Hill, Lake Samuel, UT 36870",South Ryanfurt,Connecticut,Denmark,273,615-395-3581x68581
406,Branch 406,"94330 Kristopher Village Suite 104, East Shelia, OH 31203",Lake Ann,Nevada,Lithuania,71,(724)328-0215x5283
407,Branch 407,"0806 Brent Loaf Apt. 458, Katelyntown, OK 55305",Moorechester,South Carolina,Sudan,58,001-653-623-1216
408,Branch 408,"615 Whitney Ports, Lake Daniel, NM 73329",Port Robertbury,Missouri,Faroe Islands,137,963.500.7277
409,Branch 409,"49430 Ashley Parks, Holderchester, DE 55722",Jacksonville,Maine,Northern Mariana Islands,200,(140)946-7779x87737
410,Branch 410,"5326 Williams Avenue, Garcialand, VT 43122",West Nicholasmouth,New Jersey,Western Sahara,268,+1-699-254-5994x14388
411,Branch 411,"9086 Perez Rest Apt. 683, West Brianborough, NJ 86552",Williamfort,South Carolina,Saint Martin,239,366-468-0573
412,Branch 412,"USS Walker, FPO AP 62736",Rachelbury,New Jersey,Bangladesh,254,042.169.2299x8795
413,Branch 413,"130 Rios Forge, Erinville, OR 86773",East Aprilton,Alabama,Sierra Leone,256,575-947-9975x82361
414,Branch 414,"71886 Flores Inlet Apt. 128, New Rickybury, UT 41716",Port Karenmouth,Kentucky,Saint Martin,220,001-177-721-4765
415,Branch 415,"37825 Madison Tunnel Suite 452, West Michael, WA 03292",Melissashire,Tennessee,Zimbabwe,204,210.943.7748
416,Branch 416,"19937 Robert Ports Suite 345, Brandonside, MD 10062",Lake Jenniferchester,Hawaii,Turks and Caicos Islands,4,(683)511-9069
417,Branch 417,"309 Dominique Groves Apt. 437, New Donnatown, CA 70091",South Cliffordfurt,Massachusetts,Congo,142,2225716569
418,Branch 418,"5086 Daniel Radial, West Danielmouth, OR 80564",Sarastad,Louisiana,Sri Lanka,89,587.608.7626x64739
419,Branch 419,"60824 Gilbert Crossing Suite 675, Port Donfort, HI 04461",Youngfurt,Nevada,Japan,223,+1-887-094-1486x286
420,Branch 420,"USNV Morris, FPO AP 43293",Johnbury,South Carolina,Latvia,103,001-610-082-3228
421,Branch 421,"03920 Robert Spring, New Vickiside, IA 76632",Michaelborough,Mississippi,South Georgia and the South Sandwich Islands,61,+1-113-799-1646x80414
422,Branch 422,"978 Morrison Tunnel, Griffithborough, AK 37497",New Susan,Illinois,Pakistan,177,(383)771-1272x0569
423,Branch 423,"682 Peters Union, New Christopher, MS 71428",New Reginaton,Massachusetts,Costa Rica,72,(472)815-3742x57711
424,Branch 424,"073 Sean Row, Andersonmouth, FL 20810",Denniston,Utah,Pitcairn Islands,206,001-484-831-2392x0893
425,Branch 425,"468 Howard Dale, Scottstad, NM 36513",Davisland,Pennsylvania,Panama,216,+1-730-921-4630
426,Branch 426,"173 Mark Fords, Lake Travisview, ND 87115",North Colinport,Florida,Cook Islands,140,869.437.1362x2810
427,Branch 427,"12960 Collins Park Suite 214, Dudleybury, IL 49402",Jensenville,Maryland,Suriname,179,2438649403
428,Branch 428,"21018 Sheila Junctions Suite 844, South Kevin, VA 94849",Lake Cathy,Utah,Lesotho,94,+1-308-643-2469
429,Branch 429,"49841 Jennifer Path Suite 422, East Robinside, DE 32613",Kellyberg,New Hampshire,United States Minor Outlying Islands,131,001-313-307-0329x8464
430,Branch 430,"Unit 6412 Box 9841, DPO AA 01175",Leefurt,Tennessee,Czech Republic,84,219-751-3071
431,Branch 431,"6946 Olivia Fork Suite 368, North Amandahaven, CA 10062",East Deborahbury,Wyoming,Bangladesh,142,001-635-102-1356x8875
432,Branch 432,"1987 Deleon Squares Suite 131, West Nicholas, TN 52457",South Alan,Illinois,Germany,210,474-663-3584x655
433,Branch 433,"969 Amy Points Suite 960, Campbellshire, AL 82122",East Desiree,Wisconsin,Serbia,155,(242)703-6111x0218
434,Branch 434,"33792 Jones Forks, Cookview, CT 16577",West Ericburgh,Arizona,Argentina,263,282-921-3625
435,Branch 435,"99568 Mary Avenue Apt. 558, Normanchester, MI 25862",Williamfort,Tennessee,Libyan Arab Jamahiriya,258,001-044-244-0360
436,Branch 436,"97646 Amanda Landing Suite 956, North Melissa, SC 50573",East Theodorefurt,Michigan,Anguilla,44,977-765-7656
437,Branch 437,"7179 Foster Station Apt. 004, Megantown, MT 01475",Tonyastad,West Virginia,United Arab Emirates,135,471.832.1317x681
438,Branch 438,"618 Emily Plains, North Kathleen, CT 91945",North James,Hawaii,Burundi,289,+1-657-554-8904
439,Branch 439,"179 Vega Courts Suite 451, Phillipsland, AL 29680",East Christopherside,South Dakota,Cyprus,226,434-154-5826
440,Branch 440,"433 Jeffrey Ferry Suite 999, South Lindsayport, UT 07151",Warrenshire,Michigan,Tunisia,122,+1-880-883-9284x10128
441,Branch 441,"67705 Shawna Highway, Port Anna, NC 12360",West Malik,Indiana,Macedonia,66,621.890.2120
442,Branch 442,"3749 Swanson Plaza Apt. 520, Grahamhaven, WY 55748",South Anthonyhaven,Michigan,Norfolk Island,63,(599)693-0482
443,Branch 443,"16032 Dougherty Meadow, Christopherhaven, ME 99120",Lake Brian,Mississippi,Norfolk Island,248,696-776-7733
444,Branch 444,"837 Acevedo Views Apt. 079, Port Anntown, WA 40357",Brandimouth,Missouri,Rwanda,130,+1-260-931-3397x14298
445,Branch 445,"301 Steven Crest Apt. 545, Burnettchester, VA 67013",New Stephaniemouth,Ohio,Austria,55,001-768-921-3662x401
446,Branch 446,"Unit 1652 Box 2739, DPO AE 90520",Amandafort,Idaho,Senegal,193,(568)020-2132x48309
447,Branch 447,"356 Cross Mission, East Sherritown, MN 21813",West Joanne,Illinois,Mayotte,295,001-642-065-6611x68076
448,Branch 448,"USNV Berg, FPO AA 13206",East Amanda,Colorado,Senegal,218,214-152-3981x302
449,Branch 449,"429 Shane Radial Apt. 958, New Marcus, OR 84534",West Ruth,New Hampshire,Tanzania,287,(565)226-0211x48096
450,Branch 450,"16657 Hebert Garden, Jacksontown, AZ 17946",South Bryanfurt,Florida,Fiji,226,+1-623-925-5030
451,Branch 451,"88866 Benjamin Curve, Port Michelletown, KS 13866",South Richard,Iowa,Benin,225,276.721.7370
452,Branch 452,"USNV Walker, FPO AA 39992",Jeanettechester,Oregon,Bangladesh,19,+1-082-248-9010
453,Branch 453,"81974 Joseph Mission, Terryfurt, DC 35741",Leefort,Kentucky,Micronesia,79,496-522-3262x72724
454,Branch 454,"9103 Elliott Mountain, Brownside, VT 04082",Baileyton,Indiana,United Kingdom,204,0117199363
455,Branch 455,"Unit 9885 Box 4916, DPO AE 35736",Williambury,Nevada,Botswana,296,(825)177-4865x5128
456,Branch 456,"30007 Lauren Avenue Suite 076, Lake Patriciatown, VA 23164",Evanland,Florida,Chile,54,(256)845-4620x355
457,Branch 457,"18417 Calderon Haven, Port Bradley, UT 94926",Clarkchester,Hawaii,Honduras,174,(198)908-8357x296
458,Branch 458,"6234 Lowe Fort, Port Susanfurt, CO 13072",South Daniellebury,Massachusetts,Cuba,33,660-532-3733x898
459,Branch 459,"Unit 1856 Box 4142, DPO AP 42581",Lake Douglasport,New York,China,267,(700)634-0552
460,Branch 460,"0089 Watson Roads, West Jennifer, FL 60837",Mitchellstad,New Mexico,Cyprus,260,009-871-6391x43416
461,Branch 461,"510 Thomas Fort, Port Johnton, FL 58453",Port Teresaton,West Virginia,Kiribati,113,249-157-0948x39762
462,Branch 462,"36081 Barrett Fall Apt. 617, East Sarah, FL 38563",North Joseborough,Oklahoma,Belgium,172,001-101-167-6234x444
463,Branch 463,"076 James Dale Suite 054, New Ashlee, NJ 23589",Sandraburgh,Missouri,Saint Vincent and the Grenadines,264,+1-476-380-1985
464,Branch 464,"164 Hicks Port Suite 831, Port Matthewfurt, MT 51254",New Colleen,Tennessee,Timor-Leste,18,106-280-0996x030
465,Branch 465,"9025 Owens Knolls, Gregorymouth, DE 99550",Coxburgh,Alaska,Croatia,9,(666)065-1337x27820
466,Branch 466,"Unit 2327 Box 4390, DPO AE 21859",Fordberg,Arizona,Honduras,56,001-570-952-9225x26933
467,Branch 467,"17220 Lee Port, Coreybury, WA 08244",Port Kirkmouth,Rhode Island,Tonga,35,027-412-9762x245
468,Branch 468,"10961 Savannah Islands Suite 535, Lopezborough, KS 90183",Martinezport,New Hampshire,Dominica,19,(790)882-7880x50495
469,Branch 469,"07396 Hart Key, Laurieshire, HI 84566",Martinezberg,Minnesota,Aruba,222,001-892-861-9941x37301
470,Branch 470,"PSC 3933, Box 7296, APO AP 33415",South Adamfort,New Hampshire,Moldova,299,907-316-4521x4336
471,Branch 471,"222 Miller Lane, Harrisborough, VA 02739",Walkerland,Virginia,Dominican Republic,154,001-526-324-3849
472,Branch 472,"6306 Catherine Path, South Melanieville, PA 31595",Kimburgh,Mississippi,Madagascar,79,001-515-254-7926x674
473,Branch 473,"435 Christopher Valley, Madelinechester, ID 79561",Sandersville,Ohio,Fiji,212,703-552-6975x97240
474,Branch 474,"730 Cabrera Streets, Watkinshaven, CO 61526",North Johnshire,Mississippi,Bahrain,255,+1-968-658-4732x8430
475,Branch 475,"0871 Sheri Coves, Jademouth, NE 97008",Whiteberg,New York,Martinique,57,621-347-6871x31384
476,Branch 476,"403 Crystal Street, Angelaberg, MA 91107",South Mariamouth,South Carolina,Australia,47,702.645.6740x95877
477,Branch 477,"661 Barker Bypass, Reginafort, VT 26957",Sharonburgh,North Dakota,Bahamas,138,001-959-714-5861
478,Branch 478,"35662 Alvarez Manors, Port Charlesshire, CT 67041",Lake Ericaburgh,Kentucky,Montserrat,149,082.785.2826x36824
479,Branch 479,"55165 Courtney Valleys Apt. 303, South Calvinfort, MT 57632",West Malikburgh,Maine,Canada,300,933.931.1574x6714
480,Branch 480,"7490 Allison Falls, Lake Michaelview, LA 91518",Gwendolynburgh,Minnesota,Costa Rica,82,001-018-710-7950x5332
481,Branch 481,"20897 Carolyn Oval Apt. 956, Lake Jonathon, CT 75414",East Juan,New Jersey,El Salvador,57,+1-810-458-5795x74180
482,Branch 482,"06563 Jason Roads, East Glen, LA 18170",Michaelborough,Nevada,Brunei Darussalam,55,(804)357-0935
483,Branch 483,"628 Lawson Harbor Apt. 460, Lisaborough, WA 71659",Jenniferland,Idaho,Kuwait,139,382-250-9483x877
484,Branch 484,"422 Anderson Union Apt. 169, West Staceyland, MO 84478",Edwardsmouth,South Dakota,Liechtenstein,219,805-818-0353x6259
485,Branch 485,"USNV Fowler, FPO AP 50974",New Dylan,Oklahoma,Lesotho,177,001-779-716-0889x052
486,Branch 486,"PSC 0679, Box 1389, APO AE 82655",Kevinhaven,South Dakota,Latvia,258,010.992.8776x45188
487,Branch 487,"4893 Marcus Summit Suite 998, Hooverborough, ME 90913",Jacobshire,Connecticut,Pitcairn Islands,132,1504363828
488,Branch 488,"91573 Williams Field, West Samuel, MS 46846",Daleport,Kentucky,Iceland,198,411.029.3595x074
489,Branch 489,"7905 Dean Haven, Barnesshire, AK 28172",Port Bradley,Maryland,Saint Vincent and the Grenadines,210,+1-632-113-0112x36145
490,Branch 490,"8124 Anderson Mountains Suite 524, Ronaldborough, TN 38492",Judystad,Michigan,Guinea,51,001-972-939-9995x31889
491,Branch 491,"PSC 9105, Box 3360, APO AA 16230",South Karen,Oregon,French Polynesia,264,001-614-023-5406
492,Branch 492,"38433 Kelley Key, Noahbury, VA 90710",South Edwin,Virginia,United States Minor Outlying Islands,134,001-571-265-8533x675
493,Branch 493,"87926 Salinas Drives Suite 837, Willistown, OR 05807",New Denise,Wisconsin,Singapore,287,001-488-932-2830x0089
494,Branch 494,"3415 Poole Springs Apt. 795, Bobbyside, MA 06430",Watersberg,New York,Samoa,285,994.640.3041x788
495,Branch 495,"14091 Patricia Causeway, East Angelachester, KY 73173",Cheyenneburgh,Illinois,Svalbard & Jan Mayen Islands,128,(508)980-9575x005
496,Branch 496,"104 Rebecca Prairie Suite 825, New Jeremiah, WY 70832",Scottmouth,Connecticut,Poland,1,5444392778
497,Branch 497,"6974 Conner Harbors, West Donaldview, DE 41523",Jamesview,Kentucky,Tuvalu,267,065-045-0413
498,Branch 498,"USCGC Thomas, FPO AP 81972",Wheelerville,Kansas,Cameroon,183,254-945-4705x656
499,Branch 499,"369 David Causeway, Samuelmouth, KS 56634",Herreraberg,Oregon,Mayotte,155,+1-203-805-0178
500,Branch 500,"3046 Young Stravenue, West Michelletown, MA 98945",West Robertshire,Idaho,Dominican Republic,52,188.932.6629x37263
501,Branch 501,"627 Karen Field, Alexandraland, NE 97636",Bakerside,Missouri,Dominican Republic,122,001-131-420-2196x78241
502,Branch 502,"19085 Morgan Pike Suite 031, East Katieborough, NV 08040",West Jenniferberg,Utah,Northern Mariana Islands,71,+1-871-553-3865x79182
503,Branch 503,"9828 Mariah Cliffs Suite 597, New Devin, MD 79345",Williamsview,Idaho,Philippines,182,(499)464-2686
504,Branch 504,"287 David Crossroad Suite 596, Garciachester, AL 89719",Port Tonyfurt,Oregon,Kyrgyz Republic,212,(655)596-7875x424
505,Branch 505,"0018 Anderson Dam, South Nicholas, AK 34820",North Dianeside,Utah,Mauritania,86,9261279889
506,Branch 506,"47530 Reid Manors Apt. 276, Higginsview, MI 15160",North Williammouth,Ohio,Sweden,58,+1-471-388-5096x372
507,Branch 507,"8825 Laura Neck, Carrollchester, NY 54495",Davismouth,Delaware,Cayman Islands,253,(061)068-7848x97446
508,Branch 508,"010 Roberts Shores Suite 129, Selenafurt, VT 57638",Jacksonhaven,Mississippi,Namibia,106,(784)948-3582
509,Branch 509,"8125 Elizabeth Brooks, Meghanfurt, MN 29190",Brittanyburgh,Idaho,Austria,150,(315)130-6723
510,Branch 510,"72626 Jackson Crossroad Suite 486, Thomasbury, OK 73291",Christopherview,Colorado,Gambia,37,(772)913-7747x4421
511,Branch 511,"6834 Ramirez Street, Erikamouth, CT 48761",Lake Andrewchester,Wyoming,Timor-Leste,156,001-643-656-4747x2088
512,Branch 512,"USS Baldwin, FPO AE 07823",West Nicholasland,Minnesota,Holy See (Vatican City State),146,+1-294-943-5634
513,Branch 513,"8531 Timothy Harbors, New Mary, MS 18917",Jacquelinebury,Washington,Libyan Arab Jamahiriya,1,616.228.8616
514,Branch 514,"27449 Smith Lodge, Coxshire, IA 11618",Port Victoriamouth,Montana,Mauritius,36,883-254-5812
515,Branch 515,"564 Thomas Fork, South Wesleyhaven, MI 24007",Kristenfurt,Wyoming,Burundi,134,775.180.9093
516,Branch 516,"234 Julie Gardens Apt. 086, Elizabethchester, IN 94013",South Amandafurt,South Carolina,Bermuda,20,886-243-7339
517,Branch 517,"25762 Robinson Centers Suite 303, Anthonyside, SC 96013",South Oscar,South Dakota,New Zealand,211,572-191-7742
518,Branch 518,"032 Rodriguez Avenue, Maryborough, CT 54968",West Nancy,Delaware,Puerto Rico,59,134.880.0382x0036
519,Branch 519,"5682 Sandy Walks Suite 577, New Emily, NC 15386",Schultzmouth,New York,Iceland,232,885.103.7736
520,Branch 520,"68590 Hernandez Station Apt. 629, Harryside, TN 62235",Santanafurt,Arkansas,Togo,53,840-168-5086x1942
521,Branch 521,"USS Allen, FPO AA 85718",Hoodchester,Arizona,Austria,187,168-416-5479x88965
522,Branch 522,"7275 Dylan Glen, Lake Josephtown, NC 74809",Aaronchester,New Hampshire,Croatia,22,(816)523-4045x7077
523,Branch 523,"928 Amy Lock Suite 098, West Heather, NM 16258",East Jenna,Louisiana,Norway,237,+1-373-238-9040x32352
524,Branch 524,"PSC 5668, Box 0140, APO AP 60569",Port Charlesberg,Illinois,United States Minor Outlying Islands,105,585.142.4406x2144
525,Branch 525,"2404 Phillip Circles Apt. 244, Seanshire, ID 29324",Bakerbury,Missouri,Netherlands,122,336-233-2326x008
526,Branch 526,"7159 Escobar Lodge Suite 305, Shanebury, DC 46471",Michaelburgh,Colorado,Indonesia,247,(311)152-2660x274
527,Branch 527,"437 Kelli Neck Suite 071, Morriston, MT 32127",Port Christinaside,Alaska,Vanuatu,138,(860)169-8122
528,Branch 528,"260 Dyer View, North Andreaview, NJ 37551",Ryantown,West Virginia,Slovenia,269,+1-384-193-5149
529,Branch 529,"8348 Michael Islands Apt. 773, West Marvin, SD 84744",Devinmouth,Oklahoma,Kenya,264,129-547-0522
530,Branch 530,"3171 Reilly Haven Apt. 787, Andrewborough, WI 70006",South Mary,Nebraska,Guadeloupe,222,(793)781-3757
531,Branch 531,"54834 Henderson Mission Apt. 813, New Zachary, HI 87057",West Charles,Montana,Cocos (Keeling) Islands,139,468-766-5483x07796
532,Branch 532,"17685 Jones Neck Suite 154, Sanchezmouth, RI 56432",Jenkinschester,Ohio,Congo,113,001-815-558-3656x8481
533,Branch 533,"0765 Jerry Shore, New Kathy, NV 75129",Port Christine,Alaska,Tonga,293,796.712.7493x2657
534,Branch 534,"9863 Dawn Motorway, Lake Jessicaberg, FL 97293",Lorettaville,Kansas,Cuba,1,(857)732-2544x47972
535,Branch 535,"29048 Kidd Port Apt. 697, Port Shelly, CA 17761",Farrellfort,Washington,Peru,103,841.181.9811
536,Branch 536,"985 Nicole Key, Skinnerview, VA 32000",Lake Reneefurt,Texas,Svalbard & Jan Mayen Islands,268,(173)249-8728x322
537,Branch 537,"5840 Wells Falls Apt. 854, West Heidi, ID 37834",South Deanna,California,Falkland Islands (Malvinas),48,640-569-2482x071
538,Branch 538,"Unit 2898 Box 2468, DPO AE 34498",East Nicolemouth,Idaho,Kazakhstan,195,473.569.6694
539,Branch 539,"0809 Jennifer Island Suite 834, South Jeremyport, ME 70765",Jamestown,Mississippi,Kazakhstan,198,796.922.8186x402
540,Branch 540,"464 Gonzalez Loaf Apt. 994, South Matthew, SC 15967",North Daniel,Tennessee,Central African Republic,15,001-138-607-8809x679
541,Branch 541,"129 James Valleys Suite 219, Johnsonhaven, PA 52739",Berryport,North Carolina,Taiwan,122,215.972.9611
542,Branch 542,"27531 Alexander Rest Apt. 321, Annatown, RI 34436",Brianfurt,New Hampshire,South Georgia and the South Sandwich Islands,130,+1-685-770-0326
543,Branch 543,"64253 Hanna Harbor Apt. 258, Richmondborough, ID 92641",Joshuaport,Alabama,Suriname,238,956.605.0949x594
544,Branch 544,"USS Hart, FPO AP 26929",Jamieburgh,Missouri,Moldova,82,589.927.2464x438
545,Branch 545,"167 Young Vista, North Darlene, NV 80686",East Kristenfort,Utah,Sudan,55,+1-938-224-1249x0271
546,Branch 546,"76491 Gould Pike Apt. 555, Port Sarah, NC 34223",Lake Christine,Florida,Lesotho,262,(693)588-7503
547,Branch 547,"13507 Odonnell Forge, New Morgan, AK 01169",East Dylan,Ohio,Lesotho,290,(390)328-8176
548,Branch 548,"9704 Martinez Greens Apt. 792, Lake Jessica, NM 96816",Lake Rickey,Iowa,Saint Kitts and Nevis,71,805-112-7034x272
549,Branch 549,"371 Moore Underpass Suite 094, Elizabethview, AZ 39928",New Davidland,Kentucky,Libyan Arab Jamahiriya,237,313-989-5590x1352
550,Branch 550,"704 William Divide, Maryfurt, NM 15951",Paulabury,Nevada,Belarus,179,(963)732-5900x87841
551,Branch 551,"9064 Johnson Village, Port Ashleyfort, KY 27366",Johnshire,Wisconsin,Honduras,48,(803)931-6780
552,Branch 552,"672 Hughes Street, East Andreaview, PA 27603",Marcusland,New Hampshire,Timor-Leste,177,(705)158-8235x952
553,Branch 553,"27063 Gina Manors Suite 185, West Timothy, TX 26559",Lake Walterhaven,Louisiana,Azerbaijan,214,(991)230-9581x8482
554,Branch 554,"6239 James Pike, East Karen, UT 09826",Lopezshire,Wyoming,Panama,247,2347965040
555,Branch 555,"4490 Sandra Forks Suite 265, Juanberg, MS 95564",Simonview,New Mexico,Mauritius,110,147-985-2700
556,Branch 556,"979 Allen Land Apt. 549, New Christinaside, SC 97073",South Cynthiashire,California,Algeria,54,621-378-2120x12436
557,Branch 557,"81895 Gilbert Mount, Lake Jeffrey, SC 04135",Port Davidport,Iowa,Jordan,177,283-125-4394
558,Branch 558,"8506 Kelly Neck Apt. 307, Beckerborough, OK 55362",New Christopher,Wyoming,Central African Republic,80,001-182-677-0948x356
559,Branch 559,"015 Lopez Land Apt. 703, Lake Stephaniemouth, MS 47013",South Devin,Idaho,Isle of Man,244,+1-548-727-5208
560,Branch 560,"10030 Christopher Summit Apt. 944, East Gina, SD 31215",Johnbury,Illinois,Cameroon,103,395.157.5042
561,Branch 561,"59420 Wilson Freeway Apt. 084, Willisberg, PA 96498",Shawstad,Iowa,Saint Vincent and the Grenadines,31,(593)980-4146
562,Branch 562,"5008 Kelley Roads Apt. 019, Port April, NJ 08428",Marshallburgh,New Mexico,Togo,163,618-351-2903x859
563,Branch 563,"980 Douglas Court, Pattersonbury, ID 78509",North Jeremiahland,South Dakota,Tokelau,213,(008)518-7648x10481
564,Branch 564,"89434 Rose Pike Suite 228, Port Darinfurt, MA 71299",South Carlaburgh,Alabama,Dominica,164,+1-920-617-2482x23252
565,Branch 565,"2101 Amanda Forest Suite 693, New Stephaniechester, AL 88482",Leemouth,Colorado,Uganda,131,001-002-210-1371x15151
566,Branch 566,"7311 Navarro Mill Suite 551, West Amandaberg, FL 48110",Greenberg,Michigan,Trinidad and Tobago,191,(078)757-8219
567,Branch 567,"824 Mills Underpass, North Dean, DC 66263",West Joseph,Pennsylvania,Uruguay,200,583.701.6106x99877
568,Branch 568,"76038 Haynes Parkways, Robertport, AR 50179",Richardshire,Rhode Island,Guatemala,131,(522)686-4799
569,Branch 569,"00697 Miller Land, East John, OH 60095",New Brookechester,Michigan,Panama,29,001-901-346-1674x3043
570,Branch 570,"7889 Nathaniel Extensions, Davisberg, MN 15297",Montesview,Kentucky,Czech Republic,152,688-642-4330
571,Branch 571,"4933 Alexander Mountains, South Anthony, CA 55110",Seanshire,Texas,Eritrea,79,+1-111-232-0624x977
572,Branch 572,"453 Gonzalez Divide, North Danielleside, MN 37068",Mossborough,Kentucky,Grenada,128,288.303.6055
573,Branch 573,"PSC 0533, Box 4185, APO AP 32340",Lake Charleston,Illinois,Bangladesh,67,317-235-7690x68046
574,Branch 574,"3591 Anderson Light Apt. 132, Hendersonfurt, NH 86296",New Larry,Kentucky,Bouvet Island (Bouvetoya),37,(615)553-0983
575,Branch 575,"28600 Christopher Inlet, North Tracey, DE 26765",East Mckenzie,Colorado,Zimbabwe,206,280-417-4589x195
576,Branch 576,"78478 Davis Point, Wallacemouth, WV 15668",South Ericamouth,Louisiana,Somalia,248,(505)172-3895
577,Branch 577,"3799 Horton Court, New Michelle, OK 72898",Rebeccamouth,Alaska,Georgia,194,702.702.1652
578,Branch 578,"98938 Lam Valleys Suite 325, Lake Don, LA 47193",Thomasville,Illinois,Falkland Islands (Malvinas),299,+1-320-432-0499x3140
579,Branch 579,"11816 Kenneth Street, Erikashire, VA 40600",Lake Daniel,Colorado,Bouvet Island (Bouvetoya),291,+1-765-249-9054x829
580,Branch 580,"793 May Harbors, Port Jonathanport, MS 05027",East Angela,Arkansas,Saint Barthelemy,224,5590218470
581,Branch 581,"29324 Lynch Camp, New John, HI 12063",Davidstad,Georgia,Falkland Islands (Malvinas),213,+1-971-823-1246x1144
582,Branch 582,"733 Becker Union, West Timothy, OR 06415",Matthewside,Washington,Slovenia,35,+1-769-638-5889
583,Branch 583,"61393 Mandy Fork Suite 320, Sarahchester, AR 08439",Port Nicholasport,North Dakota,Syrian Arab Republic,44,6434937055
584,Branch 584,"58307 Margaret Shoal, North Christopher, MN 57704",East Jennifer,New Hampshire,Kuwait,232,(752)462-3576x165
585,Branch 585,"1503 Wright Islands, Martinezmouth, TN 25090",Haroldland,Alabama,Papua New Guinea,74,0634565074
586,Branch 586,"975 Christopher Green, Monicamouth, WY 52737",Veronicaside,Massachusetts,Iceland,47,001-139-230-5163x929
587,Branch 587,"835 Patricia Parkways, South Angela, CA 27535",West Aaron,North Carolina,Nicaragua,45,4774913897
588,Branch 588,"7930 Rodney Neck Apt. 267, Shannonfort, ME 76550",Port Miguel,West Virginia,Lebanon,137,449-541-7916
589,Branch 589,"396 Good Mount, Port Nathanbury, WA 63245",New Jimmychester,North Dakota,New Zealand,18,+1-690-299-7413x7457
590,Branch 590,"45147 Anthony Cape, Matthewport, RI 82944",East William,South Dakota,Haiti,62,513-577-6393
591,Branch 591,"95125 Yolanda Run Apt. 839, Johnberg, NH 92833",Vasquezshire,Alaska,Tonga,282,(704)689-8215
592,Branch 592,"4813 Laura Unions Suite 045, Stephenstown, RI 60076",Shelbystad,Minnesota,Myanmar,10,001-600-807-6127x55724
593,Branch 593,"2666 Katherine Lodge Suite 229, Alvarezfort, KS 39912",Cooperville,Hawaii,Tanzania,140,5138679962
594,Branch 594,"USCGC Williams, FPO AP 26644",Port Deborahtown,Delaware,Macao,151,001-043-155-1747x8636
595,Branch 595,"6623 Yates Ports Suite 804, Jessicaport, FL 22000",Heiditon,West Virginia,Albania,247,(041)400-2819x38221
596,Branch 596,"059 Jacob Lane Suite 642, Silvachester, AK 98203",Mclaughlinfort,Washington,Belarus,84,(038)928-4154
597,Branch 597,"892 Scott Ramp Suite 933, Port Zacharyport, OH 77527",Amandabury,New Hampshire,Cuba,144,+1-100-612-0264x01402
598,Branch 598,"USNV Santana, FPO AP 96240",East Davidchester,Nevada,Eritrea,17,025.536.2466
599,Branch 599,"PSC 5829, Box 7910, APO AP 08549",Jamieland,Indiana,Panama,257,001-092-414-4573x345
600,Branch 600,"USNV Harrison, FPO AE 54687",Butlerville,Idaho,Sudan,111,001-110-285-9759
601,Branch 601,"22622 Rodgers Spurs, South Justinshire, NY 18913",Dennismouth,Utah,Guinea-Bissau,153,+1-546-835-3975
602,Branch 602,"910 Diaz Ridges Apt. 558, Port April, NE 17414",North Erica,Rhode Island,Malawi,62,502-821-5494x658
603,Branch 603,"53676 Gonzalez Views, Lake Nicholas, AL 23691",New Julia,Rhode Island,Gambia,91,001-414-227-7322x07778
604,Branch 604,"71304 Ashley River Suite 554, Christinabury, KY 79260",Wallmouth,Alaska,Belarus,272,503.573.5862x49906
605,Branch 605,"248 Francisco Point Suite 367, Catherinefort, VA 23406",North Courtney,Virginia,Guam,247,+1-907-026-8035
606,Branch 606,"358 Meyer Squares Suite 207, Jackburgh, NJ 04628",Andrewburgh,Connecticut,Sierra Leone,204,9703377099
607,Branch 607,"8412 Laura Groves Apt. 787, Port Mikeshire, MT 56855",Rodriguezborough,New Mexico,British Indian Ocean Territory (Chagos Archipelago),192,(639)567-2442
608,Branch 608,"USNV Savage, FPO AP 18839",Torreshaven,Oregon,Sri Lanka,132,345-148-2354x86974
609,Branch 609,"3401 Michael Orchard Apt. 203, Brownland, NV 66425",South Pamela,Hawaii,Norway,63,(762)917-0403
610,Branch 610,"PSC 3404, Box 5811, APO AE 26836",Port Jennifer,Nebraska,Mexico,291,504.557.2009x82090
611,Branch 611,"460 Melanie Port, Pottsberg, ME 91398",New Gregbury,Florida,Turks and Caicos Islands,171,770-533-0267x081
612,Branch 612,"760 Michael Spurs, Taraport, DC 45805",Bradleystad,North Dakota,Dominica,169,(919)121-2235
613,Branch 613,"37400 Marshall Parks, Jessicamouth, IL 11698",Nancymouth,Kansas,Seychelles,17,001-123-840-2519x544
614,Branch 614,"833 Andrea Stravenue, South Michael, RI 77065",West Garystad,Wyoming,Netherlands Antilles,164,9917119277
615,Branch 615,"431 Alexander Light Suite 936, Guzmanmouth, VT 61225",North Eddieside,Arkansas,Belize,227,+1-533-769-6412x9996
616,Branch 616,"6711 Cheryl Drive, Stephanieport, MT 21417",Stoutside,Louisiana,Western Sahara,273,(110)067-5249x7926
617,Branch 617,"54345 Jill Trail Apt. 758, Perezmouth, OR 50124",New Ryanmouth,Maine,Niger,177,022-876-0994x240
618,Branch 618,"73887 Copeland Rapid, Juanview, ND 28179",East Sue,New Mexico,Turkmenistan,170,+1-185-376-6108x0624
619,Branch 619,"409 Brian Court, Matthewsfurt, UT 55244",Juliefurt,Missouri,Germany,176,+1-622-604-1043x8898
620,Branch 620,"4513 Larry Key, Burkeville, NH 45348",Jaredmouth,Pennsylvania,Cocos (Keeling) Islands,76,(925)022-1798x172
621,Branch 621,"345 Phillips Haven, Bairdville, KY 19074",Johnsonfort,Colorado,South Africa,78,(636)113-4899x582
622,Branch 622,"454 Kim Bypass Suite 442, North Lisaland, NY 87299",Riveraborough,Ohio,Indonesia,240,+1-564-117-1924
623,Branch 623,"PSC 1001, Box 8353, APO AA 66132",Lake Jessicafort,New Jersey,Grenada,218,(457)510-8109
624,Branch 624,"638 Harvey Turnpike Suite 806, Hodgeschester, NH 49855",Port Natalie,Indiana,Mauritania,12,439-757-4162
625,Branch 625,"PSC 8605, Box 2796, APO AA 62043",East Richard,Arizona,Portugal,273,+1-993-538-0232x3415
626,Branch 626,"2088 Lee Keys, Fordview, NJ 68147",Lake Eric,Missouri,Tuvalu,164,827-252-8314x839
627,Branch 627,"646 Wilson Expressway, North Marymouth, NH 45633",Port Bryan,Colorado,Israel,282,089-348-1510x51291
628,Branch 628,"885 Crawford Haven Apt. 120, Heatherbury, MS 31907",Michelleview,Texas,Isle of Man,221,547-953-9760x466
629,Branch 629,"8784 Garrison Court, Lorimouth, ID 47803",Lake Curtisside,Texas,China,52,498.212.2762
630,Branch 630,"038 Renee Locks Suite 552, Johnchester, CA 96826",Briannafurt,Maine,Kuwait,115,(757)739-3659
631,Branch 631,"667 Mccarthy Ridge Apt. 373, New Georgefurt, LA 40758",East Robert,Vermont,Chad,106,449-676-3506x3044
632,Branch 632,"94355 Brown Mount Apt. 111, Travisville, DC 29698",West Mark,Montana,Uganda,271,001-857-139-8243x39874
633,Branch 633,"79951 Rodney Brooks Apt. 294, Lake Vincent, OH 91770",North Brandonport,Maryland,Puerto Rico,50,001-010-428-4875x6609
634,Branch 634,"Unit 9463 Box 6046, DPO AA 74167",Mathewshaven,Arkansas,New Zealand,196,(925)312-1654
635,Branch 635,"4578 Elizabeth Crest, Tinaside, ND 40369",Heatherland,Kentucky,French Southern Territories,227,701-167-1502x59064
636,Branch 636,"933 Rhonda Viaduct, Jessicaland, SC 39371",Kaitlinbury,West Virginia,Svalbard & Jan Mayen Islands,23,054-444-7892x31876
637,Branch 637,"73098 Price Mews, North Justin, HI 92634",East Whitney,North Dakota,Burundi,247,(608)452-9484
638,Branch 638,"1911 Cynthia Via Suite 577, North Briannaview, WA 65472",Sandratown,Delaware,Malaysia,25,(197)142-3426x035
639,Branch 639,"4742 Cindy Field Apt. 983, North Kevin, WV 70290",New Calvinberg,Utah,Botswana,213,288-700-1447x64243
640,Branch 640,"4113 Lorraine Drives Apt. 504, Calebburgh, WI 98296",East Josephville,Montana,Norfolk Island,276,060-218-7754x90992
641,Branch 641,"2743 Fleming Fields Suite 156, New Justin, ND 09761",West Saraberg,Wyoming,Guinea,77,456-785-2082
642,Branch 642,"326 Zachary Lodge Suite 302, South Carl, VT 77412",Lisashire,Wyoming,Macedonia,118,843-980-2836x8023
643,Branch 643,"9212 Jennifer View, Christopherberg, NV 55372",Thomasshire,Delaware,Bosnia and Herzegovina,165,3837108428
644,Branch 644,"Unit 0824 Box 5189, DPO AP 69065",Ryanhaven,Massachusetts,Angola,285,+1-790-419-2364
645,Branch 645,"Unit 3736 Box 0250, DPO AP 77365",Lake Patrick,Wyoming,Paraguay,46,543-769-2831
646,Branch 646,"PSC 1820, Box 1276, APO AA 53889",Williamfort,Connecticut,Western Sahara,248,+1-468-843-1213x87519
647,Branch 647,"6429 Amber Skyway, Amandaland, AK 54591",Johnview,Arkansas,Uruguay,283,599-759-5618x2057
648,Branch 648,"8893 Garcia Rapids, South John, RI 81693",Austinmouth,Indiana,Spain,193,3734113070
649,Branch 649,"35089 Howell Estate, Lake Sandraburgh, LA 19444",North Kenneth,Vermont,Madagascar,189,001-878-407-9329x9115
650,Branch 650,"90593 Andrew Creek, Jorgeborough, AR 75943",New Rebecca,Arizona,Mauritius,250,675.885.5535x7642
651,Branch 651,"878 Wright Mills, New Tamara, MI 70492",Ibarraborough,California,Christmas Island,216,001-008-845-7755
652,Branch 652,"5124 Lopez Oval, Port James, MA 28195",Lake Sharonport,Illinois,Bulgaria,155,+1-215-103-8880
653,Branch 653,"47174 Rebecca Ville, Loriborough, MA 45244",Port Dawnmouth,Ohio,Colombia,99,518-484-1874x05353
654,Branch 654,"1680 Melissa Street, Port Kurthaven, KS 13227",Alisonmouth,Arizona,South Africa,122,001-430-663-1153x9659
655,Branch 655,"243 Lisa Knoll Apt. 141, Juliechester, ND 13537",East Robert,Florida,Guam,116,3191774940
656,Branch 656,"9568 Brown Pine, North Katie, TN 58580",Lake Williamfurt,Oklahoma,India,26,(185)997-7150
657,Branch 657,"43609 Christian Mews, Jacquelinehaven, WY 71517",Brettmouth,Mississippi,Bangladesh,25,(879)563-3767x737
658,Branch 658,"2188 Kellie Gateway, Lewisview, ND 29619",North Andrew,New Mexico,Belize,266,006-404-9584x086
659,Branch 659,"4769 Kevin Pike, Lake Daisy, SD 17756",Michaelside,Wisconsin,Czech Republic,156,001-544-551-1629
660,Branch 660,"801 Kimberly Springs Apt. 787, South Curtis, AZ 24537",Gloverchester,Massachusetts,Liberia,158,5926615848
661,Branch 661,"5209 John Extensions Suite 299, East Albert, NE 58822",Ryanhaven,Utah,Croatia,173,405.451.0868x7506
662,Branch 662,"USNV Watts, FPO AA 41457",North Michelle,New Hampshire,New Caledonia,48,001-798-669-7121
663,Branch 663,"614 Robin Ferry Suite 366, Hernandezton, TN 93193",Matachester,Kansas,Argentina,191,001-034-030-1662x899
664,Branch 664,"35002 Jacqueline Rest Apt. 365, Andersonfort, NY 06121",Hallport,Florida,Costa Rica,194,(770)393-7454x49043
665,Branch 665,"48893 Smith Gardens Apt. 617, Lake Gregoryborough, IA 47741",South Allison,Arizona,Puerto Rico,44,+1-758-889-7947x68367
666,Branch 666,"43034 Gordon Squares Apt. 457, Sullivanton, NC 50300",Keithhaven,Indiana,Russian Federation,76,1820145607
667,Branch 667,"864 Larry Crossing, North Donald, IN 01741",Lake Howardfurt,Maryland,Syrian Arab Republic,217,(716)809-4168
668,Branch 668,"6851 Smith Mountain Apt. 977, Andrewport, RI 50071",Deanmouth,Hawaii,Wallis and Futuna,282,105-188-5485x582
669,Branch 669,"99196 Nancy Stravenue, West Jeremytown, MI 12354",Lake Jeremy,New Hampshire,Bulgaria,15,837.619.9967x2764
670,Branch 670,"1827 James Garden, West Lindaburgh, RI 96349",North Daniel,Massachusetts,Mauritania,98,001-850-187-8095x329
671,Branch 671,"176 Wilson Spring Apt. 070, Boylehaven, KY 51280",Scottview,New York,Yemen,272,608.726.9314x5423
672,Branch 672,"51354 Stephanie Ports, East Johnhaven, KY 29575",Port Jenniferland,New Hampshire,Swaziland,250,424-107-9222x074
673,Branch 673,"956 Darius Skyway, Martinezberg, CT 54592",Annside,Rhode Island,Malawi,170,770.516.1553x75383
674,Branch 674,"742 Rangel Port Apt. 972, North Erin, MO 01757",New Samuel,Nevada,Indonesia,56,001-694-145-9575x0155
675,Branch 675,"737 Robert Inlet, Dayville, NM 78286",Vaughnview,Alaska,Burundi,298,152.606.1671x53439
676,Branch 676,"280 Michele Row Apt. 813, North Melindahaven, MI 30801",Williamsmouth,Florida,Dominica,93,(365)695-8298
677,Branch 677,"Unit 7421 Box 4896, DPO AE 24518",South Kristenfurt,Kentucky,Togo,189,001-776-125-9373x0225
678,Branch 678,"78739 Timothy Highway Apt. 275, East Jeffrey, KS 73806",Katelynmouth,Oregon,Libyan Arab Jamahiriya,142,100.106.6483x98322
679,Branch 679,"078 Perkins Junction Suite 304, East Patricialand, FL 68692",Hannahville,Tennessee,El Salvador,36,393-505-6104
680,Branch 680,"333 Jennifer Alley Apt. 699, Grimesmouth, IN 29922",Campbellmouth,Iowa,Ecuador,246,(491)174-6316x305
681,Branch 681,"USCGC Dunn, FPO AE 31583",West Robinburgh,Mississippi,Togo,295,260-359-8093x4817
682,Branch 682,"33224 Thomas Branch, North Brendatown, VT 83418",North Mary,Utah,Monaco,256,122-356-8862
683,Branch 683,"6937 Rodriguez Cliffs Suite 015, East Clifford, IL 34776",North Tara,Massachusetts,Algeria,67,(826)781-3055
684,Branch 684,"402 Kenneth Club, Josephtown, MN 89999",Lake Debbie,North Carolina,Latvia,7,(416)241-1351
685,Branch 685,"17827 Luis Pass Suite 145, Sandersshire, DE 88610",Coxmouth,New York,Burkina Faso,231,195-539-7072x8292
686,Branch 686,"6612 Lisa Centers, Hendersonstad, NE 89055",South Kellytown,New Hampshire,Ghana,141,516.346.7134x5842
687,Branch 687,"01260 Nathan Lake Suite 111, Harrisonshire, MD 62309",New Megan,Louisiana,Gabon,164,978.080.8322
688,Branch 688,"0071 Stephens Unions, Lake Rachel, MN 76966",Warnershire,Arkansas,United States Minor Outlying Islands,134,936.253.1681
689,Branch 689,"125 Lin Loaf Suite 163, Mendezland, ND 19277",North Meganland,Washington,Kiribati,248,+1-515-032-3167
690,Branch 690,"6555 Rodriguez Cliffs Apt. 582, Matthewland, SD 70086",Jeremyshire,Montana,Honduras,259,(014)976-7503
691,Branch 691,"423 Peggy Inlet, Patelstad, WA 32909",Karinastad,Georgia,Gabon,38,312.796.6299x025
692,Branch 692,"0795 Michael Place Suite 151, Proctormouth, UT 73794",New Karen,Kansas,Burundi,150,488-394-8341
693,Branch 693,"616 Regina Port Suite 154, Jamestown, DE 89459",Williamland,Montana,Bhutan,105,001-134-812-8572x0744
694,Branch 694,"5820 Mercado Coves Apt. 482, Port Ernestborough, CO 01220",Schmidtshire,Alaska,Niger,131,892-403-4094
695,Branch 695,"04614 Angelica Street, Amandaland, AZ 72939",New Kenneth,Michigan,Christmas Island,62,001-314-284-7683x65027
696,Branch 696,"1917 Sarah Forge, South Jasonhaven, DC 10425",East Curtismouth,Montana,Sudan,297,457.288.5492x532
697,Branch 697,"1231 Sparks Throughway, Angelaport, NE 05956",North Juanton,Kentucky,Angola,291,(772)477-5298x629
698,Branch 698,"6244 Jenna Tunnel Suite 603, Diaztown, AR 27461",Lake Amandabury,South Carolina,Vietnam,97,001-936-839-9743
699,Branch 699,"4469 Torres Well, Andersonhaven, GA 93839",Port Tracy,South Carolina,Malta,7,(389)213-6088x268
700,Branch 700,"74887 Marie Trafficway, Philipville, TN 67071",Kramerstad,Michigan,Niue,195,001-762-453-5516x143
