Customer_ID,Card_Number,Card_Type,CVV,Expiry_Date,Limit,Status
484,6497468186628012,Discover,832,2029-04-17,19869.64,Inactive
798,4095742821108661,Discover,892,2029-08-08,46469.1,Blocked
672,9321150317573664,Discover,747,2028-11-07,24293.22,Expired
349,8919237387779208,MasterCard,334,2028-04-27,1576.17,Expired
166,3578468479409754,Visa,276,2029-11-08,7184.86,Expired
657,7210785647774504,American Express,8006,2030-10-02,10999.37,Inactive
754,6135613410949923,Visa,807,2027-06-25,27458.97,Inactive
413,2418166777359890,Discover,944,2026-09-27,17530.32,Active
600,6326663402172533,MasterCard,358,2031-11-02,30771.81,Expired
975,1942962204629406,Discover,952,2029-10-08,27512.96,Blocked
405,9252974725076547,MasterCard,628,2026-06-24,42515.3,Expired
988,0873012295728799,Visa,801,2027-07-06,10660.28,Expired
43,7874469071400195,MasterCard,887,2026-06-05,10650.15,Expired
265,4286135622649668,Visa,643,2029-03-14,15118.08,Expired
875,7570018234495412,Visa,590,2028-01-04,40967.57,Expired
119,1984039699609100,Discover,728,2028-01-19,27250.4,Blocked
284,6925617996304441,American Express,8040,2027-06-14,1712.29,Active
976,7429918530438853,MasterCard,939,2026-05-02,20197.86,Active
524,2472607768100244,Visa,272,2027-02-24,25225.04,Inactive
108,4510238689037443,Discover,834,2026-12-03,13040.16,Expired
914,5308980621857947,American Express,1208,2030-01-10,24739.45,Active
685,8354135045691384,Discover,774,2030-08-22,10438.28,Inactive
130,3381970267055129,Discover,533,2027-02-01,42207.98,Blocked
910,7457531181922318,MasterCard,479,2027-04-05,3453.38,Inactive
934,5340312846828057,Visa,531,2027-02-01,39883.11,Inactive
521,8134137597417645,Visa,965,2031-06-22,25052.14,Inactive
450,7718234685494014,MasterCard,635,2027-03-26,4006.43,Inactive
913,7514096048417454,American Express,9645,2028-05-01,14737.99,Active
242,0673057140317071,American Express,1095,2028-04-10,3477.15,Active
230,7046781608359078,Discover,191,2026-02-26,12127.93,Blocked
857,3385726741741958,American Express,6615,2031-08-11,11862.0,Blocked
183,0347296220838425,Visa,576,2027-12-20,30551.33,Expired
501,7448177821919118,Discover,318,2029-04-11,31264.18,Expired
358,9945172898756229,MasterCard,242,2028-01-07,44999.13,Expired
788,2821347907859278,Visa,102,2030-05-22,15429.89,Active
1,0719171508514263,MasterCard,642,2028-01-08,11334.04,Expired
265,1562051835517157,American Express,6045,2028-08-02,31179.67,Expired
803,2365339320313168,Visa,867,2028-09-02,35875.24,Expired
638,3171226231271733,American Express,4985,2028-04-11,40671.86,Active
920,6460359793403980,MasterCard,522,2030-04-16,7357.53,Inactive
646,7165902630209059,American Express,6343,2028-10-10,24166.59,Expired
38,2224593867359523,MasterCard,750,2027-08-04,47957.93,Active
365,8900707030984518,American Express,8648,2031-07-18,27867.53,Active
572,0807044533981048,American Express,5727,2028-10-12,1276.94,Expired
566,4258354124641164,Visa,773,2031-11-11,21925.67,Active
385,8035398405457125,Discover,522,2030-04-12,29667.34,Active
443,4298312343624595,Discover,492,2026-12-30,47804.61,Inactive
806,4824020170500226,Visa,737,2026-10-10,10328.8,Expired
455,3333430403642927,Discover,927,2029-06-05,47543.54,Expired
457,8276409073891971,Discover,740,2029-05-29,17098.36,Expired
33,2461233684248131,American Express,3641,2028-06-06,43708.94,Expired
617,7809826894044869,MasterCard,107,2032-01-16,20956.01,Blocked
552,1430167891007380,American Express,8343,2028-12-03,47056.51,Blocked
104,3367721196893944,Visa,631,2028-04-27,45869.47,Inactive
376,3728630404450373,MasterCard,170,2028-07-03,18392.95,Expired
7,2946583755708887,American Express,5261,2028-11-20,22495.62,Active
865,9761247851812546,MasterCard,311,2031-03-11,38992.1,Inactive
491,1006131172053860,Visa,438,2031-03-05,40555.37,Expired
77,9283049374809446,Visa,164,2026-10-19,1758.63,Active
840,5620562933147083,MasterCard,567,2028-01-03,10251.42,Inactive
59,6873725354644358,American Express,9951,2031-01-16,32252.03,Expired
884,9247955629315070,MasterCard,436,2029-04-24,30012.27,Inactive
441,8156548791329346,Discover,681,2030-06-14,21611.08,Active
865,0480248131058010,Discover,590,2030-06-19,41500.05,Blocked
708,0384869341912419,Visa,580,2030-08-16,31458.9,Expired
963,9997422076139813,American Express,2406,2028-05-06,42539.54,Expired
257,6156446077331548,American Express,5008,2027-08-29,21285.99,Blocked
785,5571429274528764,MasterCard,950,2027-08-27,39663.63,Inactive
649,8950140765576885,American Express,5167,2028-11-12,40821.7,Active
402,9586656582922897,MasterCard,199,2026-11-08,36193.47,Expired
418,6991906199581551,Visa,879,2026-03-06,46773.56,Blocked
546,5743299904902390,American Express,3838,2031-08-16,1036.88,Expired
356,3157720652987055,Discover,906,2029-12-04,2409.74,Inactive
186,5118341420131453,Visa,316,2029-06-29,18756.58,Active
544,8018633406025308,Visa,853,2029-05-26,44970.43,Blocked
538,4689230376505416,Discover,177,2026-09-14,5611.36,Blocked
14,5980092898616489,MasterCard,117,2027-07-24,6689.35,Active
475,3058046122198988,MasterCard,541,2026-09-17,33123.2,Active
232,4437889346584804,American Express,3841,2027-03-05,28284.36,Inactive
944,1105530782556908,MasterCard,938,2028-02-19,49057.44,Inactive
320,1381130881546617,Discover,884,2029-02-20,4887.22,Inactive
462,5172729881817065,American Express,8082,2026-05-03,24406.64,Inactive
123,5068123884761357,Discover,387,2029-05-21,24789.58,Inactive
824,9776045430082457,American Express,4113,2026-10-01,49935.67,Active
605,7143393171512589,Visa,756,2027-07-17,10362.25,Active
614,0230031657744629,Discover,561,2031-12-27,8164.26,Blocked
54,9088963691750501,MasterCard,321,2029-05-22,27143.48,Blocked
329,0470070780226353,Visa,706,2030-07-19,20675.9,Inactive
714,6850146070270216,American Express,5121,2029-05-22,21229.67,Active
450,5972638451811267,American Express,8607,2031-08-10,6738.48,Blocked
778,6072829338410014,Discover,494,2028-10-03,41141.05,Inactive
613,8963592457479034,MasterCard,712,2030-05-03,34513.74,Active
802,8000950759097737,Discover,736,2027-04-08,28962.67,Blocked
695,2865609120142663,MasterCard,838,2027-01-14,44222.72,Active
570,1479568691884078,Discover,772,2028-11-07,8334.94,Active
863,0255635264243143,Visa,776,2027-07-14,23594.16,Blocked
326,4318352197795932,Discover,350,2027-01-13,32152.32,Expired
388,0037736647023889,MasterCard,514,2028-05-09,30137.6,Expired
686,5402796844296780,Discover,312,2031-05-27,30349.49,Blocked
297,4805434734872738,MasterCard,916,2027-06-17,9236.19,Inactive
705,0472691775405217,American Express,3003,2029-06-20,6369.61,Blocked
307,0651377171146673,MasterCard,634,2029-04-12,48486.31,Inactive
839,4204008613190718,MasterCard,814,2027-03-09,16439.48,Blocked
975,9935120246427831,Discover,999,2031-07-22,49819.89,Expired
463,8429841238562749,Visa,125,2028-09-11,10224.22,Inactive
103,6252810518682846,Visa,569,2029-09-18,25934.4,Blocked
319,3752914219766695,MasterCard,154,2027-07-04,18985.76,Blocked
314,0753465788923474,Discover,786,2028-10-16,33497.99,Expired
854,4510482741155992,American Express,9693,2031-02-08,34867.37,Active
508,9362080832131885,American Express,1169,2027-11-27,38071.92,Expired
928,8059595781205014,MasterCard,852,2027-01-30,33191.18,Blocked
903,1962538677210995,Discover,358,2029-12-21,46141.01,Expired
100,5429361235037376,American Express,6520,2028-04-04,22585.68,Blocked
800,2297772296269905,MasterCard,570,2029-02-15,34639.12,Active
765,7853436686828027,MasterCard,531,2029-01-16,38777.14,Expired
44,1499479972023520,Discover,151,2031-09-21,34890.9,Active
23,8986201389218660,Visa,344,2032-01-18,9506.58,Expired
627,4842791561415446,American Express,4060,2027-01-03,41181.88,Active
885,7636790549652348,American Express,4438,2026-04-11,31504.55,Blocked
572,2551210189833899,Discover,824,2028-04-10,41914.15,Expired
413,6113244275002760,Discover,837,2026-12-07,8495.16,Expired
195,0468051609799699,Discover,351,2029-07-29,29178.75,Blocked
917,7435154325803503,Visa,989,2028-08-22,44638.33,Inactive
686,1867804930853509,Visa,522,2029-01-27,26165.33,Active
27,1671584663941944,Discover,140,2030-08-09,23622.58,Active
336,4753652686605877,MasterCard,401,2029-06-24,28070.85,Blocked
597,7104349853952207,Discover,247,2031-09-22,29896.21,Active
691,9869553187935132,Visa,119,2027-04-21,23021.28,Active
97,4830310143949424,American Express,9118,2029-02-03,18798.05,Active
822,5190778314175484,American Express,3789,2027-06-06,33062.28,Inactive
640,5851101696592859,Discover,551,2030-09-26,6503.45,Expired
924,3650277829646002,Visa,480,2028-06-29,12103.07,Blocked
755,1528119416188942,Visa,894,2030-04-18,34252.67,Active
177,1536426106210262,American Express,4542,2032-01-07,47242.62,Active
297,7123992126039343,American Express,6503,2027-08-29,9468.95,Expired
741,3423482391985752,Visa,532,2026-05-07,28177.71,Active
213,3862501713420049,MasterCard,159,2027-04-09,32547.94,Blocked
130,4248013273032659,American Express,6321,2029-01-07,27400.16,Inactive
411,9214702666012119,Discover,574,2026-05-20,33131.94,Inactive
461,8357751233715781,Discover,776,2032-01-13,23078.25,Blocked
949,0202061585688866,Visa,397,2026-12-19,17124.99,Expired
86,5710125686230191,American Express,5499,2030-10-10,14222.27,Expired
493,4230483068096006,Discover,950,2030-10-08,14769.75,Blocked
611,3799311916393207,MasterCard,337,2030-03-21,25128.95,Active
501,7513021655007441,MasterCard,262,2029-09-02,49853.91,Blocked
890,9450641681524585,MasterCard,764,2031-12-30,42168.35,Active
343,4863973207661359,Visa,938,2026-07-27,35282.11,Blocked
502,0406663790837163,American Express,2861,2031-12-18,18910.95,Inactive
142,5453142911325877,American Express,2437,2029-03-05,35999.24,Inactive
929,1945700788416095,MasterCard,920,2026-10-19,33650.69,Expired
432,3522811992705032,American Express,8506,2031-02-26,49718.72,Expired
873,2196419820902095,MasterCard,287,2030-06-18,29397.28,Blocked
423,6643000579883215,Visa,174,2028-12-01,19738.69,Expired
538,8237423953835621,MasterCard,516,2027-09-28,28222.54,Blocked
967,0691108811816661,American Express,2477,2027-03-04,31140.23,Expired
309,8469090512585280,Discover,849,2027-10-07,15003.27,Blocked
283,6919554351858802,MasterCard,357,2027-01-29,9814.02,Inactive
251,4888516607420919,Discover,909,2027-07-30,49628.0,Active
732,4574628958472280,Discover,382,2026-02-28,29145.39,Expired
998,4373466548312634,Visa,380,2026-08-19,48114.44,Active
935,6747532498250903,Discover,254,2028-08-16,42045.66,Inactive
219,9759472392676616,MasterCard,280,2027-08-05,9776.22,Blocked
691,0000878307202318,Visa,829,2027-02-22,27757.51,Inactive
250,8525686464621689,Discover,149,2031-03-27,33959.55,Active
312,4426528516108732,MasterCard,736,2031-10-15,40524.15,Expired
315,6654973261052759,MasterCard,508,2031-01-23,38733.24,Expired
897,6836819417485044,Visa,805,2031-08-31,11134.78,Blocked
377,6043048892869667,Visa,197,2027-08-22,9876.81,Blocked
499,2652772937817024,American Express,8698,2029-03-28,10893.65,Inactive
609,5346476933499611,MasterCard,261,2031-07-11,24246.52,Inactive
710,4162796473793023,American Express,7974,2030-01-22,25537.05,Expired
597,5485487929277640,Discover,803,2031-12-21,46283.4,Inactive
958,8867803351145877,Discover,418,2028-02-17,15396.89,Inactive
243,6692418952360358,MasterCard,337,2028-03-07,37613.01,Expired
180,1297201543617139,MasterCard,997,2027-08-19,31307.37,Active
205,0029923017185124,Discover,423,2031-09-23,24737.92,Inactive
104,8305704737565762,MasterCard,251,2026-04-23,8963.07,Active
671,1554483448745208,Discover,735,2031-07-02,49686.1,Expired
977,9193124917759406,Discover,648,2031-10-14,11899.24,Blocked
755,3860129612044722,Discover,160,2031-11-21,21592.27,Inactive
587,4448736880130596,MasterCard,764,2026-04-28,33581.33,Blocked
379,5949894100334536,American Express,7454,2027-04-11,49368.31,Active
259,3865407299762176,MasterCard,559,2032-01-23,20146.61,Blocked
832,7708393749368249,American Express,5767,2030-06-05,9911.91,Expired
353,2276584235038066,Discover,217,2031-06-18,26788.18,Active
738,0871011273807894,Visa,626,2026-08-11,36694.78,Blocked
758,9409560643878994,Discover,499,2030-07-20,3803.95,Blocked
506,2537973377905815,Visa,855,2030-03-14,16165.21,Active
76,9090414391867287,Visa,476,2029-01-07,20599.03,Inactive
942,1629174614165902,American Express,5595,2031-12-12,31657.37,Active
398,9325843512363343,Discover,116,2031-11-24,36347.6,Blocked
179,9061389389456025,American Express,8563,2028-11-17,14408.71,Inactive
302,2936635492669751,Visa,728,2030-08-08,36452.17,Expired
900,0292892558570224,MasterCard,208,2028-07-18,8481.43,Inactive
287,3277657667635677,Visa,806,2027-04-29,44652.06,Blocked
656,4102809043378389,MasterCard,488,2027-12-06,4544.64,Active
239,4251480099171473,MasterCard,984,2030-09-21,33986.25,Expired
3,5694556351793966,MasterCard,154,2028-06-15,27034.16,Expired
414,3907625960073776,American Express,5454,2029-03-17,47230.3,Inactive
815,4167925034132978,Discover,663,2026-03-03,29093.93,Blocked
852,9082460199992849,MasterCard,959,2028-05-19,18180.83,Expired
691,7486603577637268,Discover,877,2029-09-27,18975.5,Expired
440,2210505829853048,MasterCard,103,2030-08-02,33026.52,Active
935,6814228651084243,American Express,6496,2026-06-18,20664.32,Expired
368,0271681926392253,Discover,958,2029-08-03,44270.22,Active
271,1721203962848473,Visa,999,2030-03-14,17808.05,Blocked
447,5102682935332234,MasterCard,391,2027-08-18,9545.21,Blocked
262,7432135530953981,Visa,384,2027-09-08,32243.69,Expired
20,8232086006610305,Discover,306,2030-10-19,34211.07,Active
291,5868321883858285,Discover,854,2027-06-08,36689.52,Blocked
931,7516737777851609,American Express,9587,2027-08-23,23026.36,Expired
382,3660966326864563,Discover,491,2029-06-04,6331.67,Expired
198,8353080268327611,Visa,565,2030-08-20,20673.19,Expired
370,1662856054847591,American Express,1013,2030-12-11,6312.37,Inactive
876,1179852381527024,Discover,143,2030-11-21,26286.14,Expired
550,2620220037402963,MasterCard,237,2029-11-12,26741.53,Inactive
840,5617898974643810,Discover,944,2031-04-26,37915.1,Blocked
15,2697146042417619,Discover,144,2028-12-07,12339.59,Expired
593,1906256331086140,Visa,426,2031-03-10,16736.61,Expired
130,7931449538585626,Discover,562,2028-02-11,49717.78,Blocked
718,5868041651617571,Visa,782,2030-01-26,10811.95,Active
340,8651342158663411,Visa,520,2027-02-23,10127.33,Inactive
155,9706896081617691,Visa,767,2030-07-25,38308.27,Expired
705,3815073847929748,Visa,726,2029-05-05,8223.52,Expired
973,2822938633337194,Visa,839,2028-11-24,8764.2,Active
62,9146750257602729,American Express,8572,2031-04-30,1191.23,Active
576,5299819885049162,American Express,6290,2028-08-06,8546.52,Blocked
142,5228404009698607,Visa,384,2026-12-31,28248.73,Inactive
723,2586786686533356,American Express,2725,2031-04-09,7318.12,Inactive
359,8856208432005716,MasterCard,961,2031-08-19,40895.0,Blocked
982,0085852032514855,Visa,841,2027-03-05,25623.43,Inactive
573,9944604636716782,American Express,2850,2029-07-27,13683.4,Expired
657,0447153478954233,MasterCard,387,2031-04-15,25143.85,Expired
950,7600045178594525,American Express,9508,2027-04-20,11356.58,Expired
507,6530952669476773,MasterCard,533,2032-01-22,44159.18,Inactive
642,8385017682410892,American Express,5402,2027-01-02,44070.72,Active
521,1945833719235800,Discover,298,2027-10-21,24312.55,Inactive
408,3364480924310463,Discover,390,2029-11-10,32313.58,Inactive
700,8364362108812339,MasterCard,234,2026-02-27,12321.72,Inactive
43,3027727518540585,American Express,1887,2026-07-06,34166.15,Active
680,6812132136608837,Visa,193,2031-04-14,47629.87,Active
638,1220743884904312,MasterCard,107,2031-05-19,34805.31,Blocked
935,1714186233766566,Visa,620,2029-02-15,30379.56,Active
83,1941136082670866,Visa,202,2030-03-16,44929.38,Blocked
448,7305122717118494,American Express,9911,2027-05-15,40893.79,Expired
69,7232101900689328,MasterCard,500,2030-04-09,49487.25,Expired
496,9643217720658610,American Express,3123,2027-03-14,15229.23,Active
841,8882464741469769,Discover,126,2030-09-02,17623.11,Inactive
797,9118763942300762,American Express,8795,2026-06-14,29004.78,Expired
377,0036278558289207,Visa,154,2031-09-21,49658.47,Inactive
814,7010880974553167,Visa,185,2031-03-10,4407.4,Inactive
706,8411536414264198,Discover,924,2028-02-13,20424.7,Expired
255,5162741841878636,American Express,3708,2026-04-22,47472.56,Active
503,7483800279860183,American Express,8311,2029-04-06,19840.0,Active
43,2398844136627029,American Express,3548,2031-11-18,9804.06,Active
51,2720848105701459,American Express,4800,2031-03-10,15536.57,Blocked
553,2725726324735593,American Express,2460,2031-09-25,5672.66,Blocked
547,7173798597622980,Visa,614,2027-07-28,23671.79,Expired
463,9067040846624446,Discover,497,2031-03-16,40878.16,Inactive
120,5130567944212061,MasterCard,328,2029-02-20,45750.09,Active
586,8767187171865077,Discover,897,2028-02-12,39250.66,Expired
166,2951652670703481,Visa,754,2029-08-20,45131.1,Active
317,8404255003071219,MasterCard,265,2030-06-17,31914.7,Blocked
142,5906229384697357,Visa,742,2030-12-11,37609.29,Active
541,9829040610952529,American Express,1941,2029-06-29,39766.32,Inactive
305,3678299901540807,Visa,157,2031-01-09,48888.64,Expired
654,0147412481256895,Visa,736,2030-03-30,24678.08,Active
274,0718442011080859,American Express,5466,2028-12-21,29314.97,Blocked
516,5046621925691178,Visa,694,2028-09-25,12978.82,Inactive
842,1860092147256265,MasterCard,180,2031-02-14,35695.2,Inactive
144,2310274348378388,Discover,583,2031-01-04,12746.29,Inactive
462,9768545517882468,Discover,565,2028-04-16,48670.46,Inactive
528,8464575168186926,Visa,985,2026-03-29,12512.97,Expired
862,2602195036194696,Discover,993,2030-09-22,1605.84,Inactive
140,7920976467017644,American Express,8256,2030-09-07,15124.34,Active
414,1545418999771646,MasterCard,970,2026-12-01,35928.71,Active
88,1752004986101799,American Express,6660,2026-03-20,2534.81,Blocked
985,3218083064926033,Discover,547,2028-12-06,8164.73,Active
320,0480270565022633,MasterCard,541,2027-08-18,34466.85,Expired
501,7021949219508879,MasterCard,983,2027-11-21,13059.6,Expired
12,4807535592407367,MasterCard,542,2028-02-24,8439.93,Expired
386,1357639133812249,Visa,210,2029-09-19,27539.48,Expired
480,8619366652537252,MasterCard,581,2029-12-08,12211.07,Active
405,7506156857426862,American Express,8540,2028-01-20,34499.04,Active
554,3113537773144334,Visa,801,2029-11-07,41065.55,Expired
257,1962530009528943,Discover,886,2029-06-13,38803.04,Inactive
894,3705259722902013,American Express,5979,2026-09-03,39361.97,Active
208,9150223212918502,MasterCard,906,2030-12-13,34863.8,Inactive
828,4169186746439155,Visa,669,2029-07-11,40660.81,Inactive
715,7071560858759552,Visa,455,2031-11-20,30101.52,Expired
633,5895077474270166,Discover,550,2030-05-21,44686.36,Active
881,9934757772634913,MasterCard,155,2029-01-12,27298.2,Blocked
690,6548755040764842,Visa,150,2030-11-20,38991.68,Active
963,2642564322163095,Visa,632,2027-10-30,35752.3,Expired
765,8141835447853574,MasterCard,215,2031-06-18,1839.62,Expired
758,9154649204218513,Discover,838,2028-04-24,29600.55,Active
409,8532198223968466,Visa,559,2027-01-29,27051.7,Inactive
574,9390037493776819,MasterCard,255,2031-01-15,34145.69,Expired
834,8045163115189225,American Express,8941,2028-09-17,27280.51,Blocked
230,3803147355672515,Visa,556,2026-12-24,2669.41,Active
426,3118635410378173,American Express,5828,2031-03-10,12640.88,Active
845,4254461326067410,Visa,850,2028-06-25,22008.07,Inactive
516,4248059651992857,Visa,428,2027-07-10,38979.29,Blocked
849,5732807103521140,Discover,760,2026-09-13,13688.75,Active
890,4737868680225592,Visa,990,2030-09-04,41153.41,Expired
935,1381116562649427,Discover,777,2029-08-31,21731.16,Inactive
138,8214147868052012,Visa,195,2029-09-29,10064.66,Blocked
602,8187369319461797,MasterCard,127,2029-05-24,41325.05,Blocked
967,0283915208165879,Visa,974,2026-05-08,47181.03,Blocked
847,3244382063711972,American Express,5944,2030-01-27,3223.81,Inactive
644,9869041747216088,American Express,4682,2030-07-18,26230.88,Inactive
212,1108983462722507,Discover,170,2031-09-27,38807.15,Blocked
484,8459589914384325,Visa,165,2028-04-11,7318.32,Inactive
814,7519611324015903,American Express,9699,2027-09-05,25764.85,Expired
270,2106137794134377,Discover,907,2028-10-15,9270.25,Expired
125,2711394318581971,Visa,860,2030-05-16,44791.41,Inactive
971,3128441301077211,Visa,321,2029-09-06,18499.06,Expired
775,2720395855104659,MasterCard,177,2028-11-21,22865.99,Active
850,4552506985991359,MasterCard,958,2031-07-26,17115.5,Blocked
598,9389305327871324,American Express,3493,2027-04-28,8317.55,Active
523,8158056341738938,MasterCard,174,2031-09-19,43329.35,Inactive
824,3003846448761767,Visa,677,2026-07-09,2774.26,Expired
742,9179147994730884,Visa,937,2026-12-16,28381.55,Blocked
672,3956022439752516,American Express,2099,2027-06-07,45286.99,Blocked
506,4422132777624697,American Express,9079,2027-04-15,33513.32,Blocked
678,9270415018363506,Discover,779,2027-08-21,40940.13,Blocked
835,1655835825905273,American Express,8302,2031-09-21,47268.88,Expired
93,0940299048851948,Discover,367,2026-11-21,19965.34,Expired
538,9787055682950672,American Express,2547,2029-03-05,40889.18,Blocked
525,3964523752887684,Discover,427,2029-01-12,2299.46,Active
347,1732143922511544,American Express,3849,2030-03-24,39321.72,Expired
670,8343572700752729,Discover,843,2030-06-21,17026.25,Expired
369,7852976476202434,Discover,549,2031-01-04,1407.53,Active
736,5627687572371408,MasterCard,261,2031-08-31,45040.27,Blocked
898,0648087653340732,Visa,219,2029-07-22,45397.54,Inactive
301,8538368798328378,MasterCard,882,2031-06-27,5626.68,Blocked
972,7519921084890636,Discover,663,2028-09-30,4058.65,Active
837,9911793583832320,American Express,4326,2026-07-18,42604.75,Inactive
843,0101279774776456,American Express,9597,2026-12-07,36076.5,Inactive
523,1716164364317378,American Express,4411,2028-07-15,47604.33,Blocked
750,9077558853148293,Discover,406,2029-04-26,47612.78,Inactive
235,4337124949169313,Discover,568,2031-02-17,16187.54,Inactive
435,9719084773474010,American Express,4191,2026-12-04,7598.84,Active
158,0293374195138114,Discover,215,2028-05-21,33985.24,Expired
554,4381315359495921,MasterCard,232,2031-09-23,22869.66,Active
96,5976753345619420,Discover,301,2026-12-29,19750.37,Expired
816,0582007117108537,MasterCard,606,2027-11-28,43334.66,Active
38,4987318742204497,Visa,274,2030-12-06,5578.87,Expired
436,5481325581067216,MasterCard,889,2029-06-07,23781.02,Active
943,7165736022581401,Discover,935,2028-05-08,45061.51,Inactive
501,3645928877648199,Discover,747,2027-06-11,34359.42,Inactive
874,7113103134674179,American Express,3093,2031-06-20,26742.44,Expired
417,1062744436612718,Visa,316,2026-09-14,32421.67,Active
88,9527365521073642,American Express,3689,2027-08-30,48193.26,Inactive
903,7646953743312902,MasterCard,690,2026-05-27,6899.87,Blocked
434,7040440729463278,MasterCard,759,2028-05-01,11698.22,Inactive
6,7141942017582490,Discover,413,2027-03-18,25723.63,Active
374,5676934446930020,MasterCard,565,2027-04-05,23061.91,Active
726,5254457853768691,MasterCard,726,2031-11-18,3037.51,Blocked
906,5964400168719312,MasterCard,454,2027-01-19,48086.5,Blocked
222,9130485031985988,American Express,4983,2030-08-07,2675.96,Active
382,5906608117014382,Visa,370,2027-08-09,26487.34,Inactive
250,2958952783785542,American Express,2133,2027-02-19,26829.41,Inactive
166,7451433379943742,MasterCard,847,2028-07-09,26108.18,Expired
483,6596153576448107,Visa,186,2027-09-02,24430.38,Blocked
445,8839610010986220,MasterCard,163,2031-12-29,15658.45,Blocked
763,2939323079412491,Visa,378,2028-09-27,37097.01,Blocked
603,9163969415405850,Discover,876,2026-03-30,16691.45,Active
526,4194528513063083,American Express,1171,2028-01-06,41443.27,Blocked
934,1679263900462836,MasterCard,482,2026-10-09,25211.81,Blocked
52,1348327393592033,Discover,166,2030-03-17,18600.93,Expired
772,7162180081281382,MasterCard,358,2030-06-24,5299.73,Active
632,8083869597792569,Discover,248,2027-08-08,4949.78,Blocked
768,1947930651665673,Discover,905,2028-11-20,8293.4,Inactive
919,6354565971147317,American Express,1833,2028-08-01,39368.73,Blocked
543,3879451558658982,Discover,875,2031-11-02,48348.85,Active
246,8471790680574735,American Express,8564,2031-12-12,44511.62,Expired
106,7517556705893608,Discover,149,2028-08-07,21814.61,Inactive
927,3361525910593063,MasterCard,694,2027-06-25,22397.3,Expired
711,2910734394501645,Discover,648,2026-06-24,15913.4,Blocked
3,9361188786663872,MasterCard,703,2030-06-23,33361.85,Blocked
290,6498647316874192,MasterCard,252,2026-12-18,11086.02,Inactive
218,2270012478978442,Visa,495,2027-09-16,44799.67,Inactive
844,1701333016761260,MasterCard,948,2028-07-18,46591.6,Blocked
977,4925044223205586,Visa,278,2026-09-27,15947.18,Inactive
576,3163788112458137,Visa,249,2028-06-08,16488.71,Expired
312,6424188781894550,Visa,936,2031-05-22,7223.64,Active
127,3376216892080789,American Express,2935,2029-08-30,14997.32,Blocked
411,0313283649433514,MasterCard,349,2031-02-27,8474.17,Blocked
833,0505013538449730,MasterCard,317,2026-05-06,35325.05,Active
521,8515672811526692,Discover,892,2031-09-23,13717.84,Active
532,2887145193744215,American Express,1928,2027-11-13,19458.72,Inactive
784,0301397225288348,Discover,142,2026-06-25,22926.36,Active
728,4206399581690478,American Express,1498,2031-04-25,26735.33,Expired
881,8867158142522598,Visa,523,2029-02-06,37878.13,Inactive
854,1581688473198315,Visa,310,2031-02-01,41456.91,Blocked
168,6828776908213607,MasterCard,219,2031-09-21,14275.78,Blocked
147,9433132000551924,MasterCard,453,2031-05-03,45008.78,Expired
495,1883140741703385,Visa,750,2030-10-02,42384.24,Expired
72,5633559706388061,American Express,8732,2027-06-28,13704.43,Blocked
362,5449301495836359,Discover,975,2031-07-09,2110.57,Blocked
216,4797220550284112,MasterCard,838,2028-08-01,10691.25,Blocked
821,9567410521875430,Discover,789,2026-04-12,48808.5,Active
875,4011365621676888,MasterCard,371,2027-06-12,21032.98,Expired
968,5932167217617284,Visa,686,2028-11-23,26902.66,Active
865,4022714038418844,Discover,722,2029-06-12,33995.2,Blocked
661,5781216092101137,Visa,849,2026-05-02,48463.4,Blocked
870,9331789076232554,Discover,693,2032-01-21,25494.12,Active
340,1812374477536520,MasterCard,359,2026-10-23,35478.86,Expired
132,9203492854911940,MasterCard,228,2031-04-01,29351.59,Active
589,6812276114253592,MasterCard,495,2030-07-26,27045.37,Active
104,2430159352138788,MasterCard,282,2031-11-28,1683.35,Expired
822,3348377083362103,Discover,572,2030-05-08,27555.32,Active
314,4083312962060596,MasterCard,755,2027-04-21,17017.6,Active
469,8901954530698012,American Express,9771,2030-02-02,28340.9,Active
454,9681438119133076,American Express,3788,2029-12-04,37712.45,Inactive
499,2125542974445500,MasterCard,122,2027-11-23,17673.63,Active
65,4138150261750119,MasterCard,650,2028-08-19,24608.47,Expired
324,9784931110224829,Visa,324,2031-03-06,11913.28,Expired
888,6027509560333805,Visa,772,2027-04-06,26763.09,Expired
680,3593748669831085,Discover,340,2028-05-18,24670.38,Inactive
488,3987754925026697,Discover,734,2028-01-19,23341.94,Expired
784,1626939427884902,Visa,419,2028-08-27,5137.31,Inactive
480,4789615856595377,Discover,385,2028-01-16,46049.65,Blocked
176,2818054979791005,Visa,420,2027-10-28,38174.18,Active
763,5046824371174503,Visa,572,2030-10-02,15363.07,Blocked
916,4726607940080404,MasterCard,904,2031-08-13,15857.25,Expired
968,2828523514109544,American Express,8367,2028-12-05,26681.0,Inactive
711,3508573552514639,MasterCard,662,2026-04-11,44917.85,Active
552,7903165222212636,MasterCard,200,2030-07-13,42647.26,Active
729,5787198887178823,MasterCard,459,2028-02-19,4093.16,Expired
922,4563239714529579,Discover,106,2029-04-14,18194.16,Inactive
444,6397324014773685,American Express,4228,2028-08-29,27297.13,Blocked
447,1051622764309828,American Express,3211,2027-01-14,13360.25,Inactive
718,8987132889125429,American Express,1984,2026-03-08,30305.86,Active
615,1116493088723466,Visa,871,2032-01-25,20186.62,Blocked
310,8638335414127788,American Express,6817,2029-06-18,8059.45,Blocked
202,9657225207974254,American Express,9958,2027-04-09,14522.47,Active
168,3386145076988788,Discover,585,2029-04-29,20181.5,Blocked
536,8858565379620045,Visa,620,2026-04-27,5998.4,Inactive
353,4943574139814055,MasterCard,713,2028-05-27,42520.89,Inactive
417,2844771861095821,Visa,510,2032-01-16,3531.91,Inactive
651,1475513249614156,Visa,750,2031-01-13,31493.25,Expired
758,2907201964518514,American Express,4831,2030-07-25,41263.98,Expired
504,3599678578386188,MasterCard,528,2030-06-26,16823.11,Inactive
254,9151718440215670,MasterCard,129,2028-02-26,26260.05,Blocked
311,2650149460949781,Visa,853,2032-01-16,23377.13,Active
825,0418394126289207,Visa,330,2026-03-07,32620.35,Blocked
977,5892518391580842,Discover,263,2030-03-14,11938.89,Blocked
133,3241324917578003,American Express,3488,2029-06-07,17588.99,Inactive
498,1551320083733466,Visa,259,2030-07-04,8280.09,Blocked
438,6881100387333223,MasterCard,566,2030-10-11,26427.34,Blocked
654,0413298614848508,American Express,6204,2030-12-28,17764.46,Expired
779,7260474402592882,Discover,780,2028-11-09,7721.83,Blocked
343,6105642763699525,American Express,5411,2030-10-03,31022.33,Expired
598,7920322081487007,American Express,3503,2026-03-27,48896.69,Blocked
8,5386462509222917,American Express,4484,2029-01-15,36568.95,Active
892,6431267590864864,Discover,503,2031-08-09,26329.17,Expired
228,8750637958119315,American Express,7283,2030-07-29,6215.88,Inactive
885,9084487351885733,American Express,8688,2027-01-20,2256.77,Inactive
127,8063875758528992,American Express,2020,2027-04-16,44217.9,Active
977,9215431384271509,MasterCard,243,2026-03-18,37269.65,Expired
267,7514317045747167,American Express,8860,2028-05-25,3026.31,Inactive
779,7178257225800909,MasterCard,827,2031-02-04,13113.69,Inactive
89,6982602732886365,MasterCard,497,2029-11-03,4298.92,Inactive
903,2823375699344045,MasterCard,503,2026-04-28,24323.73,Expired
46,3278001540565468,American Express,9460,2031-12-05,18201.19,Blocked
170,5887590177533613,MasterCard,359,2030-12-02,17087.53,Active
480,4468696193221844,Visa,981,2031-01-15,34586.46,Active
469,5343511575007832,Discover,476,2029-07-30,48457.14,Expired
972,0444710412234951,American Express,1919,2027-04-03,17666.82,Blocked
237,8780094376244987,MasterCard,223,2027-07-23,19983.99,Active
363,1882734112505246,Discover,714,2026-12-05,16078.56,Blocked
25,9540311561525044,Visa,684,2029-07-04,30264.44,Expired
259,4221563068940259,Visa,924,2028-01-29,6018.68,Active
764,6048521108907064,Discover,209,2027-01-02,11228.29,Active
460,6901154527087014,American Express,4014,2027-04-20,37420.45,Blocked
651,8152156645275705,MasterCard,278,2031-06-12,49520.49,Active
2,6056996231626411,Discover,402,2030-04-07,13256.87,Expired
975,9068128319565437,American Express,8942,2028-05-03,17994.63,Blocked
286,9454450796690371,American Express,1154,2028-07-11,21475.18,Blocked
848,3281107880307244,Discover,317,2028-09-12,28113.97,Active
513,6579021971180560,Visa,414,2028-10-04,25088.2,Blocked
251,6442066860373630,Discover,634,2029-09-01,43130.11,Expired
147,9425191955283666,MasterCard,277,2026-12-15,46155.41,Expired
136,1983386489284233,American Express,7731,2029-07-31,39347.4,Active
174,4000234361465205,American Express,2352,2030-06-19,7015.31,Blocked
738,3391600378995803,Discover,356,2030-09-03,7870.24,Blocked
823,0177416757997848,Visa,384,2026-07-13,46528.75,Active
106,9693959679815458,Discover,368,2030-10-15,47392.27,Inactive
655,8616018531309680,MasterCard,500,2030-12-18,5157.18,Expired
242,8631619136401525,MasterCard,359,2031-10-02,35870.6,Inactive
664,5478633617014181,Discover,142,2028-07-15,37071.03,Blocked
686,5669134898768149,Visa,111,2031-06-13,31869.07,Active
866,9062221958445921,Visa,972,2031-06-07,48576.46,Blocked
284,1569283389075288,Discover,929,2026-05-17,10921.86,Blocked
770,7496407274282513,American Express,2942,2030-04-21,30542.69,Inactive
583,6587601068411739,American Express,8896,2029-06-09,44885.38,Blocked
193,7457869337496306,Visa,897,2026-06-10,7215.16,Inactive
528,3943684173701968,MasterCard,489,2027-06-01,8938.13,Blocked
554,0916055530027868,MasterCard,576,2030-10-22,46229.1,Expired
44,4642788514604305,Visa,451,2030-03-24,12563.35,Expired
871,4100338823619660,Discover,682,2031-12-02,21712.52,Blocked
532,9024940674802269,American Express,2332,2030-02-27,7576.08,Expired
374,8478031616936693,Discover,128,2031-06-11,36575.22,Active
728,0695429323075397,Visa,100,2031-02-10,41042.87,Blocked
10,9959706916099120,American Express,3373,2027-09-21,1297.01,Expired
572,9659121147353943,Visa,648,2031-03-12,21257.21,Active
889,8589457620109188,MasterCard,125,2031-08-29,36828.37,Expired
335,9782541345240419,MasterCard,611,2028-07-02,16876.19,Inactive
179,1281555809587833,MasterCard,678,2027-06-20,36326.84,Active
15,9926611993348490,MasterCard,810,2029-07-03,31817.35,Blocked
440,7291363933513559,American Express,5112,2031-05-03,48087.84,Expired
4,8230737354218481,MasterCard,710,2030-09-12,27857.21,Inactive
33,7636571995978734,Visa,983,2031-10-07,1520.18,Blocked
226,0520218700541814,MasterCard,910,2028-09-22,3612.91,Expired
818,7183308797834713,MasterCard,201,2029-06-22,23814.8,Blocked
439,4736296217487182,MasterCard,256,2028-08-22,6644.99,Blocked
574,7772270278955924,Visa,676,2030-08-20,37155.59,Blocked
884,9743032942978757,MasterCard,659,2027-07-06,9323.86,Blocked
9,8040136821631142,Discover,320,2028-12-15,7983.98,Active
459,6926081702563480,MasterCard,724,2028-08-09,10954.78,Active
955,7912048613316920,MasterCard,572,2030-01-09,4017.14,Expired
519,0619356145139871,Discover,134,2028-02-02,14437.66,Inactive
726,3870198394620655,Discover,801,2030-07-16,21143.77,Blocked
193,8452549690526538,Visa,960,2026-04-15,12782.83,Expired
4,6681995233882372,American Express,2276,2027-08-05,5193.03,Active
598,1586733993863220,MasterCard,264,2030-08-15,2710.88,Expired
162,2566571274001623,American Express,7714,2029-11-26,34230.61,Active
208,9388309868584575,American Express,3492,2027-10-13,40455.76,Inactive
979,8058145466934740,Visa,589,2028-01-26,32436.36,Expired
457,3309109760971789,Visa,171,2028-08-25,19629.63,Active
4,0656595233945564,Discover,864,2027-11-11,42788.32,Inactive
877,4352239240008414,American Express,9524,2028-04-27,16880.97,Active
765,0901159968688275,Visa,524,2028-11-16,3541.58,Expired
625,7752753258958000,Visa,651,2028-10-13,42171.59,Expired
989,6438316334708398,Discover,157,2028-07-17,9710.8,Active
494,4025888149486420,MasterCard,819,2027-05-13,6742.06,Inactive
204,5122778723791291,Discover,824,2028-08-13,25004.12,Blocked
831,8081464023370809,Visa,704,2027-06-12,47190.64,Active
380,5695593318247102,American Express,8165,2029-11-08,45566.78,Blocked
820,8511512280917813,Discover,148,2026-09-30,39584.14,Expired
739,7773366506493818,MasterCard,282,2031-01-15,4054.67,Expired
991,5817713027534516,American Express,2146,2032-01-27,6639.44,Blocked
81,2365164545726747,American Express,4964,2031-10-16,36442.18,Blocked
234,6508587391083364,Discover,745,2031-04-22,8169.13,Active
6,7923811965472486,American Express,1713,2031-12-09,30870.59,Active
78,3056404185937739,Discover,347,2029-11-14,48412.37,Blocked
205,3448899728067381,Discover,661,2029-01-02,33528.48,Blocked
602,4275953290486057,MasterCard,960,2031-04-15,23239.74,Blocked
67,8365480134090256,Visa,683,2029-09-13,30095.99,Expired
462,6466754864634424,MasterCard,902,2027-08-11,35513.78,Expired
162,1912008340674132,Visa,934,2027-11-30,7134.26,Expired
290,9773148744886007,Visa,830,2028-08-03,15980.46,Active
912,3118520310344005,MasterCard,629,2030-08-02,29906.98,Inactive
435,2613856768131266,Visa,946,2031-01-16,3274.3,Inactive
362,8353011995352324,Discover,512,2030-07-24,22617.04,Expired
787,0318880763742983,Discover,441,2027-06-05,7877.31,Blocked
670,3660148823667316,MasterCard,772,2028-11-01,17801.87,Expired
744,5938974623121572,MasterCard,533,2027-04-02,20052.96,Active
907,2828872170842802,MasterCard,535,2026-04-05,18421.72,Inactive
595,0581745398912787,American Express,9454,2031-07-04,21115.21,Active
770,5335963518340098,Discover,337,2029-08-31,11122.06,Inactive
718,0497957322236433,Discover,811,2031-01-20,32949.01,Active
704,0612421207418789,Discover,148,2029-06-18,12038.95,Expired
430,3055411969303268,American Express,9732,2031-12-28,43336.11,Inactive
155,9393016531442766,Visa,427,2031-07-05,41011.21,Blocked
226,7729930059876196,MasterCard,663,2029-10-02,44998.39,Active
503,4143116809111219,Visa,979,2026-03-19,9058.44,Blocked
275,1209982793815668,American Express,3542,2026-07-05,17731.85,Inactive
843,8026946297589526,American Express,9134,2029-08-10,45505.76,Inactive
988,6001157623950346,American Express,9126,2026-12-10,15894.6,Active
621,4889925526797427,MasterCard,302,2028-12-09,25053.19,Expired
22,9958987500639616,Discover,633,2029-03-21,7159.1,Blocked
965,0098875342750217,Visa,722,2029-10-17,28871.38,Active
888,2775052696968881,MasterCard,557,2029-05-04,14249.43,Expired
712,8609892007068458,MasterCard,663,2026-08-12,38744.41,Blocked
846,9886590383070745,MasterCard,464,2028-04-12,31160.57,Inactive
794,2101766486640890,Visa,795,2029-01-28,19844.64,Inactive
780,2551052149197518,Visa,895,2029-12-09,45190.21,Expired
174,7380881342065902,Discover,883,2028-08-31,19542.48,Active
702,1997360031559473,Visa,356,2026-02-28,38554.47,Blocked
361,8569802240288428,Visa,456,2026-06-10,18554.05,Inactive
161,4877730840470459,Discover,389,2029-07-06,42471.87,Inactive
986,9178897655372395,Discover,135,2028-12-10,19917.88,Active
560,4345959163431332,Visa,125,2026-09-02,9760.53,Active
589,5227563126825327,Discover,884,2027-02-12,30694.4,Inactive
143,4997058094292212,American Express,4357,2029-11-04,36080.98,Active
15,8455334349116732,Visa,635,2028-08-22,43328.81,Blocked
678,4101903177729553,Visa,143,2032-01-12,26560.82,Blocked
547,8442586538676112,Visa,518,2028-02-08,4881.15,Expired
346,2164459667180342,American Express,6946,2029-05-19,17895.12,Blocked
715,0439685138184083,American Express,3681,2031-01-18,4521.78,Expired
115,5243312548897860,MasterCard,713,2029-05-11,44982.38,Active
408,5757802540403895,Discover,132,2029-12-07,24264.18,Blocked
304,7629181829005334,American Express,5085,2030-05-02,29527.71,Inactive
746,2221650550350286,Discover,735,2028-04-14,4837.08,Inactive
99,9305544162372406,Discover,788,2030-02-02,24699.52,Active
856,5585258876764777,American Express,2182,2029-03-29,26678.23,Blocked
805,9476559033645399,MasterCard,996,2026-03-17,9108.8,Active
650,7298028085107133,Visa,309,2028-01-08,40286.27,Active
934,4671786504131289,MasterCard,575,2029-09-23,23303.83,Blocked
256,2182150243053515,Discover,757,2029-09-26,11137.7,Active
487,2035584558448889,Discover,602,2026-03-08,18279.82,Blocked
718,2099937778011555,American Express,9673,2026-09-26,8105.05,Blocked
340,7126295402759266,MasterCard,213,2029-03-16,44581.53,Active
261,9384802871754150,Visa,696,2031-08-23,34544.83,Inactive
313,8838943550428335,Discover,771,2031-02-01,35997.05,Blocked
879,5763485312543222,Discover,229,2027-04-01,28278.14,Active
569,3581289242438533,American Express,1411,2031-03-08,17961.43,Expired
969,2546172762656138,American Express,9791,2027-09-07,37544.71,Blocked
682,9937760269315951,MasterCard,831,2028-03-10,34152.35,Active
622,3249762173875423,Discover,611,2031-11-25,31809.41,Blocked
433,7691473523606760,American Express,6786,2031-06-21,25060.93,Expired
774,4500547347840966,American Express,8855,2030-03-23,3701.7,Expired
555,2153135708090917,American Express,6096,2026-05-17,6517.94,Active
131,2637930858920341,MasterCard,814,2026-11-12,45543.77,Active
84,6236590055537502,Visa,853,2029-10-15,29165.28,Inactive
386,7937726987440446,Visa,212,2026-06-19,19326.49,Expired
56,7375604271803725,American Express,5930,2031-10-24,30117.0,Expired
423,4480912913721196,American Express,3467,2028-12-08,4250.46,Inactive
795,7705372400608880,Discover,727,2030-12-31,31542.42,Blocked
413,6913004714844644,MasterCard,607,2031-04-24,42712.98,Active
718,8317692429762858,MasterCard,851,2030-09-25,17913.86,Expired
588,7715285569629917,American Express,9232,2030-07-21,12637.03,Blocked
241,1169886081940068,Visa,392,2027-05-06,11817.92,Active
200,8662508772224296,Visa,809,2030-03-31,40026.79,Active
424,9130137207867597,American Express,6253,2026-03-05,5386.01,Inactive
452,9031951525455669,American Express,7697,2026-12-18,39915.6,Blocked
300,2417041948655080,MasterCard,451,2028-12-20,35568.78,Inactive
568,5206948132585344,Visa,263,2027-01-18,26392.1,Blocked
498,2432981327788518,American Express,5776,2028-12-10,37414.84,Expired
613,5767243603365095,Visa,137,2026-05-30,8499.79,Blocked
819,0786013064350429,Discover,767,2028-11-22,40099.6,Expired
733,9760947291111414,MasterCard,237,2031-05-10,26618.93,Active
976,0884548764534064,American Express,6433,2031-01-25,34155.98,Expired
764,9228137516745600,MasterCard,652,2028-12-28,36364.84,Inactive
299,6272799824822951,American Express,6707,2030-11-09,3065.95,Blocked
714,6141658359048728,MasterCard,802,2026-04-07,7589.4,Blocked
489,0594246841622737,Visa,569,2031-10-03,10022.62,Blocked
248,1827913655297222,American Express,3513,2028-11-10,43522.33,Active
175,1332538241909873,Visa,257,2027-10-31,18775.82,Expired
624,7973132571322413,Discover,423,2026-06-26,23401.48,Blocked
313,1226064141186852,Visa,685,2028-03-12,13194.08,Blocked
656,1017211147285048,MasterCard,384,2028-09-04,1129.35,Active
729,3957160289421768,Discover,599,2027-08-28,7056.85,Expired
983,7455959619218073,Visa,890,2030-12-12,14254.43,Expired
844,3954205643189466,American Express,5318,2029-07-07,34151.07,Active
125,9704729700288222,MasterCard,685,2031-02-02,22425.54,Inactive
486,2632520046816340,American Express,4355,2029-09-22,26758.29,Active
983,1922254677464602,American Express,5167,2029-12-19,11466.1,Inactive
808,4289976695181643,Visa,816,2030-12-10,46063.9,Active
281,0573532209876034,Visa,269,2027-11-01,35463.09,Expired
736,7413150095260289,MasterCard,279,2026-02-21,7190.44,Blocked
771,4294121424409321,MasterCard,183,2031-02-17,21680.53,Expired
453,0054288525074766,American Express,9945,2029-03-17,2742.18,Blocked
229,2474343253790046,MasterCard,425,2029-10-05,8095.47,Blocked
886,6856947032800818,Discover,121,2027-10-16,25731.09,Active
114,1266644662760885,Visa,629,2029-02-23,30302.89,Active
310,3223789339432468,MasterCard,246,2030-06-23,27129.01,Blocked
216,0494139976282701,MasterCard,707,2027-04-23,28264.8,Active
59,3541825009716138,MasterCard,970,2031-03-22,15304.09,Expired
887,2628408073600336,Discover,757,2031-08-07,22618.28,Inactive
10,2405733876560441,Visa,749,2031-03-11,31674.8,Blocked
35,1794376206123153,Discover,932,2027-07-08,25220.48,Expired
652,2958562353384070,MasterCard,726,2028-08-24,39200.07,Inactive
620,6258701701550155,American Express,5569,2026-04-04,7378.46,Active
64,3019540606242837,Visa,322,2028-10-29,9989.76,Blocked
278,9550464897403464,American Express,4859,2028-10-16,17027.99,Blocked
30,1483613949358164,American Express,2143,2027-05-02,21954.36,Expired
63,7156559237087278,Visa,677,2029-08-09,16449.19,Inactive
707,6168045217058301,American Express,9615,2031-03-12,40895.13,Expired
197,4802820023698046,Visa,209,2026-10-31,40656.91,Inactive
684,1959314452096641,Visa,693,2027-02-15,11005.53,Active
3,0134260406066284,American Express,7216,2027-02-13,18996.68,Inactive
192,9879511122732506,American Express,5661,2029-06-17,1296.91,Expired
76,8891150085002353,MasterCard,231,2026-06-22,18574.62,Blocked
248,0806257564877271,Visa,217,2030-09-02,43083.69,Active
51,5284312935743709,Visa,174,2029-02-13,16971.75,Expired
786,6855143318113313,MasterCard,904,2030-01-16,28442.1,Active
955,5018911529547453,Visa,692,2028-11-30,13445.36,Expired
69,5964903388612278,American Express,4478,2027-04-25,33481.27,Active
499,3259152131608449,Discover,695,2031-05-13,39312.86,Blocked
287,1703659040439727,Visa,105,2029-08-19,7606.46,Active
293,1215891434470319,American Express,2161,2029-05-03,41403.37,Inactive
454,7995666991651279,Visa,619,2029-01-11,32906.96,Active
456,6045803768100059,Discover,635,2026-09-13,29097.48,Inactive
796,5241846073321544,Visa,790,2030-08-23,11953.21,Blocked
586,1857279239804307,MasterCard,311,2028-10-08,20771.15,Expired
664,4532663980087745,Visa,634,2032-01-08,13023.96,Blocked
704,6334768571883327,Visa,344,2030-04-22,6539.07,Blocked
687,6054173685908822,American Express,8093,2029-02-14,12237.34,Inactive
385,2556299178562713,MasterCard,334,2030-04-23,15295.92,Expired
899,6920327202886574,Visa,205,2028-04-24,26083.62,Inactive
846,3933920654814118,Visa,598,2029-06-07,19034.67,Blocked
610,4756810012683072,Discover,596,2026-05-22,38400.06,Expired
893,8286445932079435,Discover,898,2026-05-10,37449.46,Active
696,1641945575947125,Visa,367,2028-06-14,22054.51,Expired
47,0151382740643066,Visa,529,2028-08-15,12757.96,Expired
221,3664120964227298,American Express,9345,2027-07-15,40793.58,Expired
472,1364317125277925,MasterCard,773,2027-04-29,6557.23,Inactive
836,6534186675813535,Discover,314,2031-08-11,6673.18,Expired
221,1332275532935532,MasterCard,547,2030-02-23,35689.44,Inactive
349,8494088812649886,Discover,979,2029-11-01,16973.03,Inactive
911,5687711540347649,Discover,831,2027-05-29,8916.51,Blocked
372,0843980134075984,MasterCard,513,2028-05-07,37175.92,Active
202,2286832523969733,Visa,258,2026-07-20,17053.65,Blocked
741,7022973730148571,Discover,364,2030-04-14,45025.29,Expired
132,9397204360683640,Discover,801,2028-07-16,14542.6,Inactive
951,2589176972038678,American Express,9737,2029-08-13,23597.3,Blocked
402,6716635059496535,Visa,945,2026-08-23,18751.18,Inactive
194,6861839373286163,American Express,7692,2031-06-18,12757.89,Blocked
712,6255448115297354,Discover,130,2031-11-25,42089.7,Blocked
638,2723110454258438,American Express,3403,2031-07-08,24192.0,Expired
441,3577484663757405,Discover,214,2027-08-03,27665.1,Blocked
359,4967109659662314,MasterCard,982,2029-03-10,37291.92,Blocked
365,5326531346638926,Discover,954,2030-11-10,7341.68,Expired
179,7116787272461413,MasterCard,582,2029-09-05,13311.73,Inactive
450,3726123613021748,American Express,2269,2029-10-23,13921.49,Inactive
29,2315110387720944,American Express,8871,2029-09-30,2896.86,Blocked
888,1310696469835008,Visa,573,2030-01-07,18390.35,Blocked
784,4736761150718988,Discover,350,2026-10-14,44204.92,Inactive
482,2921724180471063,Discover,889,2030-02-28,25647.64,Expired
142,5866009437706310,MasterCard,611,2029-08-24,42560.9,Blocked
945,3802976279576025,MasterCard,942,2030-04-08,44468.51,Inactive
270,1103909280641718,Visa,618,2031-01-12,41333.35,Expired
939,1974217557771321,MasterCard,791,2028-01-05,38062.46,Inactive
686,7875418164565836,Discover,642,2026-11-01,32089.1,Inactive
768,5802302987619150,Discover,612,2026-05-01,25839.66,Inactive
604,0655494265436366,MasterCard,307,2028-01-14,9227.0,Blocked
244,9478191255402580,American Express,9431,2030-02-25,31821.89,Blocked
612,9145761833714769,MasterCard,382,2030-09-27,47981.32,Inactive
66,1201388128670565,Discover,368,2030-09-30,30488.59,Active
441,5889878926623888,American Express,8704,2026-02-22,14534.62,Active
888,3930005005438223,Visa,343,2031-02-07,23183.66,Inactive
174,1081459653399550,American Express,8325,2030-07-11,25571.19,Inactive
214,9288427393628729,Discover,701,2029-03-20,43790.0,Inactive
832,8070326392332152,American Express,3813,2027-05-09,49400.81,Inactive
344,6877131915241225,Visa,893,2026-07-20,30794.3,Active
871,1744314006137956,Discover,940,2028-04-30,31576.13,Inactive
205,5829181297795128,MasterCard,284,2028-07-15,10861.38,Inactive
348,5438824709343050,American Express,9763,2029-05-13,28096.78,Inactive
708,9803681281169137,Discover,404,2027-10-07,8518.79,Inactive
87,4744172511733631,Discover,485,2029-02-10,22601.55,Active
753,4373289090875949,Visa,229,2026-07-15,15925.69,Blocked
572,0696765965037210,MasterCard,568,2026-10-07,10993.38,Blocked
821,4772709027420044,Visa,909,2029-01-30,20345.37,Active
351,6466108116636578,American Express,8327,2029-04-19,48712.54,Active
991,3591057796102159,MasterCard,959,2027-07-19,27108.14,Inactive
165,3202023212256411,American Express,7125,2026-04-16,21651.18,Active
228,9331005719174963,MasterCard,854,2029-03-02,32978.09,Inactive
390,1211287810340048,Discover,902,2029-10-14,14108.82,Active
46,3866724891987620,Discover,381,2031-02-27,43812.7,Active
624,1749412488664253,Visa,621,2027-07-07,3342.29,Blocked
748,8023364335104648,Discover,325,2029-10-29,6022.54,Blocked
673,6615839831278897,Discover,173,2027-07-29,43508.39,Expired
18,3055968561230828,American Express,2183,2026-11-03,3111.52,Expired
84,9808956217819932,Visa,863,2031-12-19,35040.98,Blocked
594,0402741883136006,Discover,724,2029-01-23,40722.36,Inactive
777,5477946702286715,MasterCard,626,2026-06-26,7631.1,Inactive
408,8978555473073041,American Express,8739,2027-11-28,43209.9,Blocked
244,1549946973339624,American Express,4203,2029-10-01,12970.78,Expired
319,8308453077232702,Visa,826,2030-02-20,46200.67,Blocked
821,4722803318684137,Discover,504,2029-06-24,48881.34,Expired
136,9723864098944132,Discover,998,2028-08-10,37680.86,Expired
433,9926446483204239,Discover,768,2030-03-07,40653.7,Inactive
544,6969860539826590,American Express,4790,2027-11-19,20427.27,Active
249,3982395249778249,American Express,8617,2026-07-10,39784.34,Inactive
294,3790464930912310,Visa,474,2026-10-03,49258.83,Active
383,9415041388423749,MasterCard,913,2030-11-03,18337.71,Active
178,5976227312247911,Discover,854,2027-04-28,30581.02,Inactive
633,3805988211294683,Visa,694,2028-01-06,34985.93,Blocked
838,3650451192619715,Visa,424,2027-03-30,16157.43,Inactive
886,1431783466151838,Visa,237,2029-10-30,44906.54,Active
560,3582029154644251,MasterCard,103,2030-06-03,43881.94,Expired
674,1453215582997888,Discover,141,2030-05-14,40370.22,Active
547,3624916334809014,Visa,908,2029-03-10,29204.64,Blocked
734,9837852981375016,Visa,630,2028-12-09,46071.3,Blocked
762,6612660790285317,Visa,980,2026-10-05,1186.36,Blocked
996,1438465287440074,American Express,8460,2028-01-11,32622.33,Active
601,0674574562514373,American Express,5678,2027-05-14,3794.56,Blocked
921,2025442188917465,Discover,215,2028-06-27,19407.41,Blocked
120,6633399277803918,American Express,9254,2029-01-05,28801.33,Blocked
51,3855638706964175,Visa,754,2027-02-20,1638.68,Active
824,0306441880880800,Discover,902,2027-05-07,16891.94,Blocked
442,8227102229567061,MasterCard,848,2032-01-07,28726.05,Active
412,0082883077278151,MasterCard,769,2030-08-30,41334.56,Active
164,3553727734334537,American Express,8756,2030-10-06,21873.65,Blocked
570,0169441042220504,MasterCard,516,2028-03-12,40425.02,Blocked
586,9848327682165791,Discover,267,2027-11-30,10099.67,Inactive
410,8284092653048695,Discover,740,2029-01-13,30797.16,Blocked
766,3779296831967846,American Express,9708,2028-08-07,13925.01,Active
124,3158691497481655,Visa,337,2029-03-31,28932.76,Expired
935,0050851670866411,Visa,287,2031-11-30,3652.16,Blocked
167,7828800146168874,American Express,6368,2031-09-09,43474.26,Blocked
453,7045633456533263,MasterCard,780,2030-03-08,14188.36,Expired
67,0573152036930340,MasterCard,402,2027-09-05,49520.14,Inactive
698,9900052114019829,MasterCard,608,2029-10-22,5798.64,Inactive
644,2638495260269372,Discover,458,2029-03-03,32352.17,Inactive
467,9473696369984566,American Express,6961,2028-02-10,33717.44,Inactive
866,1986494461413060,MasterCard,612,2030-02-12,3086.38,Inactive
228,8545834668426200,Discover,678,2026-12-06,18310.63,Blocked
592,6799561341199052,Discover,445,2026-09-21,34622.0,Inactive
6,5136546013907537,American Express,6368,2030-11-19,49637.05,Inactive
19,9951455834382284,Visa,203,2027-09-20,38787.19,Blocked
847,0577786233094280,MasterCard,512,2027-11-14,19292.36,Blocked
663,3288468094290987,Visa,482,2026-10-03,49517.03,Blocked
159,8783758613881122,MasterCard,780,2029-07-09,48255.62,Active
679,0354422839057645,American Express,3162,2030-08-07,34116.16,Active
81,1308403192002986,MasterCard,270,2026-08-17,31606.75,Expired
760,1729924326973856,MasterCard,554,2027-09-23,20220.34,Active
197,7119058655533816,Discover,999,2030-06-23,18231.13,Blocked
189,5929078262680038,American Express,5631,2027-06-15,16260.72,Blocked
251,6388559230824355,MasterCard,523,2027-04-19,8337.79,Expired
698,5639077053142334,Visa,333,2030-09-12,35266.88,Inactive
344,1090348130242883,Discover,197,2029-06-20,26474.82,Active
709,2180978150163272,Visa,720,2031-03-05,42720.03,Expired
173,7508169569709919,MasterCard,396,2026-05-10,30962.85,Inactive
571,1053466507074652,MasterCard,681,2031-02-16,11029.25,Inactive
422,5960543108453804,MasterCard,724,2028-08-10,27222.88,Inactive
231,2344090642897492,American Express,6499,2026-09-18,33121.62,Inactive
9,5043791835035477,MasterCard,883,2032-01-16,20238.99,Inactive
234,5046092287941826,American Express,8967,2028-07-10,2173.45,Blocked
894,8094409260577023,American Express,6908,2031-08-11,15464.71,Inactive
81,0632590956806356,Visa,527,2027-01-28,20061.88,Blocked
730,2977312138230178,Discover,217,2026-10-31,43890.99,Expired
625,3592790581120623,Discover,636,2028-09-04,47706.98,Blocked
928,5562745284842926,American Express,1649,2029-06-01,22638.59,Active
776,6198291082918916,American Express,7034,2028-08-12,33230.29,Expired
819,1504483501611702,Visa,933,2029-08-21,3993.6,Inactive
256,6358583915364538,American Express,8052,2029-11-16,42666.37,Active
198,3391215103512848,Visa,198,2030-11-22,19673.62,Inactive
713,1239814549074911,American Express,5883,2026-12-04,6700.22,Active
832,7031741960589677,Discover,830,2030-05-16,47792.89,Blocked
460,8316867954526319,MasterCard,848,2031-03-14,14177.97,Active
125,8835561159412442,MasterCard,959,2030-03-03,27311.86,Active
228,6897704678328016,MasterCard,982,2028-03-21,38030.22,Blocked
989,8816116624643296,Visa,180,2031-05-19,33239.25,Inactive
78,6937892386456023,American Express,1803,2031-03-28,3194.3,Inactive
535,1156571252807186,Visa,813,2030-05-26,46180.94,Inactive
566,5618438436748189,Discover,985,2029-01-21,48422.11,Inactive
462,1944444717693687,Discover,256,2026-05-17,27200.31,Inactive
131,6984172328276421,Visa,669,2031-05-12,24517.07,Inactive
840,1581998341655279,MasterCard,354,2028-11-18,44159.2,Blocked
493,8506992047775562,American Express,5283,2026-04-01,40934.3,Active
180,3675534798401232,Visa,682,2026-07-19,10647.4,Blocked
179,0231626462704832,Discover,874,2030-02-27,28363.11,Expired
675,1445174429082857,Visa,789,2030-07-31,35420.98,Active
391,6562563659506730,Visa,919,2026-10-18,43796.94,Blocked
240,7114593228244255,American Express,3488,2026-08-12,43963.44,Expired
510,8172604459240101,Visa,642,2031-02-27,4585.46,Inactive
78,5255492632245985,American Express,8477,2028-01-11,42244.26,Blocked
532,6734741843366750,MasterCard,367,2027-04-20,27972.86,Active
566,3030025906071666,American Express,2779,2029-09-14,4079.47,Blocked
292,4001895407751823,Visa,468,2026-03-10,9411.05,Active
540,7792675319761153,Visa,363,2026-12-19,3029.05,Active
205,5559326373498676,MasterCard,514,2027-01-22,11252.42,Active
932,4362699665783502,American Express,6311,2030-07-30,35901.46,Active
574,8860884452475530,Visa,262,2031-06-20,32114.39,Blocked
655,7321475669799823,MasterCard,324,2029-02-21,41718.23,Blocked
283,7463201167015114,Discover,194,2030-06-24,17568.79,Blocked
758,0591591288244823,MasterCard,488,2026-12-16,7455.16,Active
873,4432590740554848,American Express,1115,2028-12-26,6043.46,Inactive
228,4165623858074002,MasterCard,368,2031-07-17,25996.65,Active
545,5767018846609592,Discover,213,2031-11-08,21887.43,Expired
240,6487940364309473,MasterCard,802,2031-03-30,11297.95,Inactive
482,3589738990825236,MasterCard,240,2029-03-12,37389.92,Inactive
97,8481869099745824,American Express,7071,2029-10-28,49402.79,Active
422,4213800702373496,American Express,1349,2027-01-02,49812.7,Inactive
814,6026264837989246,Discover,815,2026-03-11,24465.37,Active
642,2257928258070316,American Express,2153,2031-04-04,48828.03,Inactive
425,5226223701633179,Discover,874,2032-02-04,43069.73,Expired
850,1116081120208107,American Express,3907,2029-09-24,19278.59,Inactive
24,9391942653319407,MasterCard,981,2027-05-14,27717.46,Active
921,8064688178100291,Visa,538,2027-10-03,3430.78,Blocked
234,4888526156264586,MasterCard,895,2030-08-04,19540.38,Expired
118,2909970952100484,Visa,914,2031-02-28,2089.54,Blocked
164,7825978891868867,MasterCard,998,2026-06-03,1977.79,Blocked
42,1913167158798473,Discover,724,2030-05-26,10378.09,Expired
735,3019972875945788,American Express,4394,2032-01-25,15592.31,Inactive
504,1525164890248716,American Express,1689,2030-05-25,23818.14,Expired
305,3818188360924681,Discover,852,2028-07-24,31809.0,Active
278,4855504488442821,American Express,8272,2027-04-05,13756.05,Expired
25,6138747896081685,Discover,583,2031-12-11,40820.57,Active
511,8387038244940243,Discover,753,2027-04-01,24684.92,Blocked
20,5045263766668298,American Express,2158,2031-04-26,11133.69,Active
794,9244320405103204,American Express,6182,2026-06-28,16673.53,Blocked
923,7787278980166122,Visa,617,2030-11-02,19056.26,Expired
117,2718838757349384,American Express,7511,2030-04-11,46389.5,Inactive
405,1915553938354697,American Express,7980,2028-08-02,12276.24,Inactive
112,3388984651702925,Visa,292,2027-07-17,19403.56,Expired
335,1158517803382206,Discover,391,2030-07-30,9488.95,Active
931,9544578065346699,MasterCard,391,2029-02-12,20352.81,Active
655,9183382150641960,MasterCard,161,2032-01-18,49341.7,Blocked
385,0704135446279379,Visa,834,2028-04-12,27499.81,Active
296,6071533183348506,Visa,412,2026-08-31,34903.61,Expired
450,8746528314664862,Discover,969,2029-01-15,8083.14,Expired
785,0196041299550848,Visa,382,2026-03-24,42989.96,Blocked
569,2673314665702180,American Express,8776,2026-05-12,38587.69,Inactive
914,5353283836245184,MasterCard,224,2030-08-19,18538.51,Blocked
261,6139229919709232,American Express,8473,2030-08-03,41164.86,Blocked
903,1818191503996453,Visa,904,2026-07-16,42654.19,Blocked
714,0047216079421656,American Express,8421,2027-03-21,20355.92,Inactive
750,9387927612918690,Discover,246,2029-05-19,41433.17,Expired
86,8469650670507105,American Express,9932,2027-11-01,11362.91,Active
180,1962075786763147,Discover,913,2027-04-06,25414.33,Inactive
754,9542964878419120,American Express,9228,2032-01-02,9394.18,Active
856,0880186670349347,MasterCard,772,2026-12-22,37600.86,Blocked
566,1655016651215720,Visa,195,2032-02-10,32438.13,Blocked
344,6560305439842239,Discover,668,2031-08-10,34797.84,Active
814,0096686347195284,Discover,511,2028-08-01,17417.39,Active
959,2566555330194610,MasterCard,475,2026-04-09,19394.63,Blocked
272,5031438448727967,Discover,240,2032-01-27,2184.92,Expired
747,4571055581536430,Discover,730,2028-03-12,13273.16,Inactive
823,9808047447454358,Discover,341,2027-01-11,2792.73,Active
562,8866707987466349,Visa,799,2027-01-20,6374.23,Expired
695,3165361868921018,American Express,2986,2031-01-09,17159.38,Expired
180,6408597537394182,Visa,155,2030-09-06,38573.22,Blocked
699,7466692612386683,MasterCard,103,2030-07-23,17665.5,Expired
429,9606106984698552,MasterCard,741,2029-01-02,31791.33,Active
592,6996855594020860,MasterCard,206,2031-09-13,29826.1,Active
526,2540622749923240,American Express,9685,2028-02-05,7150.03,Active
141,0842922616011632,Visa,704,2028-10-17,48185.56,Active
592,2136667375789710,MasterCard,541,2029-04-20,39347.63,Active
34,0623700627396151,Visa,967,2031-05-24,5838.16,Active
478,6463944817048647,MasterCard,338,2031-07-16,40236.98,Inactive
788,1583228524755566,MasterCard,980,2028-12-31,29796.62,Inactive
425,0904374047454975,American Express,4170,2028-04-17,25106.03,Expired
876,9786886539442985,American Express,9818,2027-10-19,42450.51,Expired
271,7808933228231985,Discover,412,2027-05-24,2683.13,Inactive
652,3350740759110631,MasterCard,481,2028-05-11,44913.66,Expired
863,1603085723786696,MasterCard,850,2027-08-25,3921.87,Expired
162,7910992420012082,Visa,773,2026-10-22,44055.59,Inactive
114,3166957894142873,MasterCard,438,2030-01-26,19914.28,Active
646,2799876183685666,MasterCard,460,2030-07-05,34598.15,Expired
719,8456192300476037,Discover,567,2028-06-14,27212.01,Blocked
815,6133233630893986,American Express,1241,2026-09-01,26239.07,Blocked
624,1006432936837509,American Express,8489,2031-03-18,3408.2,Expired
171,5462287778510014,Visa,721,2027-09-11,8121.6,Expired
747,8944590195056905,MasterCard,342,2030-07-19,40200.38,Inactive
80,5646990144571462,MasterCard,947,2030-04-12,7445.92,Inactive
508,5787574872393928,Visa,611,2028-07-30,34580.59,Active
14,3402861814628076,Discover,549,2029-09-04,10841.63,Active
42,4006340926499674,Visa,704,2026-09-22,8387.29,Active
435,3518455752352015,Visa,349,2030-08-17,4589.24,Inactive
827,1704342439487705,Visa,624,2029-10-30,41101.09,Expired
566,8821392978319359,Visa,175,2028-02-20,35910.31,Blocked
800,9452183791667785,MasterCard,829,2029-05-01,2512.86,Inactive
733,0976423324693675,American Express,9048,2030-09-29,8920.6,Expired
31,6478071895498241,American Express,6432,2027-03-10,33388.26,Blocked
895,7635062990311474,Discover,773,2026-06-21,18192.57,Inactive
444,9222788151438365,American Express,6547,2031-12-31,31154.64,Active
846,2160449375435129,Discover,120,2027-05-29,17211.37,Expired
135,0227463320277785,Visa,402,2030-02-24,21482.54,Inactive
68,5570993000583190,Discover,314,2028-07-25,36223.44,Inactive
113,5690546176146042,Visa,413,2029-03-12,46485.23,Expired
780,2226851177153266,Visa,715,2026-03-22,10896.07,Expired
850,1747482796433194,MasterCard,277,2026-11-02,19736.76,Inactive
584,0650714371497405,American Express,1320,2027-09-26,35706.97,Expired
173,9031726239353739,Visa,251,2028-06-19,48304.56,Expired
599,4723070075769542,MasterCard,645,2030-03-23,41953.58,Expired
231,1307540188834975,Visa,759,2028-07-09,23738.03,Blocked
741,9054889686535704,Visa,816,2031-10-16,12901.73,Active
85,8602751167139671,Visa,239,2028-08-21,42033.78,Active
552,6803850504327872,MasterCard,995,2029-10-04,41421.81,Blocked
927,4919830472357715,Visa,265,2031-04-18,45638.85,Expired
406,5687540591267225,MasterCard,977,2027-01-09,18279.85,Blocked
680,1720063434536828,MasterCard,825,2028-06-14,15932.14,Active
40,9715055030867437,Visa,987,2027-01-12,17051.11,Expired
454,3915678673907069,MasterCard,420,2029-05-26,45099.43,Inactive
208,4211002239674364,MasterCard,983,2027-03-22,26024.0,Active
433,3870384713648351,Visa,441,2030-08-08,3316.89,Inactive
847,0460261665922197,MasterCard,289,2027-02-07,31226.73,Active
776,7131694820821386,Visa,910,2027-05-22,4608.1,Inactive
915,1846086263184141,Visa,551,2028-11-11,32167.93,Expired
690,6867968597075174,Discover,804,2028-07-18,21892.44,Active
707,8596317380266612,Visa,102,2026-08-05,48727.27,Expired
958,5303114421676770,Visa,539,2027-08-25,28238.92,Expired
948,0892928932215778,MasterCard,762,2026-11-17,11830.67,Expired
799,9839978570692305,American Express,9538,2027-07-08,48254.98,Expired
922,9857288716986542,MasterCard,324,2031-05-11,11386.6,Inactive
512,2571846955376502,Discover,140,2028-05-03,8577.9,Active
230,4087157939504548,MasterCard,184,2031-08-19,26491.67,Expired
801,6460613836591008,American Express,7399,2028-11-05,38550.29,Active
267,8057271593855390,American Express,9354,2030-09-14,15008.34,Expired
739,2592739601578378,American Express,4481,2029-06-01,5329.11,Active
104,2060379100647538,American Express,4559,2029-12-27,28926.58,Expired
646,4002271489283053,Visa,397,2032-02-14,30376.91,Expired
410,5995613065370565,American Express,4225,2028-03-24,10928.03,Inactive
875,1959484059187770,Visa,423,2028-05-03,48106.65,Active
797,8515164899116356,MasterCard,337,2026-03-08,8339.1,Active
212,5785903628698858,American Express,4405,2032-01-18,42444.04,Inactive
536,1405922274975880,Visa,683,2031-01-22,20329.25,Expired
932,2744914442245828,Discover,187,2031-11-18,6338.13,Active
958,4053392596148628,MasterCard,534,2030-05-27,38193.85,Expired
162,4204022907716132,MasterCard,919,2027-05-15,11990.18,Inactive
212,4731366808373595,Discover,232,2027-10-29,29080.91,Inactive
469,2119718945461318,Visa,431,2026-07-27,10776.39,Active
725,2778778681052734,Discover,891,2026-06-20,7565.15,Blocked
492,9623787602818200,Visa,613,2029-01-05,20451.97,Active
