Account_ID,Transaction_Type,Amount,Currency,Date,Status,Reference_No
811,Payment,-652.45,USD,2023-09-12,Failed,cef4859e-8aa
849,Withdrawal,-2917.23,USD,2024-02-26,Pending,cc23f660-4da
333,Transfer,2832.19,INR,2024-04-14,Pending,61875e82-a81
620,Deposit,1626.86,GBP,2023-05-08,Pending,9137bcae-5a0
690,Withdrawal,-1470.84,GBP,2023-03-16,Failed,0aec57fe-1c2
630,Deposit,1588.39,GBP,2024-10-08,Completed,ddfe3a6f-33b
707,Payment,-887.45,INR,2024-02-01,Completed,778a4f27-1f3
382,Payment,-819.38,USD,2023-11-24,Pending,2b982228-66b
307,Transfer,4192.56,INR,2024-11-29,Failed,115da767-a92
745,Withdrawal,-3442.36,INR,2023-05-26,Pending,97b61ba2-567
900,Deposit,1200.43,GBP,2023-06-24,Completed,976b0167-26a
577,Withdrawal,-4461.96,EUR,2023-09-05,Completed,45c39c46-160
459,Deposit,4092.8,EUR,2024-07-15,Completed,2d9dec04-b97
648,Withdrawal,-1638.12,GBP,2023-04-08,Failed,08f6e35d-3bc
985,Transfer,1784.01,EUR,2023-03-27,Completed,cb70c04d-846
624,Deposit,4223.36,USD,2024-01-21,Pending,154e3179-960
613,Withdrawal,-567.53,INR,2023-08-06,Pending,f6a01138-c66
972,Payment,-269.16,USD,2024-11-15,Failed,8ffea659-de5
430,Transfer,3765.36,GBP,2023-10-23,Failed,19f599d6-6ec
595,Deposit,1919.86,EUR,2023-09-26,Pending,e4972ff6-650
591,Payment,-1932.6,USD,2023-05-25,Pending,71033004-198
552,Payment,-2382.65,EUR,2024-07-20,Failed,a18ce3dd-6ee
752,Transfer,1784.9,GBP,2023-07-18,Pending,424fe876-ccf
707,Transfer,2154.26,INR,2023-09-20,Completed,8177b89d-172
975,Transfer,4771.97,GBP,2024-05-13,Pending,3064095e-508
865,Withdrawal,-198.44,USD,2024-05-09,Completed,12f57414-92f
595,Payment,-2382.81,GBP,2024-03-15,Pending,a30f8bce-c17
592,Transfer,2473.12,EUR,2024-10-23,Failed,5ef6447d-ade
292,Withdrawal,-3164.77,GBP,2024-09-10,Pending,5966351c-07e
979,Deposit,3925.58,USD,2024-01-28,Completed,39351e7d-261
270,Deposit,2165.92,INR,2024-10-13,Pending,33f75c7e-cfc
651,Withdrawal,-4900.25,USD,2023-09-17,Failed,38b228be-30b
385,Withdrawal,-2223.21,INR,2024-01-22,Failed,c186668e-f79
540,Withdrawal,-1055.53,EUR,2024-02-07,Pending,93e5e9b0-fc8
358,Payment,-1335.3,GBP,2023-03-31,Completed,2f88356b-e9d
578,Withdrawal,-2677.77,GBP,2023-03-13,Completed,b2772ca4-1fe
619,Transfer,4799.85,EUR,2024-04-23,Failed,38d3c747-32b
924,Deposit,3501.29,INR,2025-01-16,Pending,57339b97-00e
744,Withdrawal,-4745.85,EUR,2023-12-17,Failed,057edd85-ebe
295,Withdrawal,-2149.26,INR,2023-11-24,Failed,b2d2d806-7de
756,Transfer,3694.83,GBP,2023-07-10,Pending,e8dc3c07-2c2
470,Deposit,2324.47,USD,2023-12-05,Failed,c2eba483-528
692,Transfer,3547.42,INR,2023-08-18,Pending,eef71616-840
265,Payment,-4000.56,USD,2023-12-17,Completed,00a59e1f-bd8
688,Payment,-702.65,USD,2023-02-28,Completed,14b646bb-900
903,Transfer,3988.15,INR,2024-11-25,Completed,f5ecaa23-3b5
280,Transfer,4273.92,USD,2023-10-22,Failed,310e93b9-9ba
379,Transfer,1651.14,INR,2023-05-16,Pending,1bc7c91a-c9f
956,Transfer,383.07,EUR,2024-12-08,Completed,acc8fcf9-d5a
698,Payment,-3227.65,GBP,2023-12-29,Pending,0929d4c0-a9c
778,Deposit,2472.88,GBP,2023-03-28,Completed,afb404a9-94e
680,Withdrawal,-1626.36,EUR,2024-06-14,Pending,e2db67bd-dc6
915,Payment,-1375.25,GBP,2023-09-24,Pending,a738e005-4ff
610,Transfer,1877.79,GBP,2023-10-30,Failed,bfab7141-459
700,Deposit,1794.81,EUR,2023-08-13,Failed,ea806596-1ac
949,Deposit,2212.46,INR,2024-04-30,Pending,8af1ef1b-d1d
498,Deposit,2551.89,EUR,2024-02-28,Pending,6b0bb010-815
655,Withdrawal,-1063.64,INR,2023-12-31,Failed,a5de0afc-d53
465,Withdrawal,-2256.05,EUR,2024-07-23,Pending,35f82493-d2b
561,Deposit,2808.27,GBP,2024-09-10,Completed,5d7acbe8-8a0
606,Deposit,2025.91,EUR,2024-07-22,Completed,c8ab831d-b7b
863,Deposit,3408.22,USD,2023-08-07,Completed,5c0d71bd-2f4
952,Payment,-141.69,USD,2023-04-12,Completed,12ad814f-80e
461,Payment,-2047.79,GBP,2024-06-01,Completed,66553a51-8b4
275,Transfer,3623.32,USD,2023-09-04,Pending,e52c499f-57f
548,Transfer,1131.73,USD,2025-01-06,Failed,ea2d46f4-83f
673,Transfer,3246.94,GBP,2024-06-06,Failed,122d0265-7ae
474,Deposit,3646.74,INR,2023-05-13,Completed,259cbca3-89f
721,Transfer,4859.65,USD,2023-10-16,Pending,8debbc1d-239
694,Deposit,3389.29,USD,2024-07-06,Failed,db8a206f-e68
226,Withdrawal,-4266.94,GBP,2024-01-24,Pending,7e2552ba-5e6
247,Withdrawal,-1386.83,INR,2024-11-27,Pending,d83bb80e-d33
491,Payment,-498.2,GBP,2023-10-01,Failed,3b74aae9-d8d
333,Withdrawal,-203.07,USD,2024-12-09,Failed,ec2157ff-bc5
229,Transfer,1155.7,USD,2024-09-02,Completed,caf1e628-619
675,Payment,-342.45,GBP,2024-07-07,Pending,108e8147-5a9
848,Deposit,124.27,USD,2024-12-25,Failed,c22d3a21-689
463,Payment,-215.54,USD,2024-06-27,Pending,3631385f-fde
823,Withdrawal,-4587.23,USD,2024-04-28,Pending,7b59cc8d-fd4
585,Payment,-1157.29,USD,2024-04-11,Failed,0c431083-dc4
682,Transfer,2495.09,GBP,2024-10-01,Failed,c7a65c5e-8b9
710,Withdrawal,-651.55,EUR,2023-11-22,Completed,68796283-200
634,Transfer,4525.37,EUR,2024-12-09,Failed,bf3af986-c47
970,Transfer,4107.03,EUR,2024-06-15,Completed,65bc7e18-5b2
675,Withdrawal,-2693.91,INR,2023-12-30,Failed,0cb4b772-618
988,Deposit,4805.42,USD,2024-12-03,Completed,dcbb73bc-103
330,Deposit,1865.25,GBP,2024-03-09,Pending,448e8052-21b
681,Withdrawal,-1993.43,EUR,2023-03-01,Pending,f25a17cb-2fb
328,Payment,-1786.08,EUR,2024-08-22,Failed,57c30046-c72
934,Payment,-1551.15,USD,2024-07-09,Failed,f143708a-20a
843,Transfer,1238.11,GBP,2025-02-04,Failed,99d20d5c-9a5
661,Transfer,195.86,EUR,2024-11-16,Completed,a26515a5-f23
936,Transfer,2835.09,USD,2023-10-27,Failed,c0752fd4-1e4
412,Transfer,251.94,USD,2024-12-16,Completed,5a306699-0bd
553,Payment,-2542.86,USD,2023-08-07,Pending,ba7c0b40-194
707,Payment,-3521.15,EUR,2025-01-24,Failed,32c93c33-c80
477,Deposit,1352.98,INR,2024-09-03,Completed,f4600520-e58
974,Deposit,4018.85,INR,2023-09-05,Failed,be42a9b9-d87
932,Payment,-2204.28,INR,2024-03-21,Completed,5096483b-e67
361,Transfer,4967.5,USD,2023-03-03,Failed,1517a535-160
695,Transfer,1765.06,EUR,2024-10-28,Completed,281f1f9d-198
422,Transfer,2870.29,USD,2024-01-20,Pending,95c3afa4-661
856,Deposit,3472.39,EUR,2023-10-11,Pending,37a50e66-6c8
324,Deposit,654.8,GBP,2023-11-19,Pending,eff337e2-741
308,Withdrawal,-1549.12,INR,2023-07-31,Failed,d760a4a6-7d2
347,Deposit,2226.52,USD,2024-07-27,Completed,10903e04-035
623,Withdrawal,-369.37,INR,2023-10-07,Failed,8259574c-7b3
591,Transfer,3080.0,USD,2023-07-23,Failed,d92b8c82-783
968,Payment,-1393.42,EUR,2024-12-11,Failed,b6b32efb-4df
752,Payment,-523.76,INR,2024-05-28,Completed,509e48fd-4c6
418,Deposit,609.65,GBP,2024-11-10,Completed,221b3ed0-cb3
243,Withdrawal,-4666.93,GBP,2023-11-05,Completed,ea2646dc-653
851,Payment,-2120.2,USD,2023-03-11,Pending,b1633268-eea
295,Deposit,2005.26,INR,2024-06-27,Failed,9370d6fe-49a
394,Payment,-1801.79,INR,2023-03-28,Pending,4f8df051-8b1
947,Withdrawal,-3624.02,INR,2025-01-28,Pending,dbc343af-ff7
641,Withdrawal,-1926.99,EUR,2024-03-26,Pending,d7764ccd-8ca
715,Payment,-2462.17,INR,2025-02-12,Pending,09193fe1-05e
619,Deposit,412.15,GBP,2024-07-05,Pending,a3a7d1af-367
876,Withdrawal,-4431.31,USD,2024-10-26,Pending,b199d948-3aa
946,Transfer,4371.91,GBP,2023-08-14,Failed,e7ce80f8-fb1
866,Withdrawal,-4408.57,INR,2025-01-16,Completed,60456b2d-9d9
469,Deposit,4506.32,INR,2024-09-17,Pending,4625bb96-873
300,Deposit,2507.3,USD,2023-06-19,Failed,ae0db444-0bb
968,Payment,-4031.39,GBP,2023-12-11,Pending,a23ce932-3c4
609,Transfer,3317.7,EUR,2024-03-17,Pending,d021adf7-098
698,Withdrawal,-3583.34,GBP,2024-05-31,Pending,5da84e76-6e7
848,Deposit,2075.71,INR,2023-05-29,Failed,3f1e4291-335
445,Withdrawal,-3172.86,EUR,2023-04-06,Pending,e53fcc81-2a3
319,Transfer,2958.46,INR,2024-11-12,Completed,4000db8d-5fc
363,Deposit,1083.42,USD,2024-05-22,Pending,a8878b7a-951
711,Payment,-2983.77,USD,2024-05-11,Completed,6b7739f9-671
559,Withdrawal,-2813.64,GBP,2024-01-29,Pending,2d0ae2a9-a3c
807,Payment,-583.67,USD,2024-10-21,Completed,147cc5e7-cb7
235,Withdrawal,-1107.56,GBP,2023-07-16,Failed,9659d16a-5fa
849,Payment,-2613.46,USD,2024-07-09,Completed,72f34f66-1fd
990,Deposit,4264.77,GBP,2024-01-04,Failed,428d2577-006
601,Transfer,3306.73,EUR,2024-06-21,Pending,84ff4b89-30c
822,Payment,-4394.51,USD,2024-10-17,Failed,545f2cb4-570
595,Transfer,3578.36,USD,2024-12-15,Failed,85a22ffe-f29
956,Withdrawal,-4760.17,EUR,2024-03-28,Failed,d9d240f7-9a4
252,Withdrawal,-1934.66,USD,2025-02-17,Failed,5ae27e38-6bd
656,Deposit,3758.04,INR,2024-04-19,Pending,1232598d-242
656,Payment,-4404.04,USD,2023-09-17,Failed,fdef3699-35a
461,Deposit,4503.47,GBP,2023-11-12,Pending,56ffdedf-9b6
387,Transfer,851.33,INR,2023-05-18,Completed,5c3196a7-8ac
604,Withdrawal,-1965.88,EUR,2024-03-12,Pending,fe9572d3-81a
852,Withdrawal,-2711.83,INR,2025-02-15,Pending,6f857615-3b9
990,Deposit,3092.06,INR,2023-05-22,Pending,d12444f5-6cd
813,Payment,-3403.72,USD,2024-02-01,Completed,7773f8ac-324
306,Withdrawal,-1567.75,EUR,2023-12-18,Completed,8f136073-511
915,Withdrawal,-4535.36,EUR,2023-10-04,Completed,5eb4234c-110
990,Payment,-3400.56,USD,2023-06-21,Pending,55190ce5-1f0
651,Transfer,4721.32,GBP,2024-04-25,Completed,94bbfc2e-f49
725,Deposit,3727.36,USD,2023-05-02,Completed,603819b2-49e
717,Withdrawal,-1358.88,USD,2024-12-21,Failed,7f7fb9d1-f99
563,Withdrawal,-202.05,USD,2024-02-19,Completed,382928d9-b55
818,Payment,-107.05,EUR,2023-03-18,Pending,adcb38f1-7d7
307,Payment,-2146.88,USD,2024-07-07,Failed,fd125132-16e
221,Withdrawal,-1318.97,GBP,2023-03-06,Completed,9f583d3d-6e4
276,Transfer,2701.97,INR,2023-12-26,Pending,540cc376-c60
389,Transfer,1803.51,INR,2024-04-23,Failed,26e935f4-9ac
269,Payment,-866.27,EUR,2023-11-05,Failed,e37aa140-6e8
609,Withdrawal,-1805.85,INR,2023-04-30,Failed,a6c7deba-1ba
480,Payment,-3807.62,EUR,2024-06-27,Failed,76f56036-48c
773,Transfer,4112.69,GBP,2025-01-07,Failed,ede7560d-103
578,Deposit,3523.45,USD,2023-09-03,Failed,ec0703e2-f68
539,Deposit,1310.66,USD,2023-12-08,Failed,6f3e3b69-5c8
416,Deposit,1061.14,EUR,2024-03-25,Failed,d95091b0-557
622,Transfer,1092.8,INR,2023-07-04,Pending,5d41c505-ba8
614,Withdrawal,-1744.32,USD,2023-06-04,Failed,3356a303-df2
955,Payment,-3185.69,INR,2024-12-24,Pending,135cc0aa-6e5
957,Withdrawal,-1997.95,EUR,2023-05-03,Completed,d5c909d7-d20
930,Transfer,4463.47,GBP,2024-04-02,Completed,ab75b963-c06
817,Payment,-4719.77,EUR,2024-09-07,Pending,1904e1d8-265
523,Deposit,3290.09,INR,2025-01-28,Pending,d2d00964-1f2
656,Transfer,802.56,INR,2023-11-12,Completed,029b41de-900
369,Deposit,3989.71,EUR,2023-10-22,Failed,db75acc1-35d
590,Payment,-2709.84,EUR,2024-11-06,Failed,a2455156-fd9
770,Transfer,4257.38,GBP,2024-10-30,Pending,1a456365-80d
474,Payment,-196.61,GBP,2025-01-30,Pending,d6797f4f-3dc
380,Payment,-2966.42,GBP,2023-03-11,Failed,eb63075f-fd6
820,Payment,-2149.24,EUR,2023-10-11,Pending,be6c8549-4ad
397,Deposit,236.31,USD,2023-09-22,Completed,210d141f-712
296,Transfer,4728.06,USD,2023-06-19,Pending,36ab4b36-168
871,Transfer,4789.05,USD,2023-05-07,Completed,bee89c80-bbf
988,Withdrawal,-1284.39,USD,2023-05-26,Pending,c7a23259-7cd
941,Withdrawal,-4016.6,USD,2023-08-28,Failed,9c92a7d6-601
997,Payment,-3017.2,USD,2024-03-10,Completed,06fd411a-7db
413,Deposit,542.52,INR,2024-08-13,Pending,f68fb850-dd1
397,Deposit,3179.81,USD,2023-11-09,Pending,534f9972-855
985,Deposit,773.16,INR,2024-08-14,Completed,bd13ab4b-385
672,Payment,-4305.76,GBP,2023-02-24,Pending,a0bb0f2f-10a
691,Deposit,3795.65,USD,2023-11-11,Completed,4f8ae115-875
812,Transfer,2649.46,USD,2024-01-26,Pending,d8154960-07a
282,Payment,-4537.96,GBP,2023-11-27,Pending,50487f2b-e56
516,Payment,-2899.55,EUR,2023-12-11,Failed,9570ad55-33b
459,Payment,-3987.01,USD,2023-10-10,Completed,aa8824c1-efb
540,Withdrawal,-2948.56,INR,2023-08-13,Completed,66a6426b-3c9
794,Withdrawal,-4924.43,EUR,2024-01-10,Pending,c1e723b8-708
326,Deposit,16.6,INR,2024-02-04,Failed,f86bbe4c-30a
242,Payment,-3278.37,USD,2023-09-20,Failed,f83da06b-d89
444,Transfer,3351.85,EUR,2024-07-19,Failed,c5fc296a-326
455,Withdrawal,-2258.47,INR,2023-07-31,Failed,5f43c75a-57b
469,Withdrawal,-4439.1,GBP,2023-03-03,Failed,b98d354b-9e5
379,Payment,-992.87,GBP,2023-09-21,Pending,d16bc05c-633
800,Deposit,1820.5,INR,2023-02-21,Completed,d4f93c99-3b5
687,Payment,-2039.72,INR,2024-08-30,Completed,1a21fcb8-752
833,Withdrawal,-130.75,INR,2025-01-22,Pending,2d94c2dd-83c
613,Transfer,4001.45,EUR,2023-07-19,Failed,ba0dfbc4-47b
812,Deposit,843.92,INR,2023-09-08,Failed,3296bccf-d7a
925,Deposit,4157.98,GBP,2024-08-29,Completed,00395351-0b8
718,Withdrawal,-2357.67,INR,2023-08-15,Completed,beeefc28-7a5
626,Payment,-3764.46,USD,2025-01-23,Completed,103d55fe-ae1
491,Withdrawal,-1520.21,USD,2024-11-21,Failed,5ed84727-d40
267,Withdrawal,-742.86,USD,2024-01-10,Completed,e878e2e4-387
264,Transfer,1972.3,EUR,2024-07-18,Pending,17e521fd-df0
909,Payment,-13.41,GBP,2024-04-03,Pending,bf9d7598-606
884,Payment,-2459.73,EUR,2024-03-05,Pending,dcf04b3a-869
906,Payment,-3949.23,USD,2024-12-26,Failed,382312cf-3f4
389,Withdrawal,-81.82,GBP,2023-02-25,Failed,1e7f57a3-42a
632,Deposit,3178.02,GBP,2023-09-30,Failed,8e0ee0f1-d9c
553,Deposit,1693.25,GBP,2024-04-21,Completed,415f535a-251
652,Transfer,1371.16,EUR,2024-03-15,Failed,3780a761-676
536,Payment,-326.87,USD,2023-08-08,Failed,c2a52c96-aca
975,Payment,-2129.41,INR,2023-12-14,Completed,f6c79fc6-5fd
474,Deposit,1384.02,INR,2023-09-25,Pending,dda14ad9-f87
707,Transfer,4370.29,EUR,2024-04-05,Pending,c264a6f3-7e0
354,Deposit,1031.89,GBP,2023-07-30,Pending,5afae83c-87d
337,Deposit,822.07,INR,2023-09-16,Pending,76f6f557-86f
277,Deposit,3904.95,INR,2023-06-17,Failed,76786e79-323
540,Deposit,2544.42,EUR,2024-06-18,Completed,a81803b7-89e
859,Deposit,3659.53,INR,2024-04-28,Pending,3f0c5dbc-cc0
249,Payment,-1550.61,EUR,2023-05-08,Failed,7567e0a6-592
742,Payment,-234.3,INR,2023-10-07,Completed,cf622959-694
475,Transfer,1065.55,INR,2023-04-13,Failed,4d52f8d2-dc3
756,Withdrawal,-4603.71,INR,2024-02-17,Pending,d00d8ebe-a83
606,Deposit,2835.39,INR,2023-11-27,Failed,8e2290d2-fa1
677,Deposit,4118.01,USD,2023-11-16,Failed,24dc9dc1-715
474,Deposit,1455.47,EUR,2023-12-18,Pending,48b2463f-0a6
854,Transfer,4335.38,USD,2024-08-21,Pending,16812195-799
474,Payment,-1015.39,GBP,2025-02-04,Pending,ebae7c12-343
336,Payment,-926.57,GBP,2025-02-10,Pending,e2d01ffe-757
688,Deposit,4714.04,EUR,2024-11-08,Pending,fd6ca60c-3c1
469,Payment,-226.92,EUR,2023-07-13,Pending,c3b755d9-63f
469,Deposit,4358.7,EUR,2025-02-05,Failed,06bbbb46-866
513,Transfer,3219.28,USD,2024-02-10,Failed,3e2cfa1c-92f
318,Deposit,1439.73,INR,2024-01-24,Pending,a813cc76-49b
455,Transfer,4121.22,EUR,2024-06-13,Pending,be4f83b4-aa0
265,Transfer,4687.33,GBP,2024-05-04,Completed,e1ecc048-a92
274,Transfer,4856.53,EUR,2024-08-23,Completed,a9a4ef3c-f9a
874,Deposit,1696.46,EUR,2023-07-13,Completed,8e237592-668
915,Withdrawal,-89.84,INR,2024-11-13,Failed,0b9e46e8-5f5
638,Deposit,1230.89,INR,2024-06-18,Completed,fabfa434-9cd
228,Withdrawal,-4954.04,EUR,2024-11-16,Pending,484e54d9-7cc
640,Withdrawal,-1657.76,EUR,2024-02-12,Failed,9910374e-f16
846,Withdrawal,-4729.91,INR,2024-03-25,Pending,dc352c25-591
752,Transfer,4888.48,USD,2023-07-23,Completed,dcf25de3-6e3
225,Payment,-4007.34,USD,2023-05-08,Completed,414cc2ba-848
670,Transfer,177.02,USD,2023-11-23,Completed,6440b3b4-40e
392,Payment,-430.83,USD,2023-09-17,Pending,81d2b8da-50b
324,Withdrawal,-3084.45,INR,2024-07-31,Completed,27849a92-99e
995,Transfer,2697.12,USD,2023-03-10,Completed,ff6a93fd-295
865,Deposit,3269.3,EUR,2024-06-10,Pending,1acb5787-c03
648,Transfer,3225.18,EUR,2024-11-26,Completed,3ca5beca-762
948,Deposit,4492.62,USD,2023-04-24,Pending,54f17db9-370
963,Transfer,1122.7,GBP,2023-07-19,Failed,3c027764-859
535,Deposit,4874.58,INR,2024-10-20,Failed,8f646ee9-5e8
232,Withdrawal,-443.34,EUR,2023-12-19,Pending,feb26f05-87f
990,Transfer,1534.74,INR,2024-07-21,Failed,94ab95e0-5fc
752,Deposit,1995.4,USD,2023-07-02,Completed,a47796eb-d53
400,Deposit,2907.09,GBP,2024-02-15,Failed,e2b8e3a7-7c3
766,Payment,-286.1,USD,2024-08-25,Failed,4de79240-575
831,Payment,-1331.52,GBP,2024-06-28,Pending,2c5031f1-589
832,Transfer,255.28,INR,2023-11-04,Completed,a81deafb-253
480,Deposit,1828.19,GBP,2024-06-08,Completed,49e001d1-739
564,Withdrawal,-1075.33,GBP,2024-02-23,Failed,38642be3-3e1
564,Transfer,1908.35,GBP,2024-01-09,Failed,7caa33de-e06
626,Payment,-2421.77,EUR,2023-12-22,Completed,64c7825a-264
434,Deposit,4692.04,INR,2023-09-28,Completed,3d6d089b-8ef
700,Deposit,4063.36,GBP,2023-09-15,Completed,2af73dc7-986
862,Deposit,3148.67,USD,2024-05-19,Completed,43fe9c5b-1f7
680,Deposit,1714.8,EUR,2023-03-13,Failed,ced2b787-61b
1,Withdrawal,-2193.65,GBP,2023-11-12,Pending,96d89d18-615
866,Withdrawal,-1058.75,INR,2024-02-24,Pending,3692aa18-86e
261,Transfer,645.76,EUR,2024-10-07,Completed,8a938a6d-5ba
282,Withdrawal,-517.08,GBP,2023-09-17,Failed,7a0f6a1e-689
849,Payment,-1387.03,INR,2023-06-01,Completed,855edd08-c15
404,Transfer,4395.49,INR,2023-08-05,Completed,0c815995-c03
759,Withdrawal,-4979.33,EUR,2023-07-13,Completed,e9735169-9db
708,Payment,-4389.3,EUR,2024-03-22,Pending,c065c12c-9a9
971,Payment,-3777.11,EUR,2025-02-10,Failed,e66490c3-252
638,Transfer,2382.35,GBP,2023-05-23,Failed,c668fad5-aa1
955,Transfer,1289.98,GBP,2023-06-12,Completed,9b7909a9-b77
650,Transfer,4537.49,EUR,2024-09-30,Pending,a79faa25-cf3
650,Transfer,4888.82,EUR,2025-01-21,Failed,050b3fdc-977
737,Deposit,2556.99,EUR,2023-12-04,Pending,ad4cf793-27d
370,Withdrawal,-3136.09,USD,2023-06-16,Failed,6e665397-5bf
789,Transfer,556.18,GBP,2024-06-30,Failed,856af963-8c6
548,Withdrawal,-3255.8,GBP,2024-11-25,Pending,600d9d59-ebb
887,Payment,-966.01,GBP,2023-07-21,Completed,8b8dc28c-f0f
712,Transfer,1295.0,INR,2023-05-16,Pending,e1d678d3-247
458,Transfer,4900.51,GBP,2023-04-04,Completed,6c01a68c-1b0
767,Payment,-1844.44,INR,2023-07-27,Failed,e6d568f8-a4d
614,Transfer,2188.21,GBP,2025-02-16,Completed,2d65ac00-c3d
440,Deposit,3485.68,USD,2024-09-02,Pending,ee9330d0-37f
681,Deposit,441.36,USD,2024-12-15,Pending,7c45bca2-cf2
903,Payment,-3539.03,INR,2023-12-10,Failed,5dd292af-d23
903,Payment,-1459.2,GBP,2024-09-18,Completed,6b6605b2-a01
610,Deposit,2355.15,INR,2024-01-30,Pending,e9eb253a-ab9
400,Withdrawal,-2597.42,GBP,2024-03-22,Failed,ad081bf0-32f
804,Payment,-726.94,INR,2023-10-30,Pending,b419aebb-546
463,Withdrawal,-622.16,GBP,2023-11-12,Completed,d34953a0-c10
742,Transfer,4773.28,USD,2024-07-03,Completed,1fda8e5f-210
960,Withdrawal,-1307.77,EUR,2025-01-08,Pending,4c79fef6-fc9
233,Transfer,3387.23,GBP,2024-06-04,Pending,62d6385b-37a
934,Transfer,210.84,EUR,2023-10-27,Pending,fa5d2e39-e73
499,Withdrawal,-3468.78,EUR,2024-05-06,Failed,0f8aaa0b-1a2
286,Payment,-3764.02,GBP,2024-11-25,Pending,69b21f8b-740
416,Payment,-280.5,EUR,2023-08-08,Completed,cd815642-91c
267,Payment,-3078.98,GBP,2024-10-25,Completed,7d2abe92-7b0
657,Transfer,3493.71,GBP,2023-03-26,Failed,ea1042bd-497
385,Withdrawal,-2122.75,GBP,2024-03-29,Completed,dbdccb81-063
472,Payment,-3935.56,EUR,2024-06-29,Failed,504866ac-ef5
615,Withdrawal,-1576.56,USD,2024-08-22,Completed,9330cbb4-627
241,Transfer,2823.38,USD,2024-07-20,Failed,eab2e6f7-5d4
718,Transfer,4333.18,USD,2024-05-22,Completed,511815db-917
882,Deposit,1342.03,INR,2023-08-06,Completed,ffb772ce-dc9
224,Payment,-1788.83,INR,2024-04-22,Failed,2c55ef4e-950
910,Payment,-623.6,EUR,2025-01-19,Pending,fb9df1e9-b20
258,Transfer,4189.99,USD,2024-04-06,Pending,408d633f-a8d
494,Transfer,4356.16,GBP,2023-02-22,Failed,98668b6b-a2b
372,Deposit,607.78,EUR,2023-07-20,Completed,b516800a-374
667,Deposit,3582.13,USD,2024-07-23,Failed,4a74e9c5-d05
480,Payment,-2750.61,EUR,2023-12-11,Failed,0b1c4354-623
496,Transfer,4587.43,EUR,2024-01-16,Completed,ddd50220-aa8
953,Payment,-386.95,INR,2023-10-02,Failed,725fc439-93d
389,Payment,-994.31,INR,2024-10-05,Pending,c67815cc-f9f
428,Withdrawal,-540.58,INR,2024-06-13,Pending,87ef8ca4-4e2
700,Transfer,242.92,INR,2023-12-13,Pending,ddb0fbf1-797
605,Transfer,450.82,INR,2024-07-27,Completed,d590b86c-c6e
282,Deposit,4322.84,GBP,2024-10-06,Completed,72dae26d-4db
299,Deposit,1714.51,USD,2023-03-10,Failed,7cb3a5db-305
897,Deposit,1325.14,USD,2023-09-25,Completed,5cd82247-eba
310,Payment,-1154.01,INR,2024-03-14,Failed,4cd0eacd-556
444,Deposit,1848.96,GBP,2023-03-30,Completed,9abfdfbf-58a
907,Deposit,557.27,USD,2023-04-26,Pending,43672e19-e1e
681,Deposit,1837.83,INR,2023-11-20,Completed,bb5e1b9e-278
396,Withdrawal,-282.91,INR,2023-10-17,Completed,2493baf8-345
604,Deposit,1641.99,USD,2024-02-19,Failed,f9b73f62-32b
689,Transfer,1825.2,INR,2024-06-26,Completed,b6892411-2b7
989,Withdrawal,-4393.88,INR,2024-10-17,Failed,f690c209-e17
297,Payment,-2332.61,INR,2024-11-19,Failed,23d30daa-974
886,Transfer,2636.55,EUR,2023-07-01,Completed,54ec168f-d92
734,Transfer,4392.46,INR,2024-11-06,Pending,f2dd5e65-173
641,Transfer,2005.73,EUR,2024-11-26,Failed,edfb170c-e74
383,Withdrawal,-422.32,GBP,2024-08-21,Pending,6520c9fe-b0e
818,Transfer,95.51,EUR,2023-05-08,Completed,65c9d9a3-081
496,Withdrawal,-2839.73,USD,2025-02-12,Pending,9fed4e65-629
411,Transfer,4053.43,EUR,2024-04-20,Failed,520cbe6e-6fc
948,Transfer,2714.9,INR,2023-08-23,Pending,eb02c9b3-9d1
413,Withdrawal,-4628.85,USD,2023-05-06,Completed,ebddd267-d19
658,Transfer,1439.11,GBP,2024-11-12,Failed,c50dd983-aa0
416,Payment,-1547.97,EUR,2023-06-29,Completed,de5c8130-69b
932,Payment,-4725.9,EUR,2024-01-25,Failed,2823c536-478
474,Transfer,1206.63,USD,2024-04-01,Failed,ad1fe57a-ee7
975,Transfer,123.39,EUR,2023-07-13,Pending,1949b188-352
476,Transfer,1504.88,GBP,2023-06-01,Pending,92362ae2-f63
874,Payment,-3664.77,GBP,2024-12-30,Pending,bf848a1a-a6c
413,Transfer,4325.81,GBP,2024-02-12,Failed,966b347e-990
396,Deposit,1850.53,USD,2025-01-05,Failed,067a0aee-02d
790,Payment,-2620.41,GBP,2025-01-02,Pending,1f7d51f3-42e
505,Payment,-262.24,EUR,2025-01-05,Pending,59603757-6c2
815,Deposit,1751.0,INR,2024-04-25,Pending,b7a553fd-abc
501,Deposit,2734.11,USD,2025-01-20,Completed,67681bf3-1b3
804,Transfer,2292.49,GBP,2023-05-20,Completed,719aed5f-e5f
255,Deposit,3150.25,INR,2023-07-03,Pending,d96763c3-689
800,Payment,-2432.91,INR,2024-02-26,Failed,df1d41fb-f17
301,Withdrawal,-149.71,GBP,2024-01-30,Completed,28760be4-16d
998,Payment,-27.0,GBP,2025-01-24,Completed,3d9448b3-54e
764,Deposit,848.32,INR,2023-05-26,Failed,2873190b-b38
798,Deposit,3164.51,USD,2024-06-21,Pending,7e70643a-679
638,Transfer,4663.71,GBP,2023-05-22,Pending,53b34b0d-90a
278,Withdrawal,-3585.28,USD,2024-12-02,Completed,039eebc0-96b
578,Withdrawal,-3476.76,INR,2024-03-26,Failed,313ac6c8-82f
831,Withdrawal,-2314.19,EUR,2023-11-18,Completed,2f6f9dbd-d81
559,Deposit,4556.08,EUR,2023-10-31,Pending,0774a270-f10
376,Withdrawal,-901.36,USD,2023-06-10,Completed,0a377d23-a4d
654,Withdrawal,-744.79,EUR,2024-01-31,Failed,e568450a-572
800,Payment,-1862.92,USD,2024-10-27,Failed,29f37f43-bcb
433,Withdrawal,-1541.28,USD,2024-08-22,Pending,08309194-53f
1,Payment,-4746.91,INR,2024-06-08,Pending,443e92b5-121
480,Payment,-3633.1,USD,2024-01-16,Pending,7efbdeb2-e15
498,Deposit,243.15,EUR,2024-11-21,Completed,b75768bb-bb8
277,Withdrawal,-2951.26,EUR,2024-11-23,Failed,e40bd467-ff5
622,Withdrawal,-253.65,GBP,2024-10-10,Completed,2de618b2-261
427,Deposit,608.29,USD,2024-08-11,Completed,e5dade71-8b7
912,Transfer,3369.07,INR,2023-10-19,Failed,c8161349-292
796,Payment,-4911.03,USD,2024-10-18,Pending,baaf417e-b21
559,Transfer,2241.77,USD,2023-04-03,Pending,69e72cdd-97e
327,Transfer,1438.2,INR,2024-10-11,Failed,cca31a02-f34
542,Payment,-3609.66,USD,2024-10-30,Failed,044cdeb7-c4e
800,Withdrawal,-2281.44,EUR,2024-03-13,Pending,58bdad58-827
641,Transfer,3737.1,USD,2023-08-27,Completed,0fee5645-bf3
346,Transfer,847.14,USD,2024-10-31,Failed,ecff6047-540
229,Transfer,1079.9,EUR,2024-09-30,Failed,b9f0cd87-148
874,Withdrawal,-4207.27,GBP,2023-06-05,Pending,dc0f9fc7-bfc
229,Payment,-4935.52,EUR,2024-06-18,Failed,fcafd076-49c
477,Deposit,4839.28,USD,2023-03-03,Completed,8a43a7da-969
456,Payment,-180.25,GBP,2024-04-23,Pending,ded6e843-c4a
357,Transfer,1523.52,EUR,2023-08-15,Pending,16ca482b-541
351,Deposit,2080.63,GBP,2023-07-22,Completed,f6636601-cdd
243,Deposit,128.26,INR,2023-05-16,Pending,3d792e66-498
708,Payment,-4237.69,GBP,2024-08-09,Failed,c6492240-d03
627,Withdrawal,-2730.98,INR,2023-07-08,Completed,fe8c5533-eca
864,Withdrawal,-4118.84,USD,2023-05-11,Completed,5e2c1a33-7b4
605,Withdrawal,-4432.56,GBP,2024-05-22,Completed,309dbdc0-479
478,Payment,-430.84,GBP,2023-12-11,Failed,87e030a7-48f
312,Withdrawal,-3214.89,GBP,2023-04-28,Failed,877328e6-ec7
264,Transfer,673.57,USD,2023-11-20,Pending,30c4fda9-8d1
618,Payment,-3613.99,EUR,2024-05-19,Pending,0be8773d-882
968,Payment,-4447.9,INR,2025-01-14,Pending,62e1b64d-4cc
442,Deposit,3653.47,EUR,2023-07-16,Pending,16587f24-969
595,Deposit,1953.42,INR,2024-06-22,Completed,f7065e09-463
937,Payment,-2105.45,GBP,2023-06-23,Completed,11cd562b-d8f
789,Withdrawal,-219.95,GBP,2024-08-29,Completed,08cfcfca-221
949,Transfer,741.68,GBP,2023-05-29,Pending,190a8ed8-e69
239,Deposit,4457.41,EUR,2024-02-12,Pending,235afd07-6bd
643,Withdrawal,-1723.76,GBP,2024-05-12,Failed,21f77d9e-b2c
754,Deposit,1526.4,INR,2024-03-01,Pending,d8a0ba5e-b1d
245,Transfer,506.35,EUR,2024-01-22,Failed,ef927d07-5b8
844,Transfer,2704.69,INR,2023-03-25,Failed,bbb9b4fb-348
253,Deposit,4181.85,GBP,2023-03-03,Completed,b6677812-9cf
387,Payment,-4465.4,INR,2024-09-04,Pending,2abdef6a-f8f
259,Deposit,1603.46,EUR,2023-10-16,Completed,34cf6207-622
730,Withdrawal,-4976.07,USD,2024-03-13,Completed,49b9b70b-8a6
909,Transfer,464.23,EUR,2023-08-05,Pending,2ba5b434-8e2
259,Deposit,3633.2,EUR,2024-01-05,Completed,e933eb14-01a
558,Deposit,3701.85,INR,2024-07-23,Failed,2d379cf3-fd2
608,Withdrawal,-2562.72,GBP,2023-06-14,Failed,16b54c18-5d6
838,Transfer,2663.36,INR,2024-07-05,Failed,b02e1dae-7d3
315,Deposit,738.19,INR,2023-12-30,Completed,b5983d00-e29
789,Transfer,3779.06,GBP,2023-03-18,Completed,3f7f348d-496
902,Withdrawal,-1978.43,GBP,2023-03-28,Completed,2bf5e00c-93d
819,Payment,-3558.08,GBP,2023-08-09,Pending,0edce5b7-bfa
543,Transfer,467.08,GBP,2023-04-09,Pending,8f546979-64f
618,Withdrawal,-4199.66,USD,2024-05-04,Completed,698ce524-3c6
276,Transfer,3248.68,USD,2023-09-02,Pending,ec49f1c9-342
938,Payment,-3554.69,EUR,2023-03-28,Pending,a153ad0c-7a8
435,Deposit,1235.96,USD,2023-09-08,Failed,021b5bf8-bbd
554,Deposit,4529.76,EUR,2024-04-06,Failed,290d73ce-0e4
908,Payment,-1751.89,USD,2025-01-29,Pending,c55a157d-d7c
654,Deposit,4446.51,INR,2024-11-02,Pending,8dbdeb2e-1e5
975,Deposit,4264.98,GBP,2024-06-21,Pending,3e24e39a-569
615,Withdrawal,-2442.38,GBP,2023-10-10,Completed,a5da772b-2f9
312,Deposit,474.82,INR,2023-06-19,Pending,898dd369-ed3
980,Transfer,3329.08,INR,2023-03-27,Completed,cc37f3a0-f3e
654,Withdrawal,-1327.1,EUR,2024-05-04,Pending,d5e58bcf-1a4
430,Transfer,4744.71,INR,2023-07-22,Completed,0b809a57-aac
514,Deposit,2673.0,USD,2024-11-26,Failed,456ee3e7-f16
268,Transfer,1664.22,EUR,2023-08-29,Completed,f03a1334-2da
997,Transfer,4669.8,GBP,2023-05-11,Failed,c2971f33-295
650,Payment,-3906.37,EUR,2024-08-27,Failed,8227eba1-86b
299,Withdrawal,-2663.24,EUR,2024-07-13,Failed,44048136-204
225,Transfer,2240.23,GBP,2024-10-13,Pending,381df76c-5c5
460,Transfer,3170.52,INR,2023-06-29,Completed,b392f3fe-998
453,Withdrawal,-2234.25,GBP,2023-07-11,Failed,c8578c1d-bfa
476,Withdrawal,-1433.14,GBP,2023-09-15,Pending,80b3fc98-086
955,Withdrawal,-3049.89,EUR,2023-04-18,Completed,419173aa-7d2
741,Transfer,1961.98,USD,2024-10-20,Completed,01048a0d-20a
267,Payment,-939.52,EUR,2023-03-27,Failed,7ed6b48e-d35
315,Payment,-4383.12,GBP,2024-12-05,Completed,2281bcc3-fb9
622,Deposit,133.99,GBP,2023-09-25,Completed,5d6f1362-0ee
575,Payment,-2947.43,EUR,2023-07-16,Failed,21653870-ce5
394,Payment,-321.18,EUR,2024-02-05,Completed,38ed1fb0-eae
641,Payment,-1404.18,USD,2023-05-23,Completed,e9fd5a4b-0ad
502,Withdrawal,-1992.94,GBP,2023-06-22,Pending,b09496b2-e8d
480,Transfer,3364.31,USD,2023-08-30,Pending,6f7ffd48-ba3
905,Deposit,2285.59,GBP,2024-05-20,Pending,05003dc2-585
917,Withdrawal,-4501.61,INR,2024-02-12,Pending,369b2399-975
346,Transfer,3542.33,USD,2023-11-04,Failed,16458440-742
787,Withdrawal,-939.01,USD,2024-04-28,Completed,f1a6f803-541
427,Transfer,203.82,USD,2024-09-11,Pending,6b6357fd-d50
651,Withdrawal,-2177.24,INR,2024-04-29,Pending,88f01f75-a09
405,Payment,-1673.44,INR,2024-12-04,Completed,4dea335c-2b7
235,Transfer,3277.1,INR,2024-11-17,Completed,36cda24f-d21
968,Payment,-1769.28,GBP,2024-02-24,Pending,16cf594e-803
275,Transfer,1715.86,USD,2023-07-20,Pending,96a236cd-b91
623,Transfer,4214.34,INR,2023-08-03,Completed,c9ff5d53-0e1
866,Withdrawal,-4551.47,INR,2024-06-01,Pending,43014ec1-4dd
652,Withdrawal,-3844.91,INR,2023-10-27,Pending,ed33eafb-df0
711,Deposit,2187.61,USD,2025-02-16,Failed,e56ad7e6-649
511,Transfer,1886.41,INR,2024-01-30,Pending,b40e1146-36a
447,Payment,-110.46,USD,2024-03-15,Pending,229fbd7e-e11
618,Withdrawal,-1513.83,GBP,2024-07-12,Pending,06a46a6c-2ef
925,Transfer,4129.75,GBP,2023-07-29,Failed,d1d5d476-527
742,Payment,-3882.65,INR,2024-02-07,Failed,ae846ba4-daf
800,Payment,-3067.09,USD,2024-04-07,Failed,b0c072b3-8a1
353,Transfer,2942.85,EUR,2024-06-08,Completed,50d24f46-9a6
321,Payment,-3709.02,GBP,2025-02-01,Completed,e550e7a4-e39
730,Deposit,3319.84,USD,2023-06-21,Completed,541e81ba-a44
636,Transfer,269.05,EUR,2024-06-05,Pending,68ef5bac-358
433,Transfer,1705.68,USD,2024-01-06,Failed,df43edde-ba2
670,Deposit,4176.71,USD,2023-09-25,Pending,325d8fa3-d56
640,Payment,-2320.31,GBP,2024-11-10,Pending,5c922aac-ee4
692,Transfer,3834.4,USD,2023-04-09,Pending,938f08cb-fba
667,Payment,-4816.48,USD,2023-10-20,Failed,2a35ca50-acd
319,Payment,-4340.53,EUR,2024-12-29,Pending,3f85e285-f43
895,Payment,-1029.44,GBP,2024-01-30,Failed,b105ccb9-ff2
307,Withdrawal,-783.12,USD,2024-03-09,Failed,2dc22ba6-b3c
857,Deposit,3478.36,GBP,2024-11-29,Pending,5da138e8-fe8
987,Transfer,3859.09,GBP,2024-02-21,Pending,69db759a-cee
542,Deposit,627.26,USD,2024-05-03,Failed,fc97abff-c57
613,Payment,-308.08,EUR,2023-12-16,Pending,9906d0f9-164
743,Withdrawal,-2908.55,USD,2023-05-07,Completed,6b88a14e-f99
474,Deposit,3888.01,INR,2024-04-19,Pending,fc72a767-768
881,Withdrawal,-3188.25,GBP,2024-03-08,Completed,08d92e53-f45
472,Transfer,1809.07,GBP,2023-07-22,Completed,7f345c63-3af
347,Deposit,2709.48,USD,2023-06-17,Failed,fbff75e2-e88
831,Payment,-2200.62,INR,2024-12-07,Failed,47765fc5-0f1
497,Withdrawal,-1304.44,EUR,2025-01-27,Failed,8b2fd3a3-eae
754,Payment,-2861.75,USD,2023-12-08,Completed,bbca8ae0-691
503,Deposit,516.18,EUR,2025-02-12,Failed,53260fe6-a70
909,Withdrawal,-260.05,INR,2023-09-16,Completed,0f27206d-398
545,Withdrawal,-1131.25,USD,2024-09-03,Failed,cb17c8bb-494
233,Payment,-13.15,GBP,2023-11-05,Pending,2897c879-181
581,Withdrawal,-1756.81,INR,2023-09-09,Failed,f2e45454-393
479,Withdrawal,-1887.44,INR,2023-09-07,Failed,0d7c2925-c94
318,Transfer,136.83,EUR,2024-06-14,Completed,5df03e39-29b
801,Payment,-2980.45,EUR,2023-04-03,Failed,bc754a61-8a2
414,Withdrawal,-1985.86,INR,2025-01-14,Pending,53f08292-876
677,Withdrawal,-3350.72,USD,2025-01-17,Completed,970c318c-c94
616,Payment,-565.48,INR,2025-01-02,Pending,d7ea2564-a39
825,Withdrawal,-844.13,INR,2024-12-27,Failed,a5fe1ef4-8fb
900,Transfer,4531.75,USD,2023-06-11,Completed,e37fac77-6b6
682,Deposit,4681.43,GBP,2025-01-18,Pending,da498f29-a01
314,Deposit,981.14,INR,2023-03-03,Completed,97001185-cb5
435,Transfer,3088.05,EUR,2023-07-10,Completed,7f5aa835-4c8
623,Transfer,4490.83,EUR,2023-05-12,Completed,69cd6b0b-ea6
244,Transfer,4191.71,USD,2024-06-13,Failed,7a550805-a9e
843,Transfer,3889.43,INR,2023-05-21,Pending,0a8f821f-3cf
992,Transfer,1552.29,GBP,2023-12-21,Completed,d52fcc4f-446
575,Payment,-2805.11,USD,2023-09-07,Completed,443a43b6-5cc
415,Withdrawal,-899.71,USD,2023-04-10,Pending,f8c2c2d4-e92
392,Deposit,4285.7,USD,2024-09-21,Pending,f50d6342-5b9
569,Transfer,181.73,INR,2023-12-27,Completed,65651d14-a32
441,Transfer,2406.88,GBP,2024-05-06,Failed,4d32a74c-a78
505,Withdrawal,-2461.35,USD,2024-09-14,Failed,0184b139-018
736,Transfer,2607.19,EUR,2024-08-01,Completed,5277b046-381
734,Payment,-3697.9,INR,2025-02-15,Completed,9fab2177-3eb
960,Deposit,4989.52,USD,2023-11-11,Pending,e7f67c4d-8cb
474,Transfer,3461.12,INR,2024-06-25,Failed,bae90cd3-593
955,Payment,-1294.46,GBP,2024-01-17,Completed,9d9dc541-5d6
515,Withdrawal,-4165.81,USD,2023-05-12,Pending,ed6c5526-fa2
425,Deposit,4837.59,USD,2024-08-30,Failed,8a666d0c-715
841,Transfer,1151.89,GBP,2024-07-09,Failed,6f94e8db-d8f
496,Payment,-2444.39,USD,2023-03-18,Completed,c8751cc9-526
932,Withdrawal,-2033.62,INR,2023-06-25,Pending,e0e71080-547
411,Withdrawal,-3408.78,EUR,2024-06-11,Failed,99b8a62c-d69
280,Transfer,4143.6,INR,2024-09-02,Pending,ed086e0e-fbd
882,Deposit,1966.7,GBP,2023-07-05,Completed,d850c45d-29c
720,Withdrawal,-1665.92,INR,2023-09-14,Completed,313db784-f9f
429,Transfer,4076.01,INR,2024-06-18,Failed,996dd9a5-078
572,Deposit,3305.41,USD,2025-01-26,Completed,66d81977-83b
995,Transfer,2084.45,INR,2024-12-24,Failed,26e76a9e-d0d
548,Transfer,4081.51,EUR,2024-09-29,Pending,8e18f4f5-536
613,Deposit,1830.54,GBP,2023-06-19,Completed,870e8170-1e8
524,Transfer,2959.31,INR,2023-03-16,Pending,80e68422-d0a
850,Transfer,1299.4,INR,2025-01-21,Completed,4528a7fe-1c3
574,Transfer,3778.36,INR,2023-07-23,Completed,d3878c0a-1b2
842,Withdrawal,-1010.65,INR,2023-08-16,Failed,69ef15d5-da2
569,Transfer,3870.6,EUR,2025-01-18,Completed,b48f1722-7b9
894,Transfer,3993.68,INR,2024-12-21,Completed,c0ef8492-257
264,Transfer,4917.58,INR,2024-09-08,Pending,6e040715-04a
563,Payment,-311.98,USD,2023-07-05,Completed,4f78c567-325
605,Transfer,4270.71,USD,2024-05-05,Pending,67850a9a-92b
338,Withdrawal,-2388.43,USD,2023-03-22,Completed,c213b78b-874
433,Payment,-1737.66,USD,2023-10-04,Failed,15cd6230-50a
272,Transfer,226.24,GBP,2023-09-01,Completed,e29f50e4-6cf
538,Deposit,1004.12,USD,2024-04-18,Pending,34a9740a-f04
874,Deposit,4771.96,GBP,2024-07-02,Failed,2ac97181-725
629,Withdrawal,-2633.87,USD,2023-04-30,Failed,da9c110f-04c
308,Withdrawal,-2696.83,USD,2024-07-10,Completed,0da51467-e26
899,Transfer,3680.09,USD,2025-01-29,Failed,cf022f4f-9a9
982,Transfer,3472.95,GBP,2023-12-06,Completed,2cf0efc5-216
465,Transfer,1863.03,INR,2025-01-14,Completed,58cac272-c79
574,Transfer,303.74,INR,2024-10-03,Failed,be89b927-926
440,Payment,-3202.9,GBP,2024-06-30,Pending,60540833-c24
751,Payment,-1945.17,EUR,2024-03-24,Failed,7eb407d6-111
522,Withdrawal,-3618.14,GBP,2024-07-17,Pending,a8962707-dd6
997,Deposit,593.63,EUR,2024-03-15,Failed,b9427b2f-4e7
656,Transfer,1179.49,EUR,2023-06-20,Completed,03628dc3-33f
665,Transfer,1569.16,GBP,2023-06-28,Pending,8d60c75a-974
540,Deposit,3442.3,INR,2023-12-20,Completed,47a27056-a67
711,Deposit,1960.14,INR,2024-02-08,Failed,82b89183-e51
709,Withdrawal,-1054.95,GBP,2023-09-19,Failed,439d082c-187
476,Payment,-165.88,GBP,2024-02-23,Failed,2a85fb1a-f65
297,Withdrawal,-1589.86,GBP,2023-07-15,Completed,c84faf33-b0d
941,Withdrawal,-370.67,EUR,2023-04-10,Failed,ac08bc67-893
461,Deposit,2965.65,GBP,2024-04-22,Failed,7d52a87d-517
262,Payment,-472.34,EUR,2024-04-13,Pending,77871ac7-baa
396,Withdrawal,-2613.59,GBP,2023-07-24,Completed,825cf9ea-673
260,Transfer,3794.8,INR,2024-02-06,Pending,6a2c9000-37c
974,Deposit,1749.72,USD,2024-06-06,Failed,480ba688-659
461,Withdrawal,-3021.63,USD,2024-10-05,Completed,594f831e-e24
392,Payment,-4699.93,GBP,2023-08-12,Completed,c2088268-300
515,Payment,-4331.7,GBP,2023-11-19,Completed,ade9ac98-f84
292,Payment,-437.63,GBP,2024-04-06,Pending,9ff88da3-f6b
808,Deposit,3121.39,INR,2024-11-29,Failed,36b2ae27-bd3
884,Withdrawal,-4875.06,GBP,2025-02-07,Completed,276088cf-3ea
856,Deposit,4172.22,USD,2024-06-06,Completed,1dae47ac-4bc
957,Deposit,316.55,INR,2023-04-03,Failed,5f9af926-2fb
534,Withdrawal,-4559.81,USD,2023-07-23,Pending,0e9bbeee-551
449,Transfer,1204.26,GBP,2023-09-20,Failed,254b2849-386
823,Payment,-4464.22,GBP,2024-12-20,Pending,10618872-3bf
920,Withdrawal,-3674.72,INR,2023-04-10,Pending,925767a7-420
717,Withdrawal,-2083.54,INR,2023-12-21,Pending,33ee2dc6-665
491,Transfer,3997.94,INR,2024-11-19,Completed,6229acc4-206
813,Deposit,1804.99,INR,2023-03-14,Completed,5c6f7b1d-503
326,Transfer,415.04,USD,2023-06-06,Failed,fe158589-654
936,Deposit,1994.93,GBP,2024-07-14,Completed,00a46e70-d85
397,Withdrawal,-4834.76,EUR,2023-04-19,Failed,ed429797-407
509,Payment,-1404.31,EUR,2023-07-17,Pending,d3f2919d-cad
971,Payment,-939.11,INR,2023-04-02,Failed,f942e403-88d
548,Payment,-2528.82,INR,2024-03-18,Pending,749c100e-0c2
484,Transfer,4787.87,GBP,2023-09-25,Completed,10bffa63-119
251,Withdrawal,-1593.12,GBP,2023-12-28,Completed,64a75e5a-093
861,Transfer,1040.44,GBP,2024-10-06,Completed,9457cf13-6c4
420,Withdrawal,-3131.57,INR,2023-05-13,Completed,b1b403ad-c14
588,Payment,-2809.25,INR,2024-10-10,Failed,66dbb442-b22
781,Payment,-691.16,GBP,2023-11-06,Failed,04113164-cc8
301,Deposit,2287.56,EUR,2023-03-17,Completed,047f012c-d0d
846,Withdrawal,-2934.08,USD,2024-01-07,Pending,4b46833d-d2b
707,Payment,-4375.3,EUR,2023-08-23,Failed,dcc030db-b77
705,Withdrawal,-4815.16,EUR,2023-11-02,Completed,6492c652-47e
748,Withdrawal,-4013.9,GBP,2024-10-26,Failed,63aecbad-0e8
383,Withdrawal,-3968.31,EUR,2023-11-12,Pending,aab6e334-d3b
852,Withdrawal,-2816.1,USD,2024-03-07,Pending,77fb6e71-77a
881,Deposit,1590.06,GBP,2023-05-22,Completed,f58b985e-3d9
938,Transfer,2578.61,USD,2023-04-30,Completed,c673aadf-41c
767,Deposit,4467.18,USD,2023-09-23,Pending,e5a1ad60-188
595,Transfer,2447.97,USD,2024-02-07,Failed,d62cc2b8-9d8
422,Withdrawal,-1110.05,GBP,2023-05-17,Pending,6b341294-5ec
657,Payment,-831.62,GBP,2023-05-15,Failed,789a2818-961
698,Deposit,4555.67,EUR,2024-01-17,Failed,39426cc8-ef9
678,Withdrawal,-4617.68,INR,2025-02-11,Failed,c4525a57-7a0
491,Withdrawal,-3430.15,USD,2024-03-03,Completed,eba87799-648
870,Deposit,3383.88,GBP,2025-01-24,Pending,e5c53b1d-6f0
989,Withdrawal,-536.4,USD,2023-10-07,Completed,6c0930f6-5de
505,Deposit,1006.55,USD,2023-10-17,Pending,664dec73-5fe
581,Payment,-3948.05,INR,2024-03-07,Pending,9883d5b2-24d
458,Deposit,3062.16,USD,2023-11-14,Completed,047d67b2-1df
760,Payment,-3704.98,USD,2024-01-13,Failed,845f8fb8-af0
906,Payment,-2595.99,GBP,2024-09-04,Pending,7c6992a7-01a
393,Transfer,4740.38,EUR,2023-12-06,Failed,4c33f312-621
308,Deposit,4565.46,EUR,2024-06-04,Failed,f5d9143b-ec8
830,Payment,-624.41,GBP,2024-05-08,Completed,c6b0957d-94c
430,Transfer,2619.03,GBP,2023-06-14,Pending,709388c8-c64
930,Payment,-2935.24,EUR,2024-07-03,Failed,22027c20-91f
516,Withdrawal,-4707.2,INR,2024-11-21,Pending,7a7a1347-1e3
933,Deposit,1162.73,EUR,2024-08-10,Completed,19f8ddfd-ab2
781,Deposit,333.46,GBP,2024-02-07,Completed,2281707e-34a
384,Deposit,1854.79,EUR,2023-11-19,Completed,db7458d3-741
253,Payment,-513.41,GBP,2024-07-04,Completed,023ce716-4ce
850,Withdrawal,-1208.97,USD,2023-06-17,Pending,fd59aed6-036
713,Deposit,2569.14,GBP,2023-09-25,Pending,988e025f-543
416,Transfer,1713.27,EUR,2023-07-12,Pending,9bae0a95-738
358,Payment,-4308.85,GBP,2023-07-05,Completed,d1c38d2d-6e7
346,Deposit,3590.37,GBP,2023-07-02,Pending,7760a793-a21
756,Deposit,3537.2,INR,2023-09-03,Failed,6e8e6432-a66
742,Transfer,476.25,GBP,2023-12-21,Completed,c99a23ee-ea3
452,Transfer,400.7,GBP,2023-06-06,Failed,10f53745-bad
294,Withdrawal,-3720.81,GBP,2023-11-10,Pending,fdbbb797-fc8
748,Transfer,3705.03,EUR,2024-03-21,Failed,63e3a234-958
388,Transfer,447.63,EUR,2024-06-13,Completed,8bdce829-11a
890,Payment,-3098.88,EUR,2023-10-09,Completed,d8af5a42-f7d
999,Withdrawal,-2361.38,USD,2023-04-01,Failed,3caa716d-53d
504,Withdrawal,-2269.36,INR,2024-02-21,Failed,ae3556ac-70e
712,Payment,-1804.68,INR,2024-11-16,Failed,ff1ebd90-8a8
502,Withdrawal,-2433.59,INR,2024-03-07,Failed,af8a68d5-81c
938,Withdrawal,-44.25,EUR,2023-12-20,Pending,3ccddf03-b6e
882,Withdrawal,-3435.66,GBP,2025-01-12,Pending,e742c9be-f0d
622,Payment,-3751.88,EUR,2024-07-05,Pending,4e256f6e-862
910,Deposit,4626.35,USD,2023-11-02,Pending,a72152c0-054
796,Payment,-808.35,EUR,2023-05-07,Failed,6da3fdff-fee
995,Transfer,2988.9,INR,2025-01-11,Failed,fcce3b92-5c0
854,Deposit,2464.71,GBP,2023-09-16,Pending,d5892e48-411
972,Withdrawal,-4901.33,USD,2023-09-26,Pending,1d3e3d09-90b
646,Deposit,4242.21,GBP,2023-02-24,Pending,88c62697-593
387,Transfer,2594.03,EUR,2024-09-08,Completed,279e5fa3-f6e
586,Payment,-2232.71,INR,2024-02-06,Failed,d199ae64-1d8
791,Transfer,3694.05,USD,2024-03-24,Failed,e7c72686-681
794,Withdrawal,-37.46,EUR,2023-06-16,Failed,c3a4c829-ace
349,Withdrawal,-3132.63,EUR,2024-05-06,Failed,4208102b-8ee
854,Payment,-1150.38,INR,2023-05-20,Pending,93b85dc0-cc7
336,Deposit,2340.36,USD,2024-12-24,Failed,c7ccc88f-65b
414,Transfer,1247.14,INR,2024-06-20,Pending,b2c0bc1f-263
900,Transfer,1498.44,INR,2024-12-28,Completed,57787656-02d
298,Payment,-2440.18,USD,2023-10-20,Completed,fd8fa323-e83
628,Transfer,1981.99,GBP,2024-06-15,Pending,59ad1240-a8f
568,Transfer,3916.48,EUR,2024-08-14,Pending,b38b877d-536
997,Deposit,3670.99,EUR,2023-12-25,Pending,c6532d3f-320
944,Payment,-1759.19,GBP,2023-06-09,Completed,6dc99ef3-f65
419,Payment,-1944.72,EUR,2023-12-24,Failed,515b6a16-4ef
622,Payment,-3366.52,GBP,2025-01-31,Completed,48dda845-dc1
503,Payment,-4168.92,USD,2023-02-21,Failed,2851f280-968
655,Withdrawal,-1809.87,GBP,2023-08-17,Pending,79de698e-3da
934,Payment,-4885.93,USD,2024-12-29,Failed,9bc3a7ee-6a4
945,Transfer,2786.71,USD,2023-03-14,Pending,d9041b55-9ba
346,Payment,-4870.38,INR,2024-09-15,Failed,ebfc52e3-951
800,Deposit,980.01,GBP,2023-12-11,Completed,b81b0485-9b4
941,Deposit,2766.68,GBP,2024-07-07,Completed,38ead8d9-f1e
995,Withdrawal,-2336.53,USD,2024-08-31,Failed,da90b47f-5c2
999,Transfer,430.26,INR,2023-03-12,Failed,00633367-29a
312,Payment,-351.08,GBP,2023-07-17,Completed,83ba78de-d23
228,Payment,-1299.96,GBP,2024-08-12,Pending,713646e8-a93
462,Transfer,2945.16,EUR,2023-12-11,Pending,b57b4e8a-550
470,Withdrawal,-1159.54,EUR,2024-02-15,Failed,8b3fd21f-9e6
974,Deposit,3614.82,EUR,2023-08-17,Failed,0d87d51a-95c
222,Payment,-45.09,GBP,2023-08-09,Completed,27f0cb40-6a4
519,Deposit,26.39,USD,2023-07-10,Failed,1ccfdff5-8b0
736,Payment,-268.14,GBP,2023-09-27,Failed,e1717fee-604
748,Deposit,1332.35,INR,2023-03-23,Failed,7bf3713d-7ac
930,Deposit,299.35,USD,2024-07-12,Pending,d1c8972f-6f1
295,Withdrawal,-2288.78,GBP,2024-04-02,Completed,fb7f4a79-784
758,Deposit,2806.18,GBP,2024-05-23,Completed,ed49b0ee-e38
251,Withdrawal,-1044.56,USD,2024-10-05,Pending,b103bfda-4af
903,Deposit,4906.58,USD,2024-03-18,Completed,a13f72de-6b2
378,Payment,-3836.41,INR,2024-04-16,Completed,c3409969-911
606,Deposit,50.29,EUR,2023-10-09,Completed,af5a7343-155
358,Transfer,1644.33,INR,2024-05-19,Pending,1acb6e46-64e
472,Deposit,2869.02,EUR,2024-04-02,Completed,abb2ff84-4ac
900,Withdrawal,-3047.41,USD,2024-06-04,Completed,22bdce9b-665
506,Deposit,1474.99,EUR,2023-06-29,Completed,de1df06b-ba9
757,Transfer,2728.66,EUR,2023-12-18,Failed,71537912-3fe
919,Withdrawal,-2496.93,INR,2023-11-15,Completed,4a5fff0c-bc3
527,Transfer,3031.78,USD,2023-07-17,Failed,05bafb54-79d
877,Transfer,983.59,INR,2023-02-26,Completed,0d085b22-df2
447,Transfer,2404.04,EUR,2023-07-02,Failed,7f59311f-d39
501,Payment,-3770.73,EUR,2024-03-30,Pending,e48afcab-249
400,Payment,-3632.77,GBP,2025-01-09,Completed,8d8bb151-035
276,Withdrawal,-1979.59,USD,2024-04-29,Failed,1397e876-168
274,Payment,-612.61,EUR,2024-07-24,Failed,29f45437-61e
648,Payment,-2448.22,GBP,2023-06-20,Failed,8b05bba2-dd3
298,Payment,-4752.05,GBP,2024-04-23,Pending,b0b655a4-229
703,Payment,-487.5,EUR,2024-08-22,Failed,3ff46399-882
870,Deposit,4786.46,USD,2024-09-02,Completed,34b126d6-fb0
918,Deposit,3663.83,USD,2024-11-07,Pending,3b037bf6-d9a
275,Withdrawal,-4766.9,USD,2023-03-05,Completed,61cbc778-c62
799,Transfer,2379.18,EUR,2024-01-17,Pending,9ba41dee-c8f
264,Transfer,2345.25,GBP,2024-09-08,Completed,b0417c5e-836
903,Transfer,4745.87,GBP,2023-02-25,Completed,3f7d18c0-724
857,Payment,-1539.03,GBP,2025-01-01,Completed,0075cb89-a8b
261,Transfer,727.71,EUR,2023-10-06,Completed,20b2b348-7ae
709,Payment,-1170.66,GBP,2024-06-24,Failed,1610e768-382
799,Withdrawal,-311.21,INR,2023-04-30,Failed,abbd6948-6b4
577,Payment,-236.58,INR,2025-02-14,Failed,fabcf694-079
475,Transfer,4594.55,GBP,2024-01-10,Pending,d2bf4c8b-9fd
250,Transfer,3907.18,USD,2025-02-03,Pending,b650ec85-c24
472,Payment,-2160.89,USD,2023-08-30,Completed,715a3664-b0e
690,Transfer,120.39,USD,2023-04-11,Completed,0338efc2-eff
618,Withdrawal,-4956.42,GBP,2024-01-04,Completed,ca9fd3e1-535
422,Transfer,1947.37,USD,2024-06-19,Completed,2cd9ac65-49e
390,Transfer,2491.11,EUR,2025-01-16,Failed,454a85be-15f
498,Payment,-1921.88,EUR,2024-01-15,Failed,0edd4d7d-1f2
619,Withdrawal,-778.23,EUR,2024-10-04,Failed,c4b03f79-5a4
526,Transfer,2314.91,USD,2024-08-27,Pending,797a3043-529
856,Deposit,3725.35,GBP,2024-06-24,Pending,0c6c732b-b1a
472,Transfer,1539.34,GBP,2023-12-03,Completed,55194934-c73
613,Withdrawal,-3078.12,USD,2023-10-24,Failed,6203c86d-b1f
937,Deposit,4678.8,USD,2023-03-12,Pending,4a5cef33-28d
445,Payment,-795.28,INR,2024-08-05,Failed,e8b9dbd3-ef4
558,Payment,-993.43,GBP,2024-01-14,Failed,0e889ac0-b5a
586,Payment,-1193.29,EUR,2024-07-11,Failed,552eb7d5-dbe
439,Withdrawal,-3096.08,GBP,2024-03-10,Completed,9e1920af-d6a
955,Payment,-3537.68,EUR,2023-03-08,Pending,6d818239-1f5
994,Transfer,4488.58,INR,2024-01-23,Failed,38e8bbb9-87c
912,Payment,-4057.93,EUR,2025-01-30,Completed,d43a54ae-9f9
742,Transfer,779.55,GBP,2023-12-29,Pending,636ebed0-a02
606,Withdrawal,-1663.36,USD,2023-04-16,Failed,65fd4a46-970
796,Deposit,3093.6,USD,2024-08-08,Pending,dd3a864f-3eb
390,Deposit,2651.62,GBP,2024-08-17,Pending,b467270c-b1b
506,Transfer,4097.8,USD,2024-06-24,Pending,6cb2d239-f43
776,Deposit,1247.97,USD,2024-11-29,Pending,afae2268-45b
879,Deposit,262.79,INR,2024-02-04,Completed,b4854a49-2b6
245,Transfer,2677.98,EUR,2023-03-23,Completed,01cec218-53e
388,Payment,-1602.58,USD,2023-08-03,Pending,e5f50374-89b
226,Deposit,589.71,USD,2024-01-26,Pending,d98324c3-0de
222,Transfer,3641.99,INR,2024-07-28,Failed,caf0e41c-849
789,Deposit,1716.25,USD,2024-08-24,Completed,20488825-457
612,Payment,-1255.67,USD,2023-10-16,Completed,f566b982-323
282,Payment,-1610.94,GBP,2024-03-05,Completed,ca2e69d1-b3f
566,Transfer,2957.21,GBP,2023-11-23,Failed,c632f1d8-e15
494,Transfer,4404.4,USD,2024-05-17,Completed,2bd99a6e-c06
857,Transfer,3118.59,GBP,2024-04-28,Pending,e6b4bb9b-21e
851,Transfer,1647.85,INR,2024-04-29,Completed,4d57c8af-3b0
756,Deposit,602.64,USD,2024-05-17,Completed,75cf5974-b89
442,Payment,-1514.98,USD,2025-02-03,Completed,1c3860f9-6fd
678,Withdrawal,-4475.3,EUR,2024-10-08,Pending,07d60024-9e7
460,Transfer,3430.61,EUR,2024-10-21,Failed,87bd11cd-1dd
433,Transfer,3229.48,EUR,2024-05-02,Failed,b3d9e968-9d5
622,Payment,-1912.15,GBP,2024-10-14,Failed,aa2dae55-8dc
608,Transfer,3996.84,USD,2024-05-10,Failed,0b9bc872-7b3
521,Deposit,4257.44,EUR,2023-02-22,Completed,574b9fe8-f6b
232,Withdrawal,-2010.6,USD,2024-05-27,Completed,bb7f5e71-273
973,Withdrawal,-4648.21,INR,2024-11-17,Failed,e1b3371f-c3d
729,Transfer,17.96,USD,2023-09-07,Pending,887afad5-763
955,Deposit,4598.41,USD,2023-04-20,Completed,aa274580-67c
374,Deposit,1815.44,USD,2024-09-16,Completed,9552b6f3-96d
835,Withdrawal,-618.41,GBP,2023-10-05,Pending,d6a6e086-44a
950,Withdrawal,-3272.78,GBP,2023-12-10,Pending,b6228603-b3c
708,Deposit,3444.01,INR,2023-12-24,Completed,42a92bc6-9d1
819,Transfer,1805.89,INR,2024-01-17,Completed,4412d241-6e0
470,Payment,-2855.22,GBP,2024-11-23,Failed,ccc9aa7a-ba2
268,Transfer,2687.14,USD,2024-05-12,Failed,66ebcbf5-12f
236,Deposit,4234.44,EUR,2023-09-08,Completed,1d16f56e-ed5
861,Withdrawal,-557.09,INR,2024-04-05,Pending,541d757c-24f
397,Withdrawal,-1616.14,USD,2023-07-02,Completed,f142527d-66c
668,Payment,-2938.77,USD,2024-03-22,Failed,842ba80e-adb
245,Withdrawal,-3517.96,USD,2023-08-29,Completed,1345b6b1-81e
456,Payment,-4569.74,GBP,2024-09-07,Pending,57bad3c0-1bd
630,Deposit,4630.26,GBP,2023-07-30,Failed,be69f3df-338
767,Payment,-2586.63,USD,2023-03-16,Pending,ddfdca81-9e2
947,Transfer,3624.02,EUR,2024-07-07,Completed,1cb6d504-0af
508,Deposit,3027.33,EUR,2023-06-20,Failed,6941e026-b34
695,Payment,-3551.48,GBP,2023-07-26,Completed,714d2a10-e7e
551,Deposit,477.22,USD,2024-03-08,Completed,c749bc6a-63b
566,Payment,-4929.16,USD,2023-12-28,Completed,603c9725-d83
879,Transfer,1562.77,INR,2024-07-22,Failed,b0b0908c-5ff
459,Deposit,2712.3,INR,2023-07-02,Completed,d5bc55f6-fdb
630,Deposit,4290.29,INR,2024-02-05,Failed,e5d3de52-f9d
566,Payment,-2216.06,USD,2024-04-19,Pending,9b4432e1-14b
961,Transfer,3126.28,USD,2024-05-27,Pending,9d42c6e7-150
229,Transfer,2961.18,INR,2024-05-29,Failed,3d6019e7-677
997,Withdrawal,-2930.21,GBP,2023-09-06,Pending,ec32f83c-217
825,Deposit,936.2,EUR,2023-07-23,Completed,55fed1cc-77b
834,Payment,-4074.74,GBP,2023-12-28,Completed,fbe90c00-f4f
460,Transfer,2832.28,INR,2023-05-01,Pending,47849423-097
566,Payment,-4846.24,USD,2024-08-27,Pending,5c6b2e77-43f
551,Payment,-399.32,GBP,2024-05-01,Completed,625a4b69-a41
654,Withdrawal,-4137.92,EUR,2023-09-17,Completed,4f504448-bed
458,Withdrawal,-3774.61,EUR,2023-11-28,Failed,7696b5f1-322
313,Withdrawal,-1873.1,EUR,2023-12-11,Completed,894bc30b-20f
242,Payment,-148.37,GBP,2023-07-28,Failed,915da57a-283
306,Withdrawal,-1756.89,USD,2024-12-03,Pending,c588989c-90c
766,Payment,-4518.17,USD,2024-11-24,Completed,25956430-84b
794,Transfer,2384.16,EUR,2024-04-02,Failed,19bcddda-925
645,Payment,-3038.38,INR,2023-09-01,Pending,ba8f1aa3-a85
995,Transfer,2179.62,EUR,2023-09-17,Failed,1132248e-eac
675,Payment,-1606.8,INR,2023-05-03,Failed,88d87d9a-eb0
226,Payment,-317.5,USD,2024-07-04,Failed,6ab1fc0a-bdb
693,Withdrawal,-1656.56,GBP,2024-12-05,Pending,40df9b4f-17a
654,Deposit,4751.04,GBP,2024-12-10,Failed,6af2360e-5a6
321,Deposit,4428.45,EUR,2024-08-11,Completed,50760a56-89d
229,Transfer,2348.28,USD,2023-04-19,Pending,77abe6c0-ada
833,Payment,-1565.3,INR,2023-07-13,Completed,4d2be5ee-005
789,Payment,-3664.41,INR,2024-11-19,Completed,273150cd-61f
797,Withdrawal,-63.95,EUR,2024-06-29,Completed,8003be04-082
436,Deposit,2428.26,GBP,2023-07-01,Completed,938e2f8c-151
613,Deposit,3740.54,USD,2024-06-03,Failed,9ced1b29-b2a
552,Deposit,3652.99,EUR,2024-11-09,Completed,c3851703-e36
307,Deposit,495.07,EUR,2023-05-07,Failed,eae08ea0-166
569,Withdrawal,-1507.8,GBP,2024-03-29,Failed,999b5348-1d0
907,Transfer,348.9,USD,2024-04-24,Failed,cbf0e04c-88e
586,Deposit,2696.82,INR,2024-07-23,Failed,916d6d4d-2c1
572,Withdrawal,-1138.03,INR,2023-04-29,Failed,c250c5fd-5b3
248,Withdrawal,-4020.66,EUR,2024-12-04,Completed,3ecd6b85-052
795,Transfer,2861.46,GBP,2024-07-21,Failed,42e8c5a6-547
751,Deposit,550.34,GBP,2023-11-03,Pending,1a8d6b9a-a8f
606,Withdrawal,-1053.28,INR,2024-06-09,Completed,03054d5a-663
418,Payment,-4951.45,INR,2023-05-10,Failed,81bbbd87-519
704,Payment,-485.44,INR,2023-05-22,Completed,f11eddd6-ca2
521,Withdrawal,-4865.8,INR,2024-02-18,Pending,9ceb33ce-c21
790,Withdrawal,-4074.82,USD,2023-10-01,Completed,16761077-641
831,Deposit,4383.57,GBP,2023-07-06,Pending,95885876-1cd
239,Payment,-1659.35,INR,2024-07-26,Failed,ea7fbcb2-2ae
553,Deposit,1091.02,EUR,2023-06-30,Completed,e3cbd554-988
222,Deposit,3752.57,USD,2023-04-26,Completed,016d8373-1e6
247,Withdrawal,-3042.7,INR,2023-10-04,Completed,d21afaee-02f
222,Deposit,3998.84,INR,2025-01-01,Failed,14f76909-84b
249,Deposit,4272.24,GBP,2024-07-20,Failed,0255f653-478
415,Transfer,4782.21,GBP,2024-10-25,Completed,ecf98142-fca
622,Transfer,1108.15,USD,2023-07-07,Failed,5d3e4d8a-ed2
494,Withdrawal,-2592.1,USD,2023-04-10,Completed,f529b96e-00f
296,Payment,-458.97,GBP,2023-08-08,Completed,fe7e0ac0-629
240,Deposit,3068.1,USD,2024-02-01,Failed,fd203cbc-9ad
535,Transfer,4176.84,INR,2023-07-26,Failed,639fd485-17f
515,Withdrawal,-1306.0,EUR,2023-03-22,Failed,f3def5b5-958
308,Deposit,4267.4,GBP,2023-12-14,Completed,90d9f493-ef0
534,Payment,-2973.84,GBP,2024-12-22,Completed,93c5455b-864
586,Payment,-1083.76,USD,2023-09-02,Pending,9bbdd0f5-d7c
276,Withdrawal,-4579.65,INR,2023-09-01,Pending,1696fc3a-62b
881,Withdrawal,-4442.59,USD,2024-04-18,Pending,2121f202-394
910,Transfer,4848.3,EUR,2023-09-13,Completed,30a79c5c-91a
806,Withdrawal,-4443.78,EUR,2023-08-22,Pending,4d38ae40-595
848,Payment,-109.69,EUR,2024-11-16,Completed,a3f31af0-26c
465,Payment,-1846.9,GBP,2023-10-24,Failed,862e9f31-685
276,Withdrawal,-1078.48,GBP,2024-05-17,Completed,361cf63f-757
812,Deposit,2780.01,INR,2024-08-16,Completed,e8707b0b-4ee
286,Deposit,2020.09,USD,2023-09-01,Failed,cff7411c-f75
301,Deposit,589.68,USD,2024-11-21,Pending,25be2893-dd3
542,Payment,-2310.44,INR,2025-01-06,Completed,e6cbea6e-49d
454,Deposit,1710.58,GBP,2023-12-12,Completed,a8164d4c-e4a
393,Withdrawal,-2180.57,INR,2025-02-06,Completed,ee2705cd-58b
307,Deposit,2911.01,GBP,2024-06-05,Failed,a5a150c1-e05
440,Payment,-159.03,EUR,2025-01-15,Pending,d23a1f1f-1b7
813,Transfer,4193.08,GBP,2023-02-21,Completed,987023fb-be9
771,Payment,-1554.12,USD,2023-09-28,Completed,53751400-0ae
885,Transfer,4703.48,GBP,2023-12-15,Failed,eb2c7ff3-a63
379,Transfer,578.39,USD,2023-07-25,Completed,e140608e-cc2
554,Transfer,2733.88,USD,2024-08-12,Failed,b3878ca3-df3
430,Withdrawal,-2605.19,INR,2024-07-04,Completed,291bb471-c5b
823,Withdrawal,-2079.34,INR,2023-12-19,Failed,020e0295-21f
852,Deposit,4142.65,GBP,2025-02-14,Failed,bdd18e94-123
534,Payment,-2490.49,INR,2024-01-02,Completed,778f3560-b21
985,Payment,-4380.61,EUR,2024-11-27,Pending,5dbff69a-b94
432,Withdrawal,-4774.29,INR,2024-04-22,Completed,ef65df44-82d
379,Transfer,1498.72,EUR,2024-01-13,Completed,e5528d27-f0d
760,Withdrawal,-4598.72,GBP,2024-01-02,Failed,cb8504ac-75b
366,Withdrawal,-2702.61,USD,2024-12-19,Failed,b3fe28fd-4ee
338,Withdrawal,-3199.36,GBP,2024-01-16,Completed,db862968-bd2
690,Payment,-3025.98,EUR,2024-07-05,Pending,e0e26db2-850
694,Payment,-4557.65,GBP,2024-07-01,Completed,b042747d-6f5
614,Withdrawal,-3638.31,GBP,2024-08-04,Pending,13c15291-64d
451,Payment,-3174.39,GBP,2024-12-18,Completed,db9ef020-68e
975,Withdrawal,-2371.57,EUR,2024-04-17,Completed,5711763c-7f4
667,Payment,-4677.37,GBP,2023-06-03,Pending,5c6f471a-9ab
955,Transfer,4621.72,INR,2024-03-14,Completed,b9ec14f5-99a
244,Withdrawal,-1458.35,INR,2024-06-04,Pending,1447f8a9-4e6
879,Transfer,3044.73,USD,2023-12-17,Completed,dc564893-534
794,Withdrawal,-894.07,INR,2024-01-09,Completed,b3d2c892-5a4
581,Transfer,552.98,INR,2024-03-12,Completed,5da4d0ed-4d9
861,Deposit,2997.91,GBP,2024-06-26,Completed,43bd95ab-b43
369,Withdrawal,-737.43,USD,2023-08-23,Completed,e66485b0-fd9
296,Transfer,1050.14,USD,2023-03-13,Pending,4b626394-067
754,Deposit,2928.43,EUR,2023-03-03,Pending,f3c7f4de-a92
595,Transfer,1184.07,GBP,2024-07-31,Failed,0556b585-1c8
739,Transfer,216.48,EUR,2024-05-23,Failed,44e3a891-98f
938,Withdrawal,-3011.86,GBP,2024-02-25,Pending,aef41047-636
524,Deposit,505.96,GBP,2023-06-30,Completed,3fbb55b5-8b5
865,Withdrawal,-207.15,USD,2024-09-12,Failed,8badb35a-283
436,Payment,-3399.73,USD,2023-04-09,Completed,acde7c37-28b
886,Transfer,2426.49,EUR,2023-06-07,Failed,b3203a60-54b
543,Payment,-2438.02,USD,2023-07-01,Pending,287e304b-408
557,Withdrawal,-1441.88,USD,2023-05-10,Pending,49b1b9a7-6ea
931,Deposit,474.65,GBP,2024-06-29,Failed,d28fad10-310
272,Payment,-4317.87,USD,2024-05-15,Pending,38177793-4e0
770,Transfer,361.96,GBP,2024-08-26,Pending,51d14e16-56e
751,Withdrawal,-2277.88,INR,2024-01-30,Pending,f475fdfd-998
470,Transfer,2884.92,GBP,2024-06-07,Completed,f8ac1d7f-b19
849,Payment,-3462.04,GBP,2024-06-19,Completed,0698be67-a46
854,Payment,-2216.12,INR,2024-07-26,Pending,0d897d9e-4da
387,Transfer,455.39,USD,2023-10-03,Pending,29e21bcd-f63
321,Deposit,2712.22,USD,2023-05-17,Completed,735e868a-e6e
687,Transfer,293.67,USD,2025-01-30,Failed,edfa96ef-0fe
337,Payment,-2008.05,GBP,2023-02-27,Completed,600126a7-781
677,Deposit,4791.15,INR,2024-03-15,Failed,fa3f616b-774
799,Payment,-841.27,GBP,2023-10-20,Completed,62256325-aa4
425,Withdrawal,-4359.53,EUR,2023-11-18,Pending,f559aa23-3f5
338,Payment,-3989.24,GBP,2024-07-18,Pending,6bac004c-09f
667,Transfer,2771.55,INR,2024-02-10,Completed,f187fbf0-220
825,Transfer,2393.13,INR,2023-05-15,Completed,7316e223-ecb
271,Withdrawal,-488.74,USD,2023-11-12,Completed,9c671e26-c0f
585,Deposit,4717.24,EUR,2024-04-24,Completed,44b79c07-7c9
796,Withdrawal,-2012.39,GBP,2024-01-10,Failed,e03ca883-e63
397,Payment,-1070.36,INR,2024-04-19,Completed,018deaea-2cb
337,Withdrawal,-4004.55,EUR,2025-01-04,Pending,f6b81bb5-0ca
810,Payment,-2611.53,EUR,2023-12-18,Completed,e35bdfe8-2b1
655,Deposit,3025.66,EUR,2024-07-12,Failed,bb990760-e05
686,Transfer,3205.45,INR,2024-08-07,Failed,52c84313-a9c
910,Deposit,617.44,EUR,2024-04-12,Pending,ee1300af-4f7
359,Deposit,4327.57,USD,2023-03-05,Failed,c6f436d7-e11
995,Deposit,4257.01,USD,2024-09-03,Pending,4a07d00b-c28
224,Deposit,1767.39,EUR,2023-12-07,Pending,7ce9027d-e2e
816,Payment,-4290.44,GBP,2024-08-14,Completed,91cf3cd6-9b6
591,Payment,-2508.31,GBP,2024-10-11,Failed,ed4156e6-fd6
292,Payment,-1629.4,USD,2025-01-06,Pending,16fb62af-ef3
856,Payment,-3690.49,USD,2024-07-09,Completed,c9715017-762
440,Deposit,4703.21,USD,2023-06-24,Completed,fd10190e-a05
443,Transfer,2275.45,GBP,2023-12-02,Completed,069c24cd-b55
775,Withdrawal,-4106.36,EUR,2023-02-23,Completed,3525fa8c-05f
687,Payment,-4746.52,GBP,2024-12-15,Pending,2c9dcf8a-b93
341,Transfer,2035.6,GBP,2024-07-26,Pending,a3b318f2-f94
877,Transfer,3363.96,INR,2023-09-18,Failed,0842aad2-861
287,Transfer,985.34,EUR,2023-09-18,Failed,b01b4041-2a9
222,Withdrawal,-526.94,INR,2023-11-17,Pending,ceebcbb2-a56
666,Withdrawal,-4453.04,USD,2024-09-19,Completed,d1cb4eca-b2d
648,Deposit,634.91,USD,2024-05-16,Completed,609a9181-e7a
553,Transfer,3295.05,USD,2024-01-08,Failed,52b78461-84b
653,Transfer,4662.78,USD,2023-10-28,Failed,590cc0a5-584
831,Payment,-666.14,USD,2023-10-11,Failed,04a108cc-566
376,Transfer,1491.0,EUR,2023-04-04,Failed,1263111e-533
444,Transfer,3919.36,GBP,2024-06-29,Failed,6d9d0e9a-4ac
629,Withdrawal,-1471.96,EUR,2023-09-18,Completed,599faa13-ec7
515,Payment,-2211.02,USD,2023-11-01,Pending,71f327db-6c3
433,Transfer,805.28,USD,2024-01-19,Failed,ebbd501d-8cc
711,Transfer,4569.15,USD,2025-02-06,Failed,3686570c-315
856,Withdrawal,-3773.94,INR,2023-06-06,Failed,3eb46be6-d5c
711,Transfer,4366.92,USD,2023-05-16,Failed,e9e09bc3-313
264,Withdrawal,-2892.14,INR,2024-03-29,Completed,abbfea9a-f90
285,Transfer,374.24,USD,2023-05-04,Failed,828737c6-a39
879,Deposit,2390.02,EUR,2023-10-17,Completed,b3e3e3e0-20e
566,Withdrawal,-4956.99,EUR,2023-11-07,Pending,9f430bad-2c1
975,Transfer,359.4,USD,2024-06-18,Completed,8947772b-194
803,Payment,-4104.0,INR,2023-04-23,Pending,b35a8752-0da
543,Withdrawal,-1233.95,GBP,2024-08-07,Pending,0136ddbc-8ec
393,Payment,-1643.4,EUR,2024-08-11,Completed,9d8a5162-9a5
442,Deposit,3930.13,GBP,2023-10-14,Completed,0ed4a22c-360
739,Deposit,2737.82,EUR,2023-03-09,Pending,13f7c176-37b
567,Withdrawal,-3024.65,EUR,2023-06-17,Completed,6f8cb564-3b4
414,Transfer,3908.96,EUR,2024-07-10,Failed,cf0e3280-553
483,Transfer,122.7,GBP,2023-05-01,Failed,b1ec07ed-bd2
337,Withdrawal,-2732.25,EUR,2023-03-16,Completed,9bf431a3-217
594,Withdrawal,-4404.14,EUR,2023-08-04,Pending,4bbb6dfc-8e8
789,Withdrawal,-2842.72,EUR,2024-02-22,Failed,0f63a05c-7cf
780,Deposit,2065.47,USD,2024-01-16,Completed,c1b2a7d3-539
385,Transfer,1681.02,EUR,2024-07-17,Pending,1f414b36-db7
997,Withdrawal,-3860.55,EUR,2023-03-20,Completed,9942252a-665
833,Withdrawal,-4209.3,EUR,2023-11-11,Completed,fbdeb265-175
400,Withdrawal,-565.84,INR,2024-09-18,Pending,e46ac31e-1bd
972,Payment,-3385.92,USD,2023-03-29,Failed,bf341178-e71
322,Withdrawal,-625.33,INR,2025-01-08,Pending,4599647f-b4f
803,Deposit,4355.96,USD,2024-10-28,Completed,8aef8339-037
450,Deposit,969.5,INR,2025-01-07,Failed,0c49e18e-362
429,Transfer,2884.61,GBP,2024-08-12,Completed,8f19ef44-c9a
319,Transfer,4703.81,USD,2025-02-09,Pending,ab022b60-f8b
268,Deposit,72.16,GBP,2024-11-15,Failed,4a850960-7e1
465,Payment,-555.45,GBP,2023-11-10,Completed,03455373-b99
677,Deposit,157.83,GBP,2023-09-02,Completed,24793c7a-974
494,Transfer,600.82,USD,2024-10-28,Completed,84a8b193-dce
229,Deposit,659.91,USD,2023-02-25,Pending,f0468faf-ca6
467,Transfer,4068.79,EUR,2024-07-28,Pending,75c52146-ce9
849,Deposit,892.77,EUR,2023-02-22,Failed,f3fa6292-5e4
849,Withdrawal,-3158.26,EUR,2024-02-27,Failed,53188fff-707
318,Transfer,755.0,USD,2024-10-22,Pending,18926b2e-c15
971,Deposit,3060.14,USD,2023-12-09,Failed,558ca407-7a3
682,Payment,-2387.1,EUR,2023-07-09,Pending,0e2a2312-62e
476,Transfer,1919.86,GBP,2023-11-29,Pending,7c51ebe7-973
953,Payment,-3261.53,INR,2023-11-10,Completed,b5b71547-d1b
315,Payment,-3180.27,GBP,2024-03-11,Completed,7abde075-e0d
762,Payment,-2128.91,GBP,2024-04-16,Pending,39901a37-bbe
548,Payment,-3567.72,GBP,2023-04-25,Completed,9e06c56a-4bd
697,Withdrawal,-2996.96,INR,2025-01-15,Failed,e390165f-061
495,Withdrawal,-2934.93,EUR,2024-03-04,Completed,29fe722e-679
707,Payment,-2856.36,EUR,2024-01-20,Completed,8d146d85-b81
462,Withdrawal,-4107.45,GBP,2024-11-26,Failed,985e4010-c93
571,Payment,-667.62,INR,2025-01-18,Pending,5cb0fb5b-3b6
492,Deposit,4949.33,EUR,2023-04-09,Pending,4da0c132-6dd
529,Withdrawal,-4382.71,USD,2023-05-31,Failed,e9be7aff-495
608,Withdrawal,-273.53,EUR,2024-07-11,Completed,0ef943c4-27e
717,Deposit,2985.28,GBP,2023-05-13,Failed,c8cf0f6a-7d8
341,Deposit,1836.43,USD,2024-03-29,Completed,b06b4709-c35
662,Withdrawal,-4430.33,INR,2023-12-16,Failed,d8ce8c4a-52b
777,Transfer,1386.44,INR,2024-06-27,Failed,788711da-36c
613,Withdrawal,-1954.24,EUR,2024-12-16,Failed,31daf97d-a99
503,Deposit,3546.74,USD,2024-01-09,Completed,bcbb2f5d-899
536,Transfer,4009.56,INR,2025-02-17,Completed,226af66e-301
514,Deposit,3173.8,USD,2024-12-06,Pending,1a59424f-932
534,Deposit,1699.7,INR,2024-04-01,Completed,9accdbca-64d
933,Deposit,1159.34,EUR,2023-09-11,Failed,3655b489-396
610,Withdrawal,-4846.83,EUR,2023-06-21,Completed,2e38f66a-2ce
975,Deposit,4662.46,INR,2025-02-01,Pending,ba945ff1-fc1
282,Withdrawal,-740.47,USD,2023-10-03,Pending,907baad1-8a0
376,Deposit,767.04,GBP,2024-11-15,Pending,629ee8b7-415
671,Transfer,2522.62,GBP,2023-03-14,Completed,f33e3abb-9a4
545,Deposit,1593.67,INR,2024-10-11,Completed,748bafdb-739
805,Deposit,1881.47,INR,2024-08-29,Failed,b5dd3bd5-1f1
715,Payment,-2951.52,USD,2023-08-16,Completed,abdfe8df-d70
960,Deposit,4506.39,INR,2023-06-04,Pending,3b98e89d-30c
427,Transfer,3619.11,USD,2024-01-29,Completed,b23ecd01-2cd
275,Deposit,961.46,INR,2023-10-30,Failed,939e8f4d-6e6
535,Withdrawal,-610.99,EUR,2024-12-05,Completed,c23988c8-5c6
848,Transfer,760.61,INR,2024-12-01,Pending,e751084f-a6d
673,Payment,-874.87,INR,2024-08-08,Pending,13b6ee13-9aa
653,Deposit,2129.52,GBP,2024-03-04,Completed,8ac4f48a-271
482,Transfer,1280.69,GBP,2024-09-17,Failed,766be0f0-103
776,Deposit,1271.71,INR,2024-08-18,Failed,63ac4c45-cf4
769,Withdrawal,-742.75,INR,2024-08-10,Pending,8b0abe76-751
975,Withdrawal,-1893.01,GBP,2023-11-24,Completed,98534cb8-fc7
835,Deposit,3214.38,EUR,2024-12-05,Pending,4f90b07f-400
324,Payment,-442.86,EUR,2023-10-11,Failed,c820ed37-6dc
666,Transfer,1245.78,USD,2024-06-22,Failed,14db0cc0-1bb
718,Withdrawal,-2139.55,GBP,2024-02-29,Failed,01dde87b-010
558,Deposit,2785.29,GBP,2023-11-10,Completed,5944ea68-c3b
378,Payment,-901.82,INR,2023-06-27,Completed,0b41d2db-7c1
995,Deposit,1214.2,EUR,2024-09-06,Failed,d1b7aa6c-014
773,Withdrawal,-4748.54,GBP,2024-08-29,Completed,a73a305a-ca9
975,Withdrawal,-1612.79,USD,2023-08-07,Pending,7507d206-04f
370,Transfer,2091.58,USD,2024-12-15,Pending,89134a88-576
685,Withdrawal,-1522.31,GBP,2023-07-07,Failed,502aa836-e0d
386,Transfer,2456.59,USD,2024-05-20,Completed,4b5cb109-4c0
930,Payment,-268.12,USD,2023-07-18,Failed,670b71da-dbf
407,Withdrawal,-3011.44,EUR,2024-08-27,Completed,6fe8b0b2-a03
444,Deposit,3208.82,EUR,2024-11-27,Failed,3372448f-728
603,Payment,-3199.21,USD,2024-01-01,Completed,48e0acd6-f60
730,Transfer,4000.31,USD,2024-02-27,Completed,f07f80f8-432
720,Payment,-1461.98,USD,2024-09-13,Completed,4bb7a12c-702
243,Transfer,1101.56,EUR,2024-08-03,Completed,70a946ac-c21
718,Payment,-2944.97,EUR,2023-09-18,Pending,4b919220-c4e
684,Transfer,3133.07,GBP,2024-09-21,Failed,96c9ad6e-aad
527,Withdrawal,-2392.52,USD,2024-03-15,Failed,24ee2b2e-35d
327,Withdrawal,-3953.39,GBP,2024-07-09,Completed,e839a98d-d46
989,Transfer,4477.42,INR,2023-04-18,Pending,cdaff66f-bca
566,Payment,-4849.18,USD,2024-04-27,Completed,587ff8d1-9f5
369,Deposit,2667.64,GBP,2023-09-29,Pending,cdf5d07b-544
754,Withdrawal,-3982.96,GBP,2024-12-14,Pending,980a3451-19d
605,Transfer,4741.83,USD,2023-10-09,Completed,1767852a-661
609,Deposit,80.58,EUR,2024-03-09,Failed,8ae770a7-da7
351,Payment,-2522.73,EUR,2023-09-17,Completed,a845426e-533
548,Payment,-2864.05,USD,2023-06-24,Failed,2a2f5b7d-2e3
481,Payment,-1292.92,GBP,2023-08-03,Completed,764c37a9-4e6
444,Deposit,1946.29,USD,2023-05-18,Completed,88386274-f0a
649,Payment,-2288.86,GBP,2024-06-12,Pending,4df870a6-36c
389,Withdrawal,-1190.01,INR,2023-10-15,Failed,2b1cbc1c-eae
831,Payment,-2597.18,GBP,2024-11-26,Completed,9d73ba07-9d3
299,Withdrawal,-3548.26,INR,2025-01-26,Pending,2fe59de2-7bc
697,Withdrawal,-1611.06,GBP,2023-12-27,Completed,17953a9a-e4f
306,Payment,-399.25,EUR,2024-02-20,Failed,4e2157e7-d17
463,Transfer,1328.23,INR,2025-02-16,Completed,42812720-c8f
874,Transfer,1371.23,EUR,2023-10-31,Pending,7e5fec23-1f9
675,Withdrawal,-2677.11,GBP,2023-03-11,Completed,eccba177-5f5
330,Payment,-4203.54,GBP,2023-10-19,Pending,33f0baaf-b42
505,Transfer,1905.63,USD,2024-10-10,Completed,091766ef-280
713,Withdrawal,-819.97,GBP,2024-08-29,Completed,a3d9eedb-cc2
476,Deposit,3152.45,GBP,2024-04-11,Pending,0f44ea32-0a1
926,Payment,-627.44,EUR,2023-12-18,Failed,9d397e42-ea3
272,Payment,-2683.14,EUR,2024-01-17,Failed,06ccc844-989
444,Withdrawal,-2683.78,EUR,2023-12-10,Completed,136a5fea-4cc
881,Payment,-2507.48,EUR,2023-04-23,Pending,6aa5e978-aee
715,Deposit,735.52,GBP,2023-05-06,Pending,98c7af23-d62
460,Transfer,234.06,EUR,2024-05-08,Completed,585e75ec-347
362,Payment,-3743.09,EUR,2024-07-26,Completed,a644a8fe-78e
985,Withdrawal,-630.55,EUR,2023-04-16,Pending,f598347e-c03
420,Deposit,3547.37,USD,2023-07-15,Pending,45888218-3b6
540,Deposit,258.46,GBP,2023-10-08,Failed,e476d271-441
999,Payment,-2436.34,USD,2024-02-11,Failed,f1051a6c-03d
754,Deposit,3897.9,INR,2023-07-13,Completed,7e1c50bc-2f3
507,Transfer,1878.33,INR,2024-02-02,Pending,dfe5f9d4-118
859,Transfer,3471.66,USD,2023-10-08,Pending,5ba9200e-dea
506,Deposit,2885.88,GBP,2024-10-09,Failed,e70b01d3-028
830,Deposit,1556.85,GBP,2023-12-27,Completed,b376ce05-f9e
970,Transfer,456.36,GBP,2023-09-08,Completed,10a70893-fff
610,Transfer,3606.54,GBP,2023-03-28,Pending,3fde81ac-0ad
957,Payment,-1088.36,USD,2023-04-07,Failed,1f9ac2a0-211
296,Withdrawal,-1325.51,INR,2024-04-16,Pending,acbfb36b-b38
412,Payment,-1128.83,GBP,2024-07-19,Pending,5cce59ef-505
473,Withdrawal,-4121.7,EUR,2023-10-10,Failed,d8e9abda-099
857,Payment,-4860.91,INR,2024-04-25,Pending,f916409d-180
778,Transfer,3726.45,INR,2023-05-29,Completed,1ad3ddc4-eaf
226,Withdrawal,-810.68,EUR,2023-11-29,Completed,e296b130-7bb
799,Withdrawal,-2874.39,GBP,2024-10-28,Pending,55d3a977-cb4
822,Transfer,3447.83,INR,2024-02-28,Failed,8474b6f9-0b5
700,Deposit,3258.41,EUR,2024-01-12,Failed,64c9f059-54b
813,Payment,-2770.26,INR,2024-03-28,Failed,4559aec7-76a
612,Deposit,3571.17,USD,2023-09-30,Failed,11c94216-0e9
968,Transfer,1710.99,USD,2024-12-23,Completed,7d7eebad-225
929,Payment,-4050.09,INR,2024-12-29,Failed,7f49cf4e-e8b
947,Transfer,3259.68,USD,2023-05-02,Failed,4f600bd8-4f8
471,Transfer,218.69,INR,2023-09-26,Pending,0e06a307-0a8
874,Withdrawal,-2108.03,GBP,2024-09-08,Failed,76e3356a-770
347,Payment,-2410.27,GBP,2023-12-12,Failed,8b0cab4f-98f
306,Payment,-221.02,EUR,2024-02-05,Completed,8568f5cb-9e3
949,Withdrawal,-1899.85,INR,2024-01-28,Pending,9bf3a3dc-de2
818,Transfer,3502.99,EUR,2023-05-19,Pending,1de1b999-ca1
654,Transfer,2927.36,GBP,2024-10-18,Failed,d86f6a76-ad8
551,Payment,-2573.78,EUR,2024-03-25,Completed,68beea89-1fa
402,Withdrawal,-1464.14,GBP,2024-11-02,Pending,59bf48e3-38a
883,Payment,-4456.59,GBP,2024-01-27,Pending,15b93bcb-7e0
686,Payment,-2295.8,GBP,2024-10-09,Pending,baf38608-816
259,Transfer,4828.66,EUR,2024-02-07,Completed,e81fe5ea-eeb
730,Deposit,3099.1,INR,2024-12-30,Failed,acdb9122-4ca
677,Payment,-1792.99,GBP,2023-09-16,Completed,2c25e8c1-ab2
362,Deposit,94.71,EUR,2024-07-22,Completed,b298c736-3b8
451,Withdrawal,-1797.09,EUR,2024-01-03,Failed,37eea95c-9d8
434,Withdrawal,-2585.58,EUR,2023-04-14,Completed,4530b3bd-7ec
760,Transfer,2382.43,GBP,2024-02-19,Completed,09d7b8af-3ae
357,Deposit,3198.04,INR,2024-01-02,Failed,e9f46d48-d67
866,Payment,-3181.63,EUR,2023-11-18,Completed,a7cc5d3e-c6a
376,Withdrawal,-82.72,INR,2023-04-23,Failed,9148a432-4f4
523,Payment,-1252.96,EUR,2024-05-23,Pending,a4ea0a62-c52
436,Withdrawal,-682.21,GBP,2023-05-16,Completed,2f100a84-3e0
909,Deposit,225.14,EUR,2025-01-12,Pending,75274957-bf5
576,Payment,-453.25,GBP,2024-03-24,Completed,7da7f753-9bd
739,Withdrawal,-1779.31,EUR,2024-01-03,Completed,29aac3e7-a93
323,Withdrawal,-895.83,EUR,2023-11-25,Failed,9d1e747e-03a
901,Deposit,1293.64,GBP,2023-09-27,Pending,4afe9742-f7a
991,Transfer,215.87,EUR,2023-10-07,Completed,57110468-262
837,Payment,-1096.15,GBP,2023-11-04,Pending,fb06a292-e2a
445,Transfer,3986.32,EUR,2024-09-04,Completed,1ba53fa4-8e0
707,Payment,-4335.54,INR,2023-11-26,Pending,965c8dc7-fc0
333,Withdrawal,-2637.91,EUR,2024-11-02,Pending,288585ba-4fa
804,Payment,-474.66,INR,2023-12-25,Failed,1ce5af52-aaa
744,Withdrawal,-2754.1,GBP,2024-03-16,Failed,14cfc961-ab9
997,Withdrawal,-3773.95,EUR,2024-06-03,Completed,0e5fdd0b-ce6
720,Deposit,3837.23,USD,2024-07-28,Pending,af6eac76-5b0
717,Withdrawal,-1153.6,EUR,2024-05-06,Failed,2cb07b67-006
589,Deposit,4132.43,USD,2024-12-13,Failed,dd05053c-491
872,Withdrawal,-3903.89,INR,2025-02-07,Failed,bd6e0a1c-e75
397,Withdrawal,-169.3,GBP,2023-04-06,Pending,fa4012bd-d2d
752,Transfer,577.91,EUR,2024-01-31,Failed,b79b125e-dff
811,Deposit,4068.6,USD,2023-03-06,Failed,05982df8-7d1
801,Transfer,496.27,EUR,2024-01-04,Completed,0275f023-829
389,Payment,-1185.82,INR,2024-05-10,Completed,80432b6a-ac1
299,Transfer,2565.64,USD,2024-10-25,Completed,1ae8e369-b55
897,Withdrawal,-2255.09,INR,2025-02-14,Pending,35d92542-a6c
246,Withdrawal,-1254.5,USD,2024-10-04,Completed,265ad18c-79e
455,Withdrawal,-2740.9,EUR,2023-07-09,Completed,13cecca7-28a
465,Withdrawal,-4846.12,INR,2024-12-26,Pending,0b354733-b52
698,Transfer,3976.18,INR,2023-10-09,Completed,5826e3c0-4d3
318,Withdrawal,-2408.53,USD,2024-10-01,Failed,7ead5904-3e0
970,Withdrawal,-2713.35,INR,2023-11-15,Completed,b4c64217-86b
611,Deposit,3331.42,INR,2024-09-14,Completed,dbcfd31d-440
898,Transfer,3998.7,EUR,2023-09-01,Pending,bb105fc9-302
382,Withdrawal,-651.63,INR,2025-01-29,Pending,b988e432-850
399,Withdrawal,-1202.28,INR,2023-12-11,Pending,d51d00bf-91f
619,Transfer,3259.32,EUR,2024-10-17,Completed,5260e617-bc4
566,Transfer,968.06,INR,2023-12-18,Pending,2dea7e68-99b
595,Withdrawal,-1062.29,INR,2024-04-22,Completed,0380de92-4fd
504,Withdrawal,-605.68,USD,2023-11-10,Failed,eaf4272a-736
709,Transfer,170.38,GBP,2024-11-02,Pending,efdfc131-6b7
379,Deposit,1637.89,GBP,2023-07-26,Completed,751b7411-fe1
940,Transfer,460.36,EUR,2024-04-12,Failed,6b840689-700
938,Payment,-112.14,EUR,2024-09-16,Pending,62e386b0-b25
575,Withdrawal,-3576.94,INR,2023-04-15,Failed,76d7ac79-498
811,Deposit,1532.02,GBP,2024-04-02,Pending,e5fa43f3-ff8
272,Payment,-4942.13,GBP,2024-05-04,Completed,61ed6951-f66
592,Transfer,1689.6,GBP,2024-03-08,Completed,3adf592d-985
975,Withdrawal,-2988.97,USD,2024-10-10,Failed,b2433211-95d
808,Transfer,4274.34,INR,2023-04-02,Failed,6aed596e-600
495,Transfer,3264.18,GBP,2024-11-22,Failed,e099bac5-2d5
307,Payment,-3396.5,EUR,2023-04-01,Completed,5f52ea70-98c
613,Deposit,1770.55,INR,2024-08-14,Pending,d867e26c-c7f
488,Transfer,327.72,EUR,2024-04-30,Pending,34af8418-5e0
486,Transfer,688.65,EUR,2025-02-18,Failed,62c8a2a6-f99
307,Deposit,1024.44,EUR,2023-11-09,Failed,8c025bdd-155
720,Deposit,4976.87,GBP,2024-12-13,Completed,d1e0127d-c12
387,Deposit,4100.99,INR,2024-05-23,Completed,16e7b577-6a8
495,Payment,-1982.75,USD,2023-09-11,Failed,24a51f9d-823
907,Withdrawal,-4457.13,EUR,2023-10-01,Failed,30e3b462-9a9
770,Withdrawal,-680.94,GBP,2023-11-12,Failed,bbc69812-29f
554,Transfer,3770.77,EUR,2023-08-15,Pending,e549b4a6-e49
480,Payment,-3682.7,INR,2024-09-12,Failed,4fbc38f7-e75
640,Payment,-3012.07,GBP,2024-03-22,Failed,19d268c7-f06
562,Deposit,2148.5,EUR,2024-01-25,Failed,bed5247a-643
725,Transfer,393.95,EUR,2025-01-16,Pending,dc658d9f-84d
369,Payment,-3054.66,EUR,2023-03-25,Pending,11a96121-a46
534,Payment,-4498.51,INR,2024-04-24,Completed,30939992-dc0
949,Deposit,1819.53,INR,2024-05-06,Completed,c9454358-89b
571,Deposit,3860.94,EUR,2024-08-05,Failed,e792bdcb-af4
988,Withdrawal,-2668.74,USD,2024-10-30,Failed,1870dad6-e28
721,Deposit,4593.92,USD,2023-04-12,Pending,e8cb0632-609
720,Payment,-1449.25,USD,2023-08-22,Completed,332d5192-0f0
400,Deposit,4978.06,USD,2024-05-12,Completed,5d7a9348-d16
640,Transfer,3210.21,GBP,2023-08-23,Failed,e2503b3d-190
400,Transfer,4153.44,GBP,2023-04-06,Completed,267a128b-f7d
975,Withdrawal,-957.84,USD,2025-01-19,Pending,5a5d2004-f81
778,Withdrawal,-1438.06,USD,2024-11-06,Failed,776e420d-cb2
718,Withdrawal,-626.01,INR,2023-07-09,Failed,a2eb83e9-6b0
301,Payment,-4249.35,USD,2023-12-07,Pending,010a4c03-ca2
244,Deposit,4929.49,EUR,2025-01-08,Failed,fbbeafa4-915
275,Withdrawal,-3932.59,INR,2024-11-11,Completed,f1bf5650-e16
956,Payment,-1546.92,EUR,2023-07-11,Failed,2c9e2375-14e
987,Transfer,1149.96,GBP,2024-07-19,Pending,7229ec1e-9bd
963,Transfer,3903.57,USD,2023-04-17,Completed,6d46399f-fa2
841,Deposit,1826.68,GBP,2023-08-25,Failed,43991a73-e55
306,Withdrawal,-4245.15,EUR,2024-10-28,Completed,e482025e-9d3
285,Deposit,3804.07,GBP,2023-05-31,Failed,8c15b2c3-ed3
872,Transfer,4003.78,INR,2023-12-23,Pending,b43a85ee-fe4
312,Payment,-509.79,INR,2023-03-16,Pending,949b0d0d-6b3
816,Transfer,3270.13,INR,2024-05-18,Pending,6c1af6de-ade
903,Payment,-3795.07,INR,2023-06-10,Failed,e2f7c6d6-7d5
756,Transfer,2488.15,EUR,2024-01-04,Pending,8d740188-99b
837,Withdrawal,-4181.86,INR,2023-08-02,Pending,8034ee79-a2f
585,Withdrawal,-3295.23,USD,2024-09-04,Completed,78117b26-7ea
495,Payment,-3653.83,INR,2024-12-25,Completed,6cfc3b69-f67
609,Withdrawal,-3657.13,INR,2025-02-03,Failed,80bdc2ea-2ba
643,Withdrawal,-387.62,EUR,2024-09-25,Pending,0f7eef4f-d51
927,Withdrawal,-736.04,USD,2023-11-29,Failed,aa94245b-d30
648,Withdrawal,-4399.36,USD,2024-10-28,Pending,b9085638-ac5
932,Payment,-4735.37,GBP,2023-06-16,Pending,96a69058-0e8
789,Payment,-1332.44,EUR,2024-02-03,Failed,344be88a-66e
890,Transfer,54.98,GBP,2024-04-22,Pending,b376735c-107
423,Deposit,3153.01,USD,2023-09-21,Pending,495000d9-5ee
402,Payment,-4346.43,USD,2024-02-26,Failed,fff521cf-9c4
393,Deposit,3527.3,USD,2024-09-14,Failed,7e50ea0d-3c0
935,Payment,-2577.87,EUR,2024-12-30,Pending,0de4277f-a5c
632,Transfer,4171.56,GBP,2023-04-20,Pending,fcc23681-cfb
866,Payment,-1447.26,USD,2024-02-29,Pending,f7a11458-da2
834,Transfer,1004.34,USD,2023-10-03,Pending,503263a3-bde
338,Transfer,176.01,GBP,2023-04-20,Pending,885c5005-823
448,Transfer,2618.63,EUR,2024-10-03,Completed,078163fd-f51
934,Withdrawal,-2172.09,USD,2023-09-29,Completed,7b2fdc6c-1f3
938,Withdrawal,-4747.82,GBP,2024-07-25,Failed,1f3284ca-e69
542,Withdrawal,-2105.61,GBP,2024-06-26,Pending,e2a73f71-8e9
849,Transfer,1811.96,GBP,2024-12-17,Pending,1d41c5df-e9f
622,Deposit,299.67,INR,2024-07-10,Pending,e3b48c27-e17
810,Withdrawal,-3923.46,GBP,2025-01-01,Completed,690d7234-3a0
643,Payment,-3526.18,INR,2023-12-17,Completed,dab63c87-e58
449,Deposit,3302.6,USD,2024-01-10,Pending,f7801e7f-c28
425,Payment,-4378.5,EUR,2025-01-12,Failed,44728b36-445
368,Withdrawal,-1698.21,EUR,2023-10-14,Pending,f1260420-1fd
850,Transfer,3216.76,GBP,2023-09-27,Pending,80d1d2a0-95f
270,Withdrawal,-3771.6,USD,2024-02-23,Pending,ef028012-a2a
918,Withdrawal,-264.77,GBP,2024-07-05,Completed,bea2c80c-8c2
850,Transfer,133.73,EUR,2023-10-09,Completed,bf18231e-130
326,Payment,-3280.36,INR,2024-03-03,Completed,da288464-072
429,Payment,-475.72,USD,2024-06-26,Completed,7c71e344-ac6
881,Withdrawal,-1501.02,USD,2024-09-15,Completed,fed9611f-419
449,Payment,-3102.25,USD,2024-04-23,Completed,dbc9305d-9f8
831,Payment,-795.07,GBP,2023-08-24,Completed,52751e53-a18
541,Transfer,3776.33,GBP,2024-07-19,Pending,3a6e418d-0aa
909,Deposit,3548.34,USD,2023-04-29,Failed,79e20417-cf8
752,Payment,-729.17,INR,2024-07-03,Failed,7ea6297e-071
692,Payment,-2669.67,GBP,2024-02-20,Pending,cec3c28f-efc
695,Transfer,2060.18,INR,2023-09-08,Completed,6509100c-fa8
301,Withdrawal,-1722.75,INR,2023-03-15,Pending,9708a52d-a02
908,Payment,-453.86,USD,2024-11-02,Failed,f42225a1-adb
551,Withdrawal,-3933.86,USD,2023-10-23,Failed,20f7ffac-d87
275,Payment,-1313.34,EUR,2024-07-13,Pending,6ab733fd-562
835,Withdrawal,-53.35,USD,2024-06-25,Failed,73eec4aa-ee7
647,Payment,-3405.0,EUR,2023-11-12,Failed,155cc665-2e9
934,Withdrawal,-1918.1,EUR,2023-11-14,Completed,f1ce182d-f6a
356,Transfer,4128.51,GBP,2023-07-01,Failed,c968a50b-445
673,Withdrawal,-2182.52,EUR,2023-09-24,Pending,caaf4777-f58
915,Withdrawal,-3926.49,GBP,2024-08-04,Completed,638b169c-c0c
903,Transfer,3658.92,INR,2023-05-01,Pending,971309fc-531
396,Payment,-3472.42,EUR,2023-11-08,Pending,637da2eb-ac3
591,Transfer,1677.54,USD,2024-02-21,Failed,56ad9019-022
804,Deposit,1465.16,INR,2024-07-05,Pending,e65f5ff7-f12
680,Transfer,1694.8,GBP,2023-09-21,Completed,9ccae37f-63a
641,Withdrawal,-3576.65,USD,2023-06-11,Failed,79e49c8e-174
834,Deposit,1685.28,EUR,2024-09-29,Completed,bd4b999e-ff5
604,Payment,-149.95,INR,2023-04-22,Completed,317a1660-957
812,Transfer,1388.4,GBP,2024-06-22,Failed,d6885801-e17
682,Transfer,2990.81,USD,2025-01-02,Completed,64aeb392-cf7
791,Transfer,209.51,USD,2024-10-07,Completed,8c20e5b4-333
579,Transfer,1292.89,EUR,2023-04-17,Completed,d53a1f32-db1
794,Deposit,3611.58,EUR,2024-07-01,Completed,32dd7ab7-cc8
769,Withdrawal,-3095.46,GBP,2024-12-09,Failed,57bc4083-a0d
903,Withdrawal,-1070.73,EUR,2023-08-31,Pending,b1305793-ce0
463,Payment,-3373.26,EUR,2024-12-25,Pending,019604e6-b7c
961,Transfer,3984.28,EUR,2023-04-14,Completed,d43b1828-75e
228,Payment,-3136.37,USD,2024-03-07,Completed,a18ec644-1ef
268,Payment,-2264.79,EUR,2023-05-05,Completed,f2c3be3a-8b8
577,Deposit,3984.03,INR,2023-09-17,Completed,587c88d4-e8a
467,Deposit,3342.97,USD,2023-02-28,Completed,54af7d5a-87f
916,Payment,-4206.35,USD,2024-04-06,Pending,7d6e5cb4-957
930,Transfer,1064.91,EUR,2024-10-01,Pending,61036ad2-012
588,Transfer,4190.35,INR,2024-12-08,Pending,ee93fc72-29e
830,Deposit,397.11,EUR,2024-10-17,Completed,ec42d058-243
430,Withdrawal,-373.89,EUR,2023-09-07,Completed,4d2d1798-a55
444,Payment,-1859.4,EUR,2023-11-08,Completed,3635ef56-7ac
416,Payment,-4518.31,INR,2023-09-06,Failed,a04f8d78-25e
619,Transfer,3140.23,GBP,2023-09-15,Completed,a2a05925-52c
838,Payment,-2133.59,EUR,2024-09-24,Completed,f3a57643-270
818,Deposit,1254.45,INR,2023-09-19,Pending,914e6dc4-1a8
529,Withdrawal,-4941.94,INR,2023-10-22,Completed,b7f0f51d-201
968,Withdrawal,-1766.35,GBP,2024-11-08,Pending,6d5e117e-123
442,Transfer,3819.49,GBP,2023-11-14,Pending,ca714c78-4f7
235,Deposit,519.01,EUR,2024-02-05,Failed,2ab96a64-8dc
741,Withdrawal,-4626.01,USD,2024-05-06,Failed,79422a72-cff
349,Transfer,763.84,USD,2025-01-11,Pending,88af957e-c28
756,Transfer,3547.93,USD,2023-05-31,Failed,9b81cd82-411
489,Withdrawal,-629.78,GBP,2023-08-15,Completed,2cbb57ac-b7c
502,Transfer,4456.24,USD,2024-12-08,Failed,9513fa96-ba5
486,Payment,-1330.54,INR,2024-10-01,Failed,720b264e-49d
697,Payment,-2001.4,GBP,2023-07-11,Completed,5d3bdc5f-d60
899,Payment,-1170.52,INR,2024-01-02,Failed,9069105e-04f
1,Withdrawal,-1797.03,INR,2023-03-31,Failed,6ce74bab-1cb
975,Deposit,2440.8,USD,2024-01-05,Pending,1a536302-efd
927,Transfer,4929.4,INR,2024-08-05,Failed,c84b7e14-6bb
286,Withdrawal,-597.07,GBP,2024-03-27,Failed,b3970785-411
864,Transfer,2588.9,USD,2023-10-18,Pending,38b64731-9fc
811,Transfer,2374.13,INR,2023-07-23,Pending,10716022-67d
251,Payment,-4003.33,GBP,2024-11-19,Completed,e56bbfed-dfc
233,Withdrawal,-3190.21,USD,2023-06-02,Completed,019335f2-930
542,Payment,-3701.42,INR,2024-06-20,Completed,fa246ab9-1f5
477,Withdrawal,-2394.13,EUR,2023-04-02,Failed,7c6075bf-0cf
779,Deposit,3483.85,GBP,2024-12-31,Pending,57503708-059
353,Transfer,1868.63,GBP,2023-11-05,Completed,966c2170-621
246,Deposit,2899.37,USD,2024-11-10,Pending,c196cc47-7ce
405,Payment,-146.79,INR,2024-05-26,Completed,02439c9d-685
711,Payment,-553.11,INR,2024-02-07,Completed,67a88e7f-1da
303,Withdrawal,-855.82,USD,2023-08-16,Failed,bab1efef-3af
532,Deposit,4718.05,GBP,2024-06-24,Failed,9357ee38-1da
628,Deposit,3055.63,INR,2024-02-02,Pending,02d83fa5-eaf
623,Payment,-4890.58,GBP,2024-07-16,Completed,470266fd-f97
444,Transfer,2111.48,EUR,2023-08-16,Failed,0e58d81e-e7a
666,Withdrawal,-3010.68,EUR,2024-03-04,Failed,02739c44-6c5
545,Payment,-4395.22,INR,2023-11-04,Completed,cc1a5782-bd4
372,Deposit,331.26,INR,2024-11-21,Failed,41d2b3eb-d30
695,Withdrawal,-1424.76,GBP,2023-10-03,Completed,748fc469-f5c
707,Payment,-2911.01,INR,2023-06-29,Pending,c1f25e88-bdc
227,Deposit,1858.06,INR,2024-03-16,Failed,ffe8d90a-199
943,Transfer,733.96,INR,2023-11-29,Failed,64d3bba6-d14
997,Withdrawal,-2060.75,GBP,2023-10-13,Pending,1e68f570-0be
757,Withdrawal,-3146.29,INR,2024-07-23,Pending,17d546d8-5c7
629,Deposit,2361.41,GBP,2024-04-23,Pending,831bc603-f2c
932,Withdrawal,-2643.51,INR,2023-06-27,Completed,00a67abf-5ea
730,Deposit,4923.46,USD,2025-01-06,Pending,5d243260-032
722,Deposit,1559.24,INR,2023-10-05,Failed,9554e17d-902
328,Deposit,4221.03,GBP,2024-11-29,Failed,abbcec30-b79
432,Transfer,1153.43,INR,2024-08-21,Failed,3a00502f-0ae
880,Transfer,4616.67,EUR,2024-01-24,Pending,e1b3a570-6b4
380,Transfer,3455.97,USD,2024-07-20,Pending,c7933063-448
626,Transfer,2927.27,GBP,2023-06-21,Completed,185cd63b-9be
561,Payment,-3292.04,GBP,2024-06-06,Failed,9dba647c-b2e
456,Payment,-637.1,EUR,2023-12-17,Completed,e51a96c4-e00
896,Transfer,2980.2,INR,2024-06-02,Pending,d58357e3-7f1
751,Transfer,4525.69,EUR,2023-11-10,Pending,5db7ddd8-45e
869,Payment,-3926.75,GBP,2023-10-25,Pending,2496b716-2c9
881,Withdrawal,-1501.98,USD,2023-06-10,Completed,bcdbe231-a3c
655,Transfer,4630.26,INR,2023-12-09,Pending,d9121906-53d
874,Deposit,540.61,GBP,2025-01-19,Failed,ea2a4ba6-8c9
303,Payment,-946.79,GBP,2023-03-26,Completed,3fa5c40d-03e
324,Deposit,4793.28,INR,2024-10-19,Failed,b281cf4c-5aa
890,Payment,-2931.7,EUR,2023-07-05,Pending,fce45adf-0b8
753,Transfer,3139.2,GBP,2023-12-22,Completed,ecbd3fdc-bab
601,Payment,-1803.43,GBP,2024-04-23,Pending,9110b5f2-8e6
571,Transfer,1969.46,INR,2025-01-17,Failed,efde2132-879
534,Withdrawal,-42.6,GBP,2024-12-21,Failed,a8bb9562-d14
400,Withdrawal,-3708.34,EUR,2025-01-27,Pending,c79af9f6-31a
698,Payment,-2817.15,GBP,2024-12-05,Failed,22bcb5d8-0fa
494,Transfer,3387.25,EUR,2024-11-13,Failed,57a325c4-228
527,Transfer,169.62,INR,2024-05-22,Failed,0eeb835e-6c1
646,Transfer,4354.26,GBP,2024-09-29,Failed,78a0e757-32c
419,Withdrawal,-1154.41,INR,2024-08-03,Failed,018b5420-0a3
243,Withdrawal,-2082.18,USD,2023-12-11,Pending,cc611978-c09
999,Payment,-4451.41,GBP,2024-09-29,Failed,145b04e6-990
534,Transfer,2246.56,GBP,2024-11-04,Completed,c9de5f8d-3ca
243,Transfer,1223.22,GBP,2024-07-15,Pending,c3344d6a-944
379,Deposit,1772.79,EUR,2024-09-21,Failed,b902aa61-e2a
779,Deposit,3718.25,USD,2023-11-27,Failed,156a082a-1a5
623,Transfer,1902.12,EUR,2025-02-07,Failed,a6c86799-274
451,Transfer,540.0,GBP,2023-12-29,Pending,efab8dd0-a28
890,Deposit,4057.04,EUR,2023-05-19,Completed,6ef9d86b-f73
480,Withdrawal,-723.28,INR,2023-12-10,Pending,edcc7b10-a97
612,Withdrawal,-2987.8,USD,2023-12-27,Failed,c7fcadff-c63
658,Deposit,4269.85,USD,2024-06-12,Failed,b9675b06-fe0
908,Withdrawal,-3318.4,GBP,2024-12-19,Completed,ea7b3e5a-bfb
739,Payment,-1755.11,INR,2024-05-12,Pending,529cee73-9a9
547,Transfer,2318.42,GBP,2023-10-05,Completed,981addda-714
648,Payment,-3659.53,EUR,2024-02-05,Completed,ccb233d1-3d1
548,Withdrawal,-2648.2,INR,2023-06-16,Failed,1ead3dad-cb8
689,Transfer,4265.32,GBP,2023-06-23,Failed,15034814-ee8
380,Withdrawal,-1425.73,GBP,2023-12-06,Failed,c279752b-a00
848,Payment,-2774.57,EUR,2025-02-09,Pending,61821a2b-d91
662,Withdrawal,-62.08,GBP,2024-05-04,Pending,9b8a7497-8ed
386,Deposit,3985.98,EUR,2024-04-18,Failed,2da71a0d-155
980,Transfer,221.97,EUR,2024-09-24,Pending,c2285f99-9ad
745,Payment,-3909.32,GBP,2025-01-04,Completed,8e1ad929-a56
657,Deposit,661.72,USD,2024-02-02,Completed,1dd02532-729
491,Transfer,4481.83,USD,2024-05-18,Failed,11487b17-335
608,Payment,-4372.26,GBP,2024-06-11,Completed,752548e7-4f1
454,Payment,-1449.22,GBP,2023-12-17,Pending,6e868c9a-d49
995,Payment,-409.11,EUR,2024-04-22,Completed,b0f3fddf-10d
318,Withdrawal,-3460.07,INR,2024-08-19,Pending,28c3cbe8-7a7
974,Withdrawal,-2989.76,EUR,2023-11-24,Pending,75dc53dd-305
697,Withdrawal,-3328.31,EUR,2023-08-30,Failed,0218d589-7a0
789,Deposit,3406.9,USD,2023-03-14,Pending,a6cf6169-10a
834,Payment,-4177.73,INR,2024-12-15,Completed,174fb350-f4f
739,Transfer,4581.59,USD,2023-05-10,Completed,247a7b7f-9c3
680,Deposit,4956.95,GBP,2024-03-09,Completed,4deffb46-8e6
445,Withdrawal,-2405.9,EUR,2024-07-10,Failed,3109d4b9-0c4
643,Transfer,112.92,EUR,2024-01-22,Completed,cf892ce9-966
730,Payment,-3369.03,EUR,2024-01-18,Pending,28701c71-db6
286,Withdrawal,-3909.88,USD,2023-07-07,Failed,87c7c36e-03e
227,Payment,-3472.69,GBP,2023-05-26,Pending,43273f7d-f4f
842,Transfer,3811.61,EUR,2024-01-30,Pending,9232b23d-56a
655,Transfer,2904.74,USD,2024-10-17,Completed,a22f91a8-0e1
800,Deposit,736.0,GBP,2024-08-04,Pending,c7a72a52-51d
776,Deposit,65.67,GBP,2024-09-18,Completed,d71e4e67-f98
1,Transfer,1296.23,EUR,2023-09-10,Pending,f415fb31-9a6
372,Transfer,945.28,INR,2023-08-18,Pending,f9ffab42-343
786,Payment,-1672.71,USD,2024-09-20,Completed,2ba9e7a9-23f
885,Transfer,3373.1,INR,2024-09-13,Completed,502a8158-257
992,Deposit,2351.92,USD,2023-06-01,Failed,b94e9895-2ad
450,Transfer,3398.46,INR,2024-04-23,Pending,19ed4e66-d06
679,Deposit,2469.75,USD,2024-06-12,Failed,49d3bae5-601
386,Withdrawal,-3107.85,GBP,2023-07-01,Pending,dbbfa21b-aac
921,Withdrawal,-212.65,USD,2024-03-11,Pending,f35a7ed5-cc8
826,Withdrawal,-2569.01,GBP,2024-04-05,Pending,403cb18a-f84
456,Withdrawal,-2303.12,GBP,2023-04-16,Failed,676e60d3-40b
953,Deposit,4127.31,USD,2024-10-23,Failed,b5f2de33-8ee
561,Withdrawal,-3834.75,INR,2024-09-07,Completed,539adf26-226
872,Transfer,725.71,GBP,2023-03-23,Completed,d6c48c0a-10a
833,Withdrawal,-4652.3,GBP,2023-11-20,Completed,ab4c0531-c57
503,Payment,-1405.11,INR,2024-07-02,Pending,42264a03-76f
354,Deposit,1253.03,GBP,2025-02-05,Pending,95641e96-191
412,Transfer,4690.32,USD,2024-07-26,Failed,2d857aec-4f5
414,Withdrawal,-278.65,USD,2024-06-17,Pending,150a7038-eeb
460,Transfer,4531.72,EUR,2024-01-07,Completed,99cf9042-cbf
641,Withdrawal,-4817.29,INR,2024-01-30,Failed,9928c687-e63
252,Withdrawal,-4772.55,GBP,2024-10-07,Pending,a04c3b73-133
489,Transfer,2267.95,USD,2024-02-25,Pending,f0eb9e85-bf3
511,Transfer,2283.15,USD,2024-06-02,Failed,a7abd7ef-a07
267,Payment,-1181.49,GBP,2023-07-27,Pending,552e84ce-8c4
426,Deposit,1352.59,EUR,2024-09-20,Completed,04c29cd2-ecc
658,Withdrawal,-220.69,EUR,2023-09-21,Failed,d1e36aeb-052
267,Payment,-3922.61,GBP,2024-06-17,Failed,961f6a57-c7d
332,Withdrawal,-1881.59,USD,2024-08-01,Completed,d1be81b0-c21
276,Deposit,3828.28,EUR,2024-03-12,Failed,01910f01-666
539,Transfer,470.96,INR,2023-03-09,Pending,84f3a671-2f6
728,Transfer,3405.14,INR,2023-11-06,Completed,c140f370-8d7
550,Deposit,3153.01,EUR,2024-05-30,Pending,013a9e4f-e0f
992,Deposit,1371.25,INR,2023-05-02,Completed,a3e57337-a1b
590,Withdrawal,-4923.52,INR,2024-08-04,Pending,3d42e5dc-627
504,Deposit,4627.89,INR,2023-12-25,Completed,22cddd97-757
801,Deposit,4028.39,GBP,2024-11-08,Pending,b9d00646-97e
419,Deposit,3765.15,EUR,2024-12-20,Pending,61d9da77-42f
886,Withdrawal,-1564.27,EUR,2023-11-22,Failed,bc83d5f2-672
838,Payment,-2374.87,USD,2023-05-06,Failed,1af25846-5d1
881,Deposit,1341.85,GBP,2023-10-17,Pending,6652e2a5-7b5
789,Deposit,3981.43,USD,2024-11-23,Failed,6284d9f9-0d9
870,Deposit,1754.25,GBP,2023-07-25,Completed,036dce05-7b2
276,Transfer,2569.79,USD,2023-05-29,Completed,a4a63ece-928
278,Transfer,3875.61,INR,2023-07-22,Pending,1e663066-682
692,Deposit,4381.3,INR,2024-11-19,Failed,9e42d4e8-04b
848,Deposit,1630.61,USD,2023-04-12,Failed,4496eb24-45c
308,Transfer,426.4,GBP,2024-10-11,Completed,f3a9564f-424
239,Transfer,306.02,INR,2024-09-03,Pending,37969192-275
537,Withdrawal,-3393.46,EUR,2024-04-04,Completed,a8f61a7e-f4b
852,Payment,-643.43,USD,2023-08-30,Failed,b3fad644-395
710,Deposit,4035.88,GBP,2024-10-16,Failed,53b15998-a36
848,Transfer,921.53,EUR,2023-11-29,Completed,117f0756-904
533,Deposit,4488.46,USD,2024-04-02,Pending,fdba3a6d-216
595,Withdrawal,-3236.02,INR,2023-06-04,Failed,d9e657c7-528
676,Deposit,3156.79,EUR,2024-01-11,Pending,0c61fd65-2e7
716,Payment,-4723.71,GBP,2023-06-05,Pending,3e73da00-933
720,Payment,-1003.52,GBP,2024-04-07,Pending,c0764c98-a43
504,Withdrawal,-157.95,GBP,2024-09-28,Pending,0ab42679-d05
296,Payment,-2718.67,USD,2024-06-23,Completed,dc50d3f0-d73
551,Deposit,4684.96,INR,2024-04-22,Pending,f9aec4cb-9e3
561,Withdrawal,-1920.79,GBP,2024-09-05,Failed,60d84d5e-4c5
917,Withdrawal,-1688.35,EUR,2024-03-19,Pending,7156551f-f74
298,Deposit,4653.06,GBP,2024-10-18,Pending,c45624dd-836
670,Deposit,4643.06,INR,2024-08-16,Failed,770c8d70-f50
669,Withdrawal,-4681.0,EUR,2023-04-09,Completed,33942029-b5a
414,Withdrawal,-4796.56,EUR,2024-02-14,Completed,454beddb-013
800,Withdrawal,-4492.41,GBP,2023-04-02,Failed,20d20ea6-7d5
245,Transfer,392.81,GBP,2023-04-22,Completed,a4854dcf-4bb
940,Withdrawal,-255.97,INR,2023-06-30,Pending,21bdcc78-041
947,Deposit,4889.61,USD,2025-02-08,Failed,30121a5a-b27
756,Deposit,4835.18,USD,2023-03-14,Failed,1c59529e-108
548,Withdrawal,-3760.39,EUR,2023-07-16,Failed,4b4e8b76-9fc
383,Withdrawal,-668.51,INR,2025-02-04,Failed,2ef6dd8d-c83
429,Transfer,3844.51,INR,2024-04-10,Failed,8b5e20da-308
905,Withdrawal,-865.95,GBP,2024-12-10,Failed,7101938f-f30
717,Payment,-587.54,USD,2024-10-23,Completed,116c59fe-8c8
428,Withdrawal,-880.47,EUR,2024-11-19,Completed,075b6c63-e41
461,Transfer,3047.11,INR,2024-07-14,Completed,cb551256-fca
769,Transfer,2597.58,USD,2023-06-07,Pending,bcede5f3-812
889,Transfer,3618.07,USD,2024-11-13,Pending,c60583b5-82a
384,Deposit,1871.8,GBP,2023-08-06,Failed,6a023c70-8cd
703,Withdrawal,-589.57,EUR,2023-11-11,Failed,085e1d49-c2e
960,Transfer,2921.51,GBP,2024-12-11,Completed,9c13d754-d89
760,Payment,-1027.3,EUR,2023-09-30,Completed,094864b6-313
794,Deposit,525.77,GBP,2024-06-25,Completed,77397312-eae
298,Transfer,4865.67,INR,2023-11-17,Pending,074b1606-ed1
244,Transfer,4698.47,GBP,2024-05-03,Completed,3b817dae-527
854,Transfer,3745.4,GBP,2023-08-31,Pending,af057f9e-742
276,Deposit,4566.45,USD,2025-01-06,Failed,36029d18-76e
988,Withdrawal,-4709.43,GBP,2023-07-09,Pending,5632050e-787
548,Withdrawal,-4288.42,GBP,2023-07-21,Completed,536c4a62-e73
929,Payment,-2087.75,EUR,2024-05-21,Failed,92d06a8d-d04
732,Payment,-493.06,GBP,2024-09-27,Failed,82bb205c-b6e
393,Withdrawal,-2694.23,USD,2023-05-06,Failed,d9a67368-25b
834,Withdrawal,-4256.82,GBP,2023-09-21,Completed,a6fe9c59-39b
810,Deposit,2667.18,USD,2024-04-08,Pending,c99cf02b-88e
493,Withdrawal,-386.68,GBP,2023-03-07,Failed,3f194bf8-6fc
877,Transfer,2979.24,GBP,2024-02-03,Pending,31c96803-35d
489,Deposit,3385.66,INR,2023-06-27,Failed,c0ae4ee0-1be
224,Deposit,137.42,EUR,2023-12-19,Completed,e97e0d48-d35
989,Withdrawal,-3281.22,INR,2024-12-03,Failed,656d30d8-809
460,Payment,-2700.12,GBP,2023-04-27,Pending,eecdc74f-a34
