Customer_ID,Branch_ID,Account_Type,Balance,Created_Date,Status,Currency
2511,43,Checking,455303.31,2017-08-14,Inactive,USD
2637,79,Loan,462331.85,2020-08-25,Closed,USD
1097,19,Checking,221423.08,2019-12-26,Inactive,USD
3120,93,Savings,15412.06,2024-07-13,Closed,USD
4190,31,Checking,39345.29,2016-10-01,Closed,USD
4818,44,Business,145298.47,2024-04-13,Inactive,USD
1963,58,Business,134225.5,2019-03-11,Active,USD
2847,37,Business,370584.3,2020-09-22,Inactive,USD
3664,25,Business,308315.69,2015-11-27,Closed,USD
2568,99,Loan,488802.02,2017-03-01,Inactive,USD
4706,85,Loan,225160.11,2018-05-18,Inactive,USD
4952,80,Savings,492682.42,2024-12-28,Active,USD
3009,26,Checking,298545.97,2019-12-08,Closed,USD
2867,27,Business,5292.92,2021-05-09,Active,USD
2223,25,Savings,198787.75,2021-02-26,Active,USD
1359,45,Loan,355426.82,2018-07-21,Inactive,USD
1721,34,Checking,51602.9,2022-07-02,Active,USD
3278,64,Business,497798.15,2023-07-09,Inactive,USD
4755,27,Loan,301827.29,2024-04-17,Inactive,USD
3460,81,Checking,48148.99,2016-06-05,Active,USD
3095,35,Checking,158635.79,2016-01-13,Inactive,USD
4217,48,Business,392146.08,2020-07-24,Inactive,USD
1910,49,Checking,158579.66,2022-10-20,Closed,USD
4309,71,Business,160915.56,2024-07-18,Inactive,USD
1989,50,Checking,188344.23,2015-11-02,Inactive,USD
1386,38,Loan,179602.67,2017-09-14,Active,USD
3794,13,Loan,265484.13,2023-04-19,Closed,USD
1372,63,Loan,376680.22,2020-05-28,Active,USD
3779,14,Checking,442356.88,2022-04-21,Closed,USD
4290,44,Loan,281564.02,2020-08-09,Active,USD
1953,20,Savings,53213.98,2021-12-07,Active,USD
3339,24,Business,472832.96,2018-12-03,Active,USD
2088,10,Checking,330780.79,2021-11-16,Active,USD
2913,43,Business,249236.12,2020-05-17,Closed,USD
1262,24,Loan,497084.15,2021-08-14,Active,USD
2659,44,Savings,181434.23,2023-10-16,Closed,USD
3725,12,Savings,418266.86,2024-02-25,Inactive,USD
2674,15,Savings,79684.28,2016-09-27,Active,USD
3911,7,Checking,144381.0,2022-11-29,Inactive,USD
1110,74,Checking,472653.86,2016-11-20,Inactive,USD
4814,26,Business,284965.73,2015-10-18,Inactive,USD
2012,35,Loan,338972.57,2016-09-18,Inactive,USD
1131,95,Business,240509.06,2017-04-30,Closed,USD
1775,15,Savings,398483.8,2021-04-12,Active,USD
2104,50,Business,151575.77,2022-03-21,Closed,USD
1050,20,Savings,342671.99,2017-01-16,Inactive,USD
3635,60,Checking,441292.42,2019-06-16,Active,USD
1305,66,Loan,306990.32,2022-06-10,Closed,USD
2384,25,Business,9217.78,2016-02-26,Closed,USD
1546,99,Business,449516.74,2016-10-15,Closed,USD
4805,25,Business,220825.52,2017-11-01,Inactive,USD
3404,37,Checking,163183.69,2024-12-25,Inactive,USD
3758,22,Business,198240.08,2018-03-15,Active,USD
1772,11,Business,160587.5,2020-05-10,Active,USD
1645,93,Business,31086.06,2022-01-19,Inactive,USD
4432,15,Business,266631.0,2019-05-04,Inactive,USD
1141,78,Business,439274.31,2018-12-10,Closed,USD
2777,28,Checking,181276.93,2019-12-01,Active,USD
2967,41,Business,259971.24,2015-03-16,Active,USD
4957,22,Savings,278736.74,2021-01-26,Inactive,USD
1412,21,Loan,456582.99,2015-06-02,Inactive,USD
4038,77,Checking,107233.95,2024-12-04,Inactive,USD
2545,73,Checking,159990.31,2015-07-19,Inactive,USD
4086,2,Savings,39094.11,2017-09-23,Closed,USD
1108,15,Business,55599.07,2021-12-06,Inactive,USD
2111,10,Loan,202228.95,2023-02-24,Inactive,USD
4000,35,Loan,109127.56,2015-04-12,Active,USD
2833,17,Loan,110854.56,2019-09-27,Active,USD
2710,84,Loan,326824.42,2016-03-03,Closed,USD
1525,75,Loan,302779.06,2019-07-15,Closed,USD
4859,22,Business,400212.44,2019-08-27,Closed,USD
2376,2,Checking,309056.07,2023-05-12,Closed,USD
1546,78,Savings,85326.9,2019-04-04,Closed,USD
2007,27,Business,83729.88,2020-02-19,Active,USD
4992,14,Savings,33222.68,2023-04-19,Active,USD
3043,82,Savings,21461.72,2020-01-26,Closed,USD
1975,39,Business,60367.28,2015-12-19,Active,USD
1810,71,Loan,1882.71,2023-01-14,Active,USD
2587,30,Business,235791.32,2022-09-26,Inactive,USD
1901,50,Checking,273717.16,2017-09-20,Active,USD
2866,30,Loan,432265.19,2015-09-16,Active,USD
1031,75,Checking,80869.4,2022-10-07,Active,USD
3086,38,Savings,461269.12,2017-03-27,Inactive,USD
3786,78,Savings,152980.08,2020-08-06,Inactive,USD
3479,47,Business,111266.46,2024-12-05,Inactive,USD
4214,44,Business,407837.98,2022-04-24,Closed,USD
3831,88,Business,354557.1,2016-07-12,Active,USD
1483,85,Checking,407105.9,2017-02-11,Closed,USD
2028,9,Business,489221.07,2023-06-27,Inactive,USD
1740,98,Checking,89711.65,2023-07-12,Closed,USD
2124,77,Loan,280432.95,2022-02-13,Closed,USD
1973,37,Checking,327680.62,2019-08-21,Closed,USD
2592,87,Business,105617.36,2017-10-26,Inactive,USD
2024,88,Savings,362973.79,2022-01-16,Closed,USD
3292,80,Business,102392.23,2018-02-13,Closed,USD
2769,29,Checking,466510.22,2023-05-14,Closed,USD
3127,16,Checking,427192.5,2017-03-30,Inactive,USD
4747,42,Savings,254555.79,2021-02-27,Active,USD
2727,81,Loan,25331.89,2020-07-03,Active,USD
3712,22,Loan,27852.83,2021-07-22,Inactive,USD
3259,33,Loan,91841.56,2021-09-19,Inactive,USD
1144,59,Loan,295265.07,2018-12-22,Inactive,USD
1915,58,Savings,325120.93,2019-03-26,Closed,USD
2647,92,Business,499505.84,2018-04-13,Inactive,USD
1346,50,Savings,41762.05,2023-07-06,Closed,USD
2408,88,Savings,296019.57,2016-04-03,Active,USD
3721,38,Business,977.67,2017-10-10,Closed,USD
2364,55,Savings,380090.07,2017-10-26,Closed,USD
1226,44,Savings,244375.78,2022-02-17,Inactive,USD
2288,44,Checking,208229.52,2023-06-13,Inactive,USD
1429,59,Business,23706.33,2019-06-17,Active,USD
1243,5,Savings,100800.45,2019-03-12,Closed,USD
1913,70,Loan,447782.93,2015-06-26,Inactive,USD
4347,51,Loan,286701.73,2018-07-28,Closed,USD
4611,40,Business,85800.91,2024-11-11,Inactive,USD
3656,31,Checking,249112.77,2022-09-12,Active,USD
3054,78,Checking,182940.35,2015-05-04,Closed,USD
4677,43,Checking,169456.42,2021-12-31,Closed,USD
4353,41,Loan,94109.32,2017-12-14,Inactive,USD
2957,23,Savings,74157.84,2016-02-19,Closed,USD
2178,30,Checking,433123.19,2024-09-29,Closed,USD
2068,48,Savings,283187.58,2020-11-25,Inactive,USD
3547,57,Business,130116.71,2024-02-26,Active,USD
4283,23,Checking,291934.61,2016-09-12,Closed,USD
3086,76,Savings,326061.13,2020-07-31,Closed,USD
4092,32,Checking,288693.53,2016-10-21,Closed,USD
2744,68,Savings,146921.67,2019-01-06,Active,USD
1656,24,Business,381346.18,2023-01-17,Active,USD
1079,26,Business,211788.92,2023-03-31,Inactive,USD
2643,40,Checking,381027.12,2020-10-07,Inactive,USD
3611,85,Checking,152976.49,2024-04-01,Inactive,USD
2390,39,Business,468770.69,2024-07-26,Closed,USD
4717,37,Business,200666.55,2016-01-09,Inactive,USD
3794,97,Business,358799.55,2019-06-10,Inactive,USD
2680,60,Business,77352.3,2017-01-22,Closed,USD
3197,11,Business,78460.67,2021-10-30,Closed,USD
2182,43,Business,183873.22,2022-08-23,Closed,USD
4353,36,Savings,457879.09,2020-10-20,Active,USD
1964,13,Business,469836.2,2024-10-27,Active,USD
1744,7,Business,128393.63,2021-06-21,Closed,USD
3131,60,Savings,193668.54,2016-07-10,Closed,USD
1033,15,Business,478939.47,2016-04-10,Inactive,USD
2462,88,Business,131430.63,2017-09-23,Closed,USD
1744,2,Loan,415857.01,2022-03-22,Closed,USD
1284,40,Business,263654.27,2017-08-08,Active,USD
4641,29,Checking,499641.76,2024-05-24,Active,USD
2050,10,Loan,248089.55,2024-06-24,Active,USD
3646,36,Loan,21405.81,2017-02-02,Inactive,USD
1397,23,Loan,359785.03,2015-04-27,Active,USD
4146,36,Savings,434859.28,2016-12-25,Inactive,USD
1974,81,Savings,255722.27,2018-07-17,Closed,USD
2857,47,Savings,29107.13,2020-01-16,Closed,USD
1124,2,Loan,177832.07,2024-03-12,Active,USD
2887,35,Savings,315545.49,2017-11-03,Active,USD
4305,42,Savings,252628.18,2019-02-03,Inactive,USD
2498,40,Loan,366541.04,2022-03-27,Active,USD
4596,29,Savings,78447.02,2018-06-28,Active,USD
3395,81,Checking,56538.64,2023-07-17,Active,USD
2751,66,Savings,393992.71,2017-05-10,Inactive,USD
2977,28,Savings,467368.92,2019-07-09,Active,USD
1399,69,Checking,253568.61,2023-03-23,Active,USD
1543,77,Business,446350.65,2023-10-27,Inactive,USD
1541,25,Checking,279851.89,2019-03-23,Active,USD
2262,30,Checking,269032.02,2023-09-22,Active,USD
3872,79,Savings,3927.72,2023-03-31,Inactive,USD
1702,95,Checking,297030.06,2021-10-08,Inactive,USD
1615,73,Business,249689.8,2025-02-17,Active,USD
1267,2,Business,145265.41,2020-09-02,Active,USD
3087,40,Business,204500.16,2018-11-27,Closed,USD
3501,86,Loan,333448.58,2017-08-25,Closed,USD
2579,26,Business,147452.21,2021-04-27,Inactive,USD
1238,14,Loan,269353.6,2022-10-17,Closed,USD
4274,40,Savings,352669.41,2016-06-01,Inactive,USD
1275,97,Loan,337366.06,2022-04-15,Active,USD
1411,21,Savings,17588.44,2019-11-05,Active,USD
1560,40,Savings,140581.04,2021-07-13,Active,USD
2256,5,Business,107004.31,2018-11-17,Inactive,USD
1404,14,Checking,328925.94,2021-11-17,Inactive,USD
1256,25,Business,94350.4,2022-09-10,Inactive,USD
3829,86,Savings,300940.53,2019-04-18,Inactive,USD
4716,80,Checking,387198.13,2019-04-13,Closed,USD
1582,4,Loan,294137.55,2019-06-28,Inactive,USD
2322,95,Business,160366.54,2016-03-29,Closed,USD
2462,49,Loan,20378.38,2022-02-15,Inactive,USD
4973,53,Savings,154044.26,2024-03-20,Active,USD
3233,74,Loan,492211.08,2020-08-08,Active,USD
4780,30,Loan,173284.18,2016-11-09,Inactive,USD
3612,80,Loan,4161.34,2020-02-15,Inactive,USD
2025,26,Loan,284654.25,2018-10-09,Closed,USD
2484,88,Business,188760.94,2021-06-21,Inactive,USD
2154,85,Savings,331932.27,2024-12-23,Active,USD
4776,76,Business,328084.48,2019-04-25,Closed,USD
1068,86,Checking,166071.57,2017-07-20,Inactive,USD
4696,10,Loan,186729.96,2018-01-01,Active,USD
3780,80,Checking,277221.95,2018-10-19,Active,USD
1511,3,Checking,248140.34,2022-01-05,Closed,USD
2528,54,Business,285316.96,2024-12-31,Inactive,USD
1109,85,Checking,204418.88,2021-11-14,Inactive,USD
2170,60,Loan,71404.95,2017-12-17,Active,USD
3252,66,Checking,133079.17,2019-10-12,Inactive,USD
3365,9,Checking,243984.82,2015-03-16,Inactive,USD
1263,21,Savings,148183.08,2022-03-02,Active,USD
1611,68,Business,26952.2,2019-02-12,Inactive,USD
2382,16,Business,356463.62,2020-05-25,Active,USD
1870,90,Loan,227004.95,2024-03-28,Active,USD
2888,83,Checking,39876.01,2018-11-10,Active,USD
4428,75,Business,437449.56,2018-12-31,Active,USD
2397,51,Business,359431.11,2015-04-12,Active,USD
2814,24,Checking,123511.22,2024-02-03,Inactive,USD
3644,42,Checking,199698.38,2016-01-24,Inactive,USD
3434,64,Checking,475751.54,2020-04-25,Active,USD
3895,100,Loan,242072.86,2023-09-13,Closed,USD
4712,60,Savings,25817.15,2015-05-22,Active,USD
2637,29,Savings,337061.48,2024-01-23,Inactive,USD
4179,27,Loan,123755.08,2019-05-12,Active,USD
4310,94,Savings,397527.06,2015-12-13,Inactive,USD
2847,49,Loan,304749.66,2016-07-06,Active,USD
2362,59,Savings,82398.53,2017-10-27,Closed,USD
3774,88,Savings,411157.03,2020-02-06,Active,USD
1483,89,Loan,129396.45,2021-09-05,Inactive,USD
4699,1,Loan,404208.87,2023-08-12,Active,USD
4557,81,Loan,455464.66,2022-11-16,Closed,USD
2379,73,Savings,78743.37,2017-08-29,Inactive,USD
2008,53,Loan,411302.21,2021-07-10,Active,USD
3822,94,Business,326078.05,2016-09-05,Active,USD
3590,63,Checking,91782.46,2015-09-12,Closed,USD
1462,74,Checking,366525.06,2020-06-06,Inactive,USD
3956,89,Loan,148408.68,2021-06-10,Inactive,USD
4917,13,Loan,490890.48,2019-07-08,Active,USD
3447,41,Loan,400449.8,2016-12-15,Closed,USD
2587,24,Checking,115340.36,2019-08-07,Closed,USD
4175,99,Checking,408966.16,2015-11-02,Active,USD
2791,12,Business,163986.54,2017-12-02,Inactive,USD
3589,81,Loan,452811.41,2016-05-01,Closed,USD
3791,45,Savings,306490.95,2021-12-16,Closed,USD
3799,96,Business,171549.31,2021-04-07,Active,USD
3252,32,Checking,367363.71,2016-02-07,Active,USD
4079,44,Checking,249137.3,2019-05-07,Inactive,USD
4260,20,Loan,417023.57,2022-12-01,Closed,USD
4125,54,Checking,490449.29,2023-07-22,Closed,USD
4307,73,Checking,182760.37,2019-05-28,Active,USD
3243,74,Checking,24870.13,2024-01-12,Active,USD
2041,20,Loan,441138.52,2020-04-21,Inactive,USD
3008,83,Checking,295378.19,2024-03-31,Inactive,USD
2768,17,Business,401851.35,2022-05-18,Inactive,USD
1851,43,Loan,137087.72,2019-01-18,Closed,USD
1455,41,Savings,258556.21,2017-03-20,Closed,USD
2373,63,Savings,447911.17,2021-07-04,Active,USD
2959,99,Loan,234324.12,2021-03-27,Active,USD
3691,48,Loan,80880.3,2015-04-16,Closed,USD
4252,2,Checking,260380.49,2024-03-27,Closed,USD
3243,100,Checking,464250.11,2018-12-17,Active,USD
3633,96,Checking,456763.29,2015-09-27,Active,USD
1615,16,Savings,262475.13,2017-08-31,Closed,USD
4418,47,Savings,88766.0,2024-10-29,Active,USD
2726,24,Checking,264663.29,2020-10-20,Closed,USD
4482,36,Business,419220.87,2017-01-16,Inactive,USD
4194,64,Savings,152302.27,2018-08-14,Closed,USD
1421,43,Checking,428293.24,2017-02-25,Active,USD
1178,90,Checking,166373.89,2025-01-23,Active,USD
4574,27,Loan,122546.95,2020-04-12,Inactive,USD
1816,18,Checking,160127.12,2017-10-08,Active,USD
4487,2,Savings,364269.56,2024-12-11,Inactive,USD
1216,53,Loan,461729.32,2022-04-16,Inactive,USD
1215,68,Checking,376315.02,2021-09-30,Closed,USD
1652,99,Checking,24399.17,2022-09-30,Closed,USD
3417,11,Loan,323911.21,2017-06-19,Closed,USD
1036,8,Loan,400671.99,2017-07-13,Inactive,USD
4611,54,Business,348408.35,2022-10-11,Active,USD
1379,96,Business,255920.11,2021-09-09,Closed,USD
1211,44,Savings,178034.51,2018-01-25,Inactive,USD
4081,55,Checking,193601.13,2016-05-19,Inactive,USD
2678,69,Savings,347767.21,2022-07-11,Inactive,USD
2362,30,Business,390123.67,2016-07-31,Inactive,USD
1926,80,Savings,240670.17,2022-09-21,Active,USD
4386,65,Checking,349358.18,2019-01-26,Inactive,USD
1094,75,Loan,396137.7,2016-07-08,Inactive,USD
1479,62,Loan,207054.21,2020-08-10,Active,USD
4333,76,Business,170149.7,2024-11-19,Inactive,USD
2104,68,Loan,408967.29,2022-10-13,Active,USD
4928,13,Business,121469.81,2022-02-13,Inactive,USD
4000,6,Checking,72318.25,2016-04-10,Inactive,USD
4065,10,Loan,47461.82,2018-05-13,Closed,USD
4170,23,Checking,379224.37,2018-03-04,Closed,USD
3422,74,Checking,377690.07,2024-08-06,Active,USD
2833,17,Business,459837.07,2018-11-16,Inactive,USD
2652,4,Savings,78774.13,2023-11-30,Closed,USD
1011,89,Savings,415673.81,2022-11-30,Closed,USD
2113,81,Checking,257158.19,2021-09-02,Active,USD
3140,58,Loan,104558.25,2022-09-15,Inactive,USD
2754,87,Loan,210165.0,2017-01-28,Active,USD
3542,27,Checking,306099.78,2020-03-30,Inactive,USD
4233,55,Business,351810.68,2015-11-29,Active,USD
1961,28,Business,8439.55,2020-10-10,Closed,USD
1544,89,Checking,184302.57,2021-10-11,Active,USD
1304,6,Loan,329947.14,2017-12-24,Closed,USD
4037,17,Loan,367033.63,2016-05-24,Closed,USD
4330,81,Business,341710.33,2016-12-02,Inactive,USD
2246,69,Loan,125697.78,2018-03-26,Closed,USD
1356,23,Savings,118384.64,2015-02-22,Closed,USD
4280,72,Checking,104925.91,2022-02-25,Inactive,USD
1799,9,Savings,93815.76,2022-04-16,Closed,USD
2988,49,Business,270129.66,2021-03-02,Active,USD
3019,1,Savings,151882.23,2019-05-01,Inactive,USD
4474,50,Checking,181847.57,2024-09-27,Inactive,USD
1642,34,Business,167255.37,2021-10-19,Closed,USD
3747,20,Savings,380408.36,2016-02-11,Active,USD
3344,70,Savings,324819.36,2023-11-13,Active,USD
2245,44,Checking,401067.09,2015-09-07,Closed,USD
1760,70,Business,367521.32,2015-03-30,Inactive,USD
1849,77,Savings,47712.84,2020-08-12,Closed,USD
3703,1,Loan,386887.92,2023-12-27,Closed,USD
2044,48,Checking,497546.81,2018-07-20,Inactive,USD
1481,14,Loan,49534.8,2016-07-05,Active,USD
4726,68,Savings,406583.39,2018-03-22,Inactive,USD
3537,24,Checking,86962.55,2024-10-20,Closed,USD
2778,46,Savings,70694.09,2015-06-29,Inactive,USD
1835,3,Business,198865.55,2021-04-11,Closed,USD
4228,35,Loan,276054.44,2018-12-02,Closed,USD
1723,17,Savings,54898.31,2017-09-08,Active,USD
1612,93,Savings,62331.05,2021-10-13,Active,USD
1147,71,Loan,330630.43,2016-12-09,Closed,USD
4248,43,Checking,374714.44,2024-02-21,Closed,USD
2227,71,Business,420855.62,2023-08-03,Inactive,USD
4740,96,Checking,82464.99,2021-08-28,Active,USD
1360,80,Savings,324170.25,2016-04-21,Closed,USD
2647,91,Savings,328309.49,2019-10-30,Closed,USD
2973,61,Loan,214773.41,2019-12-15,Active,USD
2156,1,Business,56979.71,2020-07-10,Closed,USD
2286,11,Business,108183.74,2015-08-19,Inactive,USD
4824,69,Checking,486099.49,2019-12-14,Inactive,USD
2483,84,Savings,217037.83,2024-03-15,Closed,USD
4873,43,Savings,140112.05,2016-03-29,Inactive,USD
3765,32,Savings,167493.41,2018-08-29,Inactive,USD
1904,36,Business,88323.62,2019-02-08,Inactive,USD
1506,35,Loan,450893.73,2015-05-10,Active,USD
3778,47,Savings,430287.65,2022-02-05,Closed,USD
3561,55,Loan,381260.29,2020-12-06,Active,USD
4240,76,Business,166422.11,2017-07-18,Active,USD
2185,62,Loan,335583.51,2017-07-26,Inactive,USD
3404,45,Checking,429862.29,2019-10-20,Closed,USD
3155,28,Business,211887.98,2021-01-07,Closed,USD
3920,22,Savings,110809.33,2024-01-05,Closed,USD
1579,74,Savings,33185.8,2024-03-18,Closed,USD
1039,11,Business,474129.91,2020-03-03,Closed,USD
1500,33,Savings,196874.57,2022-10-24,Inactive,USD
1223,98,Business,16123.88,2024-06-19,Active,USD
2250,80,Checking,91611.14,2022-02-06,Closed,USD
1498,87,Loan,372320.74,2015-07-28,Active,USD
4117,91,Business,140662.96,2017-04-30,Closed,USD
2026,88,Business,303513.21,2016-06-17,Inactive,USD
3817,55,Savings,207071.01,2019-10-25,Inactive,USD
3227,36,Savings,105313.78,2021-02-17,Active,USD
4192,23,Loan,120788.45,2018-12-20,Closed,USD
1732,94,Business,417796.48,2018-07-15,Closed,USD
2179,67,Loan,65209.56,2017-01-05,Active,USD
3186,45,Business,101650.45,2018-01-12,Active,USD
4438,50,Checking,161401.92,2024-09-11,Closed,USD
2358,12,Business,217979.21,2018-03-21,Inactive,USD
2829,24,Savings,328692.33,2016-09-29,Closed,USD
3252,14,Checking,96637.03,2020-05-20,Inactive,USD
4526,94,Business,29551.63,2024-07-26,Inactive,USD
2256,98,Business,278452.73,2021-07-11,Closed,USD
2347,70,Savings,207178.32,2023-11-20,Inactive,USD
2224,50,Checking,241734.72,2020-01-01,Inactive,USD
3132,12,Savings,281313.57,2019-07-18,Active,USD
4326,4,Savings,238894.14,2024-11-21,Active,USD
2272,96,Loan,201530.49,2023-05-24,Closed,USD
1599,49,Business,302629.49,2016-01-18,Active,USD
2311,100,Business,384027.73,2015-09-08,Closed,USD
1553,33,Savings,187941.27,2015-08-07,Active,USD
1813,72,Savings,69826.78,2021-10-24,Inactive,USD
2526,36,Business,360029.82,2015-04-10,Active,USD
2297,57,Business,286963.68,2024-12-30,Closed,USD
2029,20,Savings,451932.6,2023-06-16,Active,USD
3912,99,Loan,407190.94,2017-11-05,Inactive,USD
1135,47,Savings,284187.74,2018-09-24,Inactive,USD
2320,13,Savings,136532.72,2024-08-09,Closed,USD
4141,30,Loan,364986.09,2017-04-12,Closed,USD
1221,64,Checking,473446.29,2021-04-22,Closed,USD
4747,17,Loan,103774.45,2017-03-17,Inactive,USD
2088,5,Checking,374313.61,2023-07-04,Inactive,USD
2151,84,Business,168734.0,2024-02-27,Closed,USD
2016,78,Savings,417641.7,2023-04-10,Active,USD
1042,82,Checking,204656.71,2019-07-03,Inactive,USD
3106,15,Business,338250.99,2019-11-06,Inactive,USD
1465,81,Business,423708.18,2022-03-01,Closed,USD
4775,81,Savings,28461.85,2015-08-26,Closed,USD
1145,74,Loan,22325.27,2024-02-04,Closed,USD
3074,70,Checking,371109.42,2015-10-24,Inactive,USD
3232,14,Checking,252812.41,2019-11-13,Active,USD
2372,66,Business,333193.12,2019-09-24,Closed,USD
4116,58,Checking,20062.04,2019-08-09,Closed,USD
4599,17,Business,243995.86,2016-04-02,Inactive,USD
4217,2,Savings,62822.86,2023-05-25,Closed,USD
2263,75,Savings,41549.81,2015-09-16,Active,USD
2562,61,Loan,359268.32,2022-09-04,Closed,USD
2246,70,Business,201322.38,2022-02-23,Closed,USD
1083,75,Loan,245205.75,2021-06-10,Inactive,USD
4630,84,Checking,198340.75,2024-09-23,Inactive,USD
2497,7,Business,405198.6,2020-12-30,Active,USD
2020,45,Savings,86415.39,2019-01-10,Active,USD
1413,39,Business,51141.68,2020-01-25,Active,USD
1443,45,Checking,237025.83,2015-09-27,Closed,USD
2952,19,Checking,470636.92,2019-10-14,Closed,USD
4593,4,Savings,387342.28,2019-10-12,Closed,USD
1059,57,Business,383672.79,2021-02-03,Closed,USD
3827,61,Loan,420559.06,2015-07-18,Active,USD
2410,32,Checking,432766.58,2017-04-24,Active,USD
3120,72,Business,210131.56,2016-11-20,Closed,USD
2100,92,Business,116157.02,2022-06-18,Closed,USD
2639,93,Business,122126.47,2023-07-12,Closed,USD
4637,83,Checking,266612.44,2022-07-24,Closed,USD
3592,6,Checking,54060.81,2016-03-13,Closed,USD
3224,1,Savings,361443.63,2020-09-10,Closed,USD
2382,11,Business,426381.77,2017-06-18,Inactive,USD
1689,20,Savings,183931.22,2020-07-18,Active,USD
4426,71,Checking,186019.12,2018-03-31,Active,USD
3489,15,Checking,130602.87,2020-09-09,Closed,USD
1666,40,Loan,329611.13,2023-08-17,Closed,USD
3541,75,Business,432362.69,2020-06-02,Inactive,USD
4993,49,Savings,394990.26,2015-07-20,Active,USD
2742,55,Loan,339918.56,2019-11-03,Closed,USD
3897,90,Loan,366140.16,2015-05-13,Active,USD
4541,29,Savings,460109.39,2020-02-12,Closed,USD
3542,97,Business,283750.9,2017-11-15,Inactive,USD
2877,16,Loan,299851.9,2024-08-07,Active,USD
4177,13,Savings,257155.36,2021-09-23,Closed,USD
1781,91,Checking,183937.9,2015-06-14,Active,USD
1843,68,Checking,498842.0,2023-02-14,Inactive,USD
1418,100,Checking,430384.1,2020-04-07,Active,USD
3196,44,Loan,125440.08,2022-11-04,Inactive,USD
1485,20,Savings,151543.18,2015-09-30,Active,USD
3225,51,Loan,44940.98,2018-02-19,Inactive,USD
3803,11,Savings,36962.08,2021-12-13,Active,USD
4777,95,Savings,172870.71,2019-09-26,Inactive,USD
2915,81,Loan,453768.28,2021-12-22,Active,USD
1471,39,Savings,219793.56,2019-07-19,Closed,USD
4557,20,Loan,354587.86,2021-01-02,Inactive,USD
4218,88,Checking,101724.62,2021-07-20,Closed,USD
2515,91,Loan,435282.08,2017-06-29,Active,USD
1208,27,Savings,211903.29,2024-09-08,Closed,USD
2238,59,Checking,182737.32,2018-10-08,Closed,USD
3272,31,Checking,164851.8,2024-10-08,Closed,USD
2536,50,Savings,219539.3,2021-08-22,Closed,USD
4170,60,Savings,20897.99,2019-05-20,Active,USD
1567,34,Savings,494258.33,2018-01-24,Active,USD
2311,38,Business,179910.28,2018-07-05,Closed,USD
3709,17,Checking,31714.68,2022-11-24,Closed,USD
1969,33,Checking,483881.11,2019-12-26,Active,USD
1290,58,Loan,341272.63,2021-11-28,Closed,USD
1143,85,Checking,239780.05,2018-08-22,Inactive,USD
1811,39,Loan,65513.54,2019-02-15,Active,USD
2218,61,Savings,149093.59,2016-07-10,Active,USD
1303,47,Savings,197083.81,2020-07-11,Active,USD
3953,77,Business,398874.66,2024-04-08,Active,USD
3231,63,Loan,458501.56,2015-09-26,Active,USD
1478,61,Loan,314026.76,2019-01-15,Active,USD
3529,59,Checking,343654.01,2023-02-09,Inactive,USD
1734,100,Savings,14861.95,2024-07-17,Closed,USD
4938,92,Loan,361843.72,2020-10-02,Active,USD
2466,29,Checking,373185.37,2017-07-04,Inactive,USD
3414,28,Checking,176149.83,2024-11-19,Active,USD
1086,47,Loan,388195.2,2015-03-03,Active,USD
3431,88,Savings,317280.92,2020-09-13,Inactive,USD
3086,27,Checking,475670.58,2018-10-26,Inactive,USD
4384,59,Savings,443685.51,2021-09-05,Active,USD
3399,77,Business,328596.58,2020-09-02,Inactive,USD
4337,1,Business,335850.15,2016-02-02,Inactive,USD
4066,83,Checking,152850.29,2024-09-18,Inactive,USD
1294,55,Loan,266955.89,2021-03-29,Closed,USD
4529,52,Checking,133591.65,2015-05-19,Closed,USD
3170,31,Loan,9663.33,2024-04-04,Inactive,USD
4440,18,Business,86903.34,2022-08-10,Active,USD
4053,66,Loan,257504.64,2015-04-25,Active,USD
2335,5,Checking,345799.46,2018-07-14,Active,USD
4232,79,Checking,224027.47,2018-08-21,Inactive,USD
2486,48,Savings,499576.09,2018-01-17,Inactive,USD
4839,99,Business,318704.67,2020-09-20,Closed,USD
4195,45,Loan,198474.61,2025-02-14,Inactive,USD
1253,10,Savings,57478.51,2017-02-19,Active,USD
4696,64,Checking,425211.54,2018-02-03,Closed,USD
3306,85,Checking,65587.97,2015-11-17,Closed,USD
3132,57,Checking,404305.78,2023-03-21,Closed,USD
2416,25,Loan,197772.3,2020-02-28,Closed,USD
2842,38,Savings,86776.11,2021-06-12,Closed,USD
1320,34,Loan,257925.47,2020-02-19,Active,USD
2994,77,Loan,289319.36,2017-05-07,Inactive,USD
3969,13,Business,263743.57,2017-07-24,Active,USD
2086,67,Savings,271442.68,2015-10-18,Closed,USD
1332,42,Savings,471980.0,2020-09-30,Closed,USD
1866,79,Savings,254342.53,2023-02-16,Inactive,USD
2406,22,Loan,162039.37,2020-12-31,Inactive,USD
2232,52,Business,359314.75,2019-01-31,Inactive,USD
1082,59,Loan,380226.05,2018-10-20,Active,USD
1513,36,Checking,353638.29,2019-10-01,Inactive,USD
2859,47,Loan,430420.47,2015-06-27,Closed,USD
2811,14,Loan,38781.53,2017-05-02,Inactive,USD
2638,53,Loan,332157.9,2020-02-28,Closed,USD
3518,100,Savings,268062.75,2015-09-01,Inactive,USD
1800,6,Checking,90789.99,2023-10-24,Active,USD
3798,33,Business,54948.24,2023-09-17,Closed,USD
2804,11,Business,436355.77,2024-07-02,Active,USD
2859,57,Loan,80021.43,2016-01-14,Closed,USD
2694,27,Business,282588.35,2020-12-05,Active,USD
2180,11,Checking,436997.82,2018-01-04,Closed,USD
4306,47,Business,387122.08,2015-07-09,Inactive,USD
4095,30,Loan,458426.37,2018-10-29,Inactive,USD
4588,5,Loan,417698.14,2021-10-13,Active,USD
4906,2,Loan,424726.96,2021-11-24,Inactive,USD
2042,72,Savings,400433.22,2021-04-15,Inactive,USD
3833,100,Business,490051.13,2017-05-28,Inactive,USD
1794,19,Checking,122781.26,2016-09-18,Inactive,USD
4335,84,Business,2268.65,2018-08-11,Closed,USD
2732,1,Loan,343200.22,2015-10-01,Inactive,USD
3370,23,Business,320596.59,2023-01-03,Closed,USD
1965,37,Checking,380603.49,2025-02-07,Inactive,USD
4115,55,Loan,218277.06,2018-06-07,Inactive,USD
1248,42,Loan,332843.35,2020-09-09,Active,USD
4622,15,Loan,299715.8,2023-02-18,Closed,USD
4471,68,Business,402627.06,2024-06-03,Active,USD
3507,90,Savings,471395.2,2017-04-14,Active,USD
4770,62,Loan,176431.53,2020-10-06,Active,USD
4496,65,Checking,345080.65,2020-10-14,Closed,USD
2933,83,Business,263200.0,2021-05-19,Active,USD
2310,99,Checking,135151.52,2024-12-16,Closed,USD
2204,70,Checking,214394.2,2023-12-26,Closed,USD
4192,25,Loan,306560.41,2016-06-06,Closed,USD
3991,37,Checking,480411.45,2022-06-12,Inactive,USD
3174,73,Business,185450.24,2016-10-22,Active,USD
1679,27,Checking,424541.25,2019-11-12,Inactive,USD
4569,12,Business,268105.63,2023-07-04,Closed,USD
4009,79,Business,95352.79,2017-06-03,Active,USD
2790,84,Business,412042.19,2024-05-07,Inactive,USD
4502,63,Business,371094.19,2023-01-03,Inactive,USD
3435,77,Savings,341923.4,2017-04-26,Inactive,USD
2010,25,Loan,58630.85,2015-04-09,Closed,USD
3475,67,Business,121659.59,2023-02-18,Inactive,USD
4992,80,Savings,118912.51,2024-03-03,Inactive,USD
2377,100,Checking,391653.26,2024-08-31,Closed,USD
2720,32,Checking,446229.21,2023-04-26,Closed,USD
2799,83,Loan,190068.65,2016-10-05,Inactive,USD
1770,84,Loan,143203.96,2017-12-23,Inactive,USD
3217,74,Business,489415.95,2016-09-22,Inactive,USD
3027,58,Loan,343304.62,2021-12-10,Inactive,USD
2359,99,Savings,245794.01,2017-11-25,Active,USD
2127,18,Business,368614.48,2021-11-24,Inactive,USD
1842,100,Business,148860.74,2020-07-19,Active,USD
2545,10,Business,115380.02,2020-11-05,Active,USD
2350,62,Business,420973.77,2016-07-06,Inactive,USD
3567,23,Checking,384600.81,2020-08-27,Inactive,USD
4948,58,Loan,469.86,2024-03-27,Active,USD
2313,78,Savings,102470.12,2017-10-05,Active,USD
3322,50,Loan,91413.44,2020-06-16,Inactive,USD
1051,91,Checking,30363.16,2022-08-17,Closed,USD
4943,46,Checking,279066.53,2019-12-14,Active,USD
3684,26,Checking,260728.93,2019-03-06,Closed,USD
1255,11,Loan,446144.94,2024-03-14,Active,USD
4142,8,Business,435944.77,2018-01-08,Inactive,USD
1695,98,Checking,120094.69,2023-08-04,Closed,USD
1280,13,Savings,88215.6,2024-06-04,Inactive,USD
2184,33,Savings,116091.63,2025-01-11,Active,USD
3295,49,Business,116222.52,2016-07-02,Active,USD
2774,32,Business,331864.69,2023-08-28,Closed,USD
3181,15,Savings,48026.07,2025-02-04,Closed,USD
2356,47,Loan,325136.16,2015-06-02,Active,USD
2444,40,Business,320146.41,2016-06-06,Closed,USD
1104,32,Business,258043.91,2024-11-20,Active,USD
2529,32,Savings,446334.09,2018-01-22,Active,USD
3831,6,Checking,498202.19,2015-04-28,Closed,USD
4569,32,Loan,269945.39,2021-01-08,Active,USD
2510,47,Checking,178019.41,2017-05-26,Active,USD
4081,76,Savings,256354.2,2015-08-31,Active,USD
2895,93,Savings,480459.82,2021-01-17,Inactive,USD
2190,17,Checking,256600.47,2021-02-02,Active,USD
3276,96,Business,153921.8,2018-02-23,Closed,USD
3816,75,Savings,333644.03,2017-03-14,Inactive,USD
2213,6,Loan,72707.35,2015-07-26,Closed,USD
3697,7,Savings,299157.55,2023-07-07,Inactive,USD
2572,41,Checking,476935.27,2021-10-13,Active,USD
4811,85,Loan,8000.78,2022-08-23,Closed,USD
2758,82,Loan,137762.21,2024-01-06,Closed,USD
2951,62,Checking,367357.1,2019-10-03,Active,USD
4134,41,Business,193867.4,2023-04-26,Closed,USD
3131,55,Savings,98280.14,2015-11-16,Closed,USD
1835,79,Business,365750.05,2017-11-05,Active,USD
4633,57,Business,143724.18,2015-03-02,Active,USD
1628,52,Checking,298345.75,2024-08-20,Closed,USD
4651,93,Loan,391821.39,2017-12-29,Closed,USD
4495,84,Checking,130093.88,2017-09-25,Closed,USD
2475,42,Business,169794.7,2020-04-10,Closed,USD
1984,29,Loan,481896.81,2020-11-04,Closed,USD
2430,12,Business,313940.89,2021-05-19,Active,USD
2464,31,Checking,26943.19,2017-04-17,Inactive,USD
1587,29,Loan,480380.8,2020-04-29,Inactive,USD
2968,42,Loan,316439.8,2021-10-08,Inactive,USD
4281,36,Savings,470842.19,2017-02-06,Closed,USD
4089,81,Loan,352359.49,2020-05-31,Inactive,USD
4052,47,Savings,469654.35,2017-03-21,Closed,USD
4623,49,Loan,113096.9,2017-02-04,Inactive,USD
4810,23,Checking,252515.68,2018-03-20,Inactive,USD
3794,2,Checking,60012.08,2018-02-05,Active,USD
1978,69,Business,496115.01,2019-09-28,Closed,USD
1128,86,Business,368041.69,2017-04-03,Closed,USD
2668,37,Savings,236175.4,2022-11-22,Closed,USD
1005,91,Business,487106.77,2018-04-19,Inactive,USD
3064,10,Business,465283.48,2017-02-01,Active,USD
1627,4,Checking,234600.49,2017-03-20,Closed,USD
3194,28,Loan,364784.27,2018-04-26,Closed,USD
2680,33,Checking,439255.32,2024-02-29,Active,USD
2759,35,Savings,222407.6,2019-12-07,Active,USD
4544,89,Business,176701.56,2023-09-22,Inactive,USD
4484,10,Loan,448369.67,2023-05-17,Active,USD
2746,79,Business,377554.55,2019-11-15,Active,USD
2618,35,Loan,390441.65,2021-09-01,Active,USD
2873,3,Checking,150589.12,2017-06-18,Inactive,USD
1873,72,Savings,255204.44,2020-12-20,Closed,USD
1498,54,Checking,77393.15,2017-07-24,Active,USD
1035,73,Business,258979.05,2017-01-17,Inactive,USD
1816,100,Loan,266383.37,2024-10-02,Inactive,USD
3515,4,Checking,133572.57,2021-11-23,Active,USD
1663,53,Checking,404005.64,2018-12-07,Closed,USD
3295,25,Checking,182760.58,2022-07-30,Inactive,USD
2323,80,Savings,40071.61,2024-02-03,Inactive,USD
2231,98,Checking,151931.04,2020-06-01,Inactive,USD
2649,15,Savings,456002.45,2016-06-13,Active,USD
3153,26,Checking,201344.21,2020-02-11,Inactive,USD
4678,88,Loan,175973.74,2020-05-24,Active,USD
4368,52,Business,292305.85,2020-08-18,Active,USD
3728,8,Loan,20957.36,2016-07-07,Closed,USD
3005,20,Loan,354893.9,2022-03-28,Inactive,USD
3145,39,Loan,262136.07,2020-09-29,Closed,USD
1683,5,Savings,260690.05,2022-04-12,Inactive,USD
1057,38,Loan,311338.42,2020-10-17,Active,USD
1943,44,Loan,254301.2,2023-11-17,Active,USD
3242,92,Checking,404978.89,2020-08-23,Active,USD
4507,94,Savings,379079.24,2019-11-29,Inactive,USD
4408,68,Checking,279995.23,2023-11-01,Closed,USD
1021,39,Loan,446745.1,2020-04-16,Active,USD
4929,14,Loan,262820.13,2023-05-20,Inactive,USD
3126,65,Business,44844.69,2019-10-07,Active,USD
3397,26,Checking,234756.76,2022-05-24,Inactive,USD
1469,99,Savings,59437.18,2018-10-11,Inactive,USD
1308,84,Checking,286400.31,2025-02-02,Active,USD
1145,25,Loan,484140.79,2018-01-18,Closed,USD
2899,91,Loan,322738.65,2020-01-30,Active,USD
3009,43,Checking,218205.95,2024-07-20,Closed,USD
2468,50,Savings,472545.76,2024-02-15,Inactive,USD
1040,31,Loan,74828.45,2017-06-15,Active,USD
2588,43,Loan,428266.31,2015-06-15,Active,USD
3248,23,Savings,468419.58,2023-12-02,Inactive,USD
2504,4,Business,118824.35,2016-01-29,Active,USD
4784,83,Business,477868.94,2021-08-20,Inactive,USD
1966,3,Savings,270310.87,2018-06-12,Inactive,USD
2302,57,Loan,498899.72,2024-09-22,Inactive,USD
4773,98,Loan,400106.22,2016-07-08,Active,USD
5000,72,Savings,128061.46,2017-09-03,Inactive,USD
3000,2,Business,36469.26,2015-06-14,Inactive,USD
2306,98,Business,17857.32,2021-08-10,Active,USD
1310,92,Loan,352077.71,2021-06-30,Active,USD
2335,66,Business,343723.3,2020-10-18,Closed,USD
2171,85,Business,39482.43,2022-06-03,Closed,USD
2608,40,Checking,352529.74,2024-10-04,Inactive,USD
4090,17,Savings,169293.33,2020-10-15,Active,USD
2601,68,Business,126219.96,2021-08-27,Closed,USD
3347,86,Savings,93969.1,2024-10-13,Inactive,USD
4515,3,Checking,213585.77,2015-12-27,Inactive,USD
1527,22,Savings,104915.7,2015-07-26,Active,USD
4477,25,Business,494722.17,2016-01-14,Active,USD
3770,43,Business,239957.33,2023-11-24,Active,USD
3331,77,Business,108387.44,2015-07-30,Closed,USD
2970,55,Checking,378803.66,2015-10-04,Active,USD
1708,88,Loan,248278.0,2020-03-08,Active,USD
1607,30,Business,237745.05,2023-12-12,Closed,USD
1821,18,Loan,343016.74,2016-02-15,Closed,USD
4944,32,Loan,246814.26,2018-03-11,Closed,USD
3158,74,Savings,433909.62,2017-04-28,Inactive,USD
4987,68,Loan,339289.35,2017-10-03,Inactive,USD
4961,81,Savings,168584.99,2019-08-23,Closed,USD
3220,65,Savings,469756.4,2017-12-25,Active,USD
3829,10,Loan,234427.37,2015-09-12,Closed,USD
2210,16,Savings,193287.28,2016-10-18,Closed,USD
1036,46,Checking,232098.88,2024-11-14,Inactive,USD
4254,49,Business,245965.74,2020-07-27,Inactive,USD
2843,79,Loan,158939.27,2021-09-13,Active,USD
1942,65,Loan,374869.47,2017-06-15,Active,USD
3461,46,Savings,261123.71,2018-12-30,Inactive,USD
2489,36,Loan,224982.48,2020-09-17,Active,USD
1922,1,Checking,413180.64,2023-09-07,Closed,USD
3271,4,Business,150108.5,2018-05-23,Active,USD
4900,6,Savings,455719.49,2016-02-21,Closed,USD
1103,33,Savings,13721.97,2016-08-28,Inactive,USD
4404,98,Savings,159300.5,2015-07-03,Closed,USD
4756,26,Checking,329373.03,2024-11-05,Active,USD
3661,100,Business,219598.13,2020-01-14,Inactive,USD
1861,12,Checking,6138.3,2020-10-06,Active,USD
1731,68,Business,485610.97,2022-12-18,Closed,USD
4474,20,Loan,713.8,2015-11-05,Active,USD
3792,74,Loan,339461.1,2024-09-27,Inactive,USD
2637,85,Savings,300029.52,2015-03-19,Closed,USD
2642,84,Checking,47664.62,2021-02-02,Closed,USD
4609,81,Loan,876.84,2022-06-20,Closed,USD
1866,38,Checking,73871.65,2018-03-20,Active,USD
3845,18,Savings,489979.55,2019-02-03,Inactive,USD
2612,98,Checking,124504.4,2016-12-01,Inactive,USD
3703,23,Savings,6394.34,2023-06-04,Inactive,USD
4865,29,Loan,157940.43,2021-07-14,Inactive,USD
2796,60,Savings,202290.33,2017-04-04,Closed,USD
1423,95,Savings,396178.39,2020-02-13,Inactive,USD
1157,19,Savings,124632.23,2018-07-28,Inactive,USD
1887,33,Checking,123081.93,2022-01-07,Inactive,USD
3618,97,Savings,429212.94,2016-07-27,Closed,USD
4809,97,Business,235293.4,2017-09-03,Closed,USD
2265,45,Loan,13626.78,2018-12-30,Inactive,USD
2421,15,Business,380509.32,2022-07-16,Inactive,USD
3647,25,Savings,369532.03,2018-02-18,Inactive,USD
3223,14,Business,388202.76,2024-10-21,Closed,USD
1829,47,Business,376896.78,2020-02-06,Active,USD
3583,57,Savings,47588.32,2020-04-05,Closed,USD
2872,22,Loan,396411.68,2021-04-17,Active,USD
2434,71,Business,413777.16,2017-06-14,Inactive,USD
4886,4,Savings,393718.65,2024-08-05,Active,USD
1910,46,Savings,9919.85,2015-03-17,Closed,USD
1677,16,Savings,461013.82,2018-04-01,Inactive,USD
1571,87,Loan,132694.69,2023-02-03,Inactive,USD
2848,85,Savings,179708.72,2020-06-24,Inactive,USD
4880,11,Business,176386.09,2021-02-20,Active,USD
4160,89,Loan,435960.89,2023-09-19,Inactive,USD
2772,69,Checking,431046.78,2021-09-27,Active,USD
3016,59,Loan,226053.9,2023-04-08,Inactive,USD
2861,4,Business,434922.81,2019-11-22,Closed,USD
3823,73,Loan,396345.89,2015-06-19,Active,USD
4222,79,Checking,44196.32,2021-10-17,Active,USD
2505,26,Business,253929.14,2021-01-15,Active,USD
1960,68,Checking,401459.28,2019-09-14,Inactive,USD
1835,70,Savings,496259.16,2015-09-02,Closed,USD
1750,28,Business,77336.31,2021-04-27,Active,USD
2596,94,Loan,330507.83,2024-06-25,Inactive,USD
2538,80,Loan,467670.41,2021-03-19,Inactive,USD
2639,11,Business,238279.17,2019-11-29,Active,USD
2199,81,Checking,84676.37,2023-07-22,Inactive,USD
4631,47,Savings,20134.4,2018-07-05,Closed,USD
3999,35,Checking,330154.04,2020-04-24,Closed,USD
3468,75,Business,229461.01,2024-01-27,Active,USD
3557,47,Checking,491105.65,2017-01-15,Active,USD
3108,58,Loan,461934.99,2019-05-11,Inactive,USD
2535,85,Checking,299632.82,2015-05-03,Inactive,USD
2486,61,Savings,168344.11,2020-02-27,Active,USD
1232,49,Savings,34250.73,2021-04-23,Active,USD
3345,36,Loan,46202.36,2023-09-02,Active,USD
4927,89,Checking,62059.78,2015-09-29,Active,USD
3166,89,Checking,89131.52,2017-05-12,Active,USD
1423,34,Business,469501.96,2019-08-08,Closed,USD
3192,74,Checking,245293.68,2017-12-17,Inactive,USD
3316,2,Loan,130425.17,2022-05-16,Active,USD
2169,85,Checking,445390.82,2020-09-16,Inactive,USD
4614,47,Checking,300030.48,2020-05-18,Inactive,USD
1964,87,Business,404352.41,2023-03-29,Inactive,USD
4950,94,Business,164803.34,2020-04-09,Active,USD
3435,99,Loan,314801.7,2024-11-25,Inactive,USD
2098,54,Savings,410272.49,2018-09-17,Inactive,USD
4491,62,Checking,372632.02,2019-04-30,Closed,USD
2140,80,Savings,114587.5,2017-05-15,Active,USD
4428,23,Savings,41790.63,2024-10-20,Inactive,USD
3366,64,Savings,137311.82,2022-04-26,Inactive,USD
2976,72,Business,350874.41,2020-04-26,Closed,USD
3167,25,Business,12999.62,2017-09-06,Closed,USD
2127,7,Business,477186.79,2016-09-26,Inactive,USD
2614,94,Savings,349570.61,2018-02-25,Closed,USD
1707,13,Business,291870.76,2020-07-10,Active,USD
4421,60,Business,423535.69,2024-01-11,Active,USD
4570,97,Loan,420298.89,2023-10-02,Active,USD
3628,26,Savings,279029.9,2017-11-23,Active,USD
2703,2,Savings,320846.1,2018-10-02,Inactive,USD
4368,11,Checking,182781.13,2024-11-19,Closed,USD
2379,9,Checking,105510.05,2018-05-11,Active,USD
3187,82,Checking,483846.18,2016-09-23,Active,USD
2582,47,Loan,223287.74,2024-06-05,Closed,USD
3068,42,Checking,396977.76,2015-06-09,Inactive,USD
3142,58,Business,175883.02,2024-07-04,Active,USD
4710,71,Savings,217676.2,2016-03-24,Closed,USD
3655,57,Business,65290.16,2016-06-15,Inactive,USD
2184,100,Loan,82396.49,2019-03-26,Active,USD
1038,73,Checking,465136.22,2024-12-14,Active,USD
2671,13,Savings,363904.0,2017-05-03,Active,USD
2039,12,Checking,384339.13,2020-10-25,Inactive,USD
1235,90,Savings,425755.06,2021-07-26,Active,USD
2615,54,Loan,466979.41,2023-04-12,Closed,USD
1184,3,Business,394883.73,2020-05-19,Closed,USD
4593,44,Savings,254639.53,2016-01-04,Inactive,USD
4737,99,Business,367958.85,2017-11-03,Active,USD
4185,72,Checking,255745.28,2021-02-16,Inactive,USD
2336,83,Checking,471275.13,2021-04-06,Active,USD
1280,87,Checking,347001.42,2017-06-29,Active,USD
1025,34,Checking,380803.54,2021-07-06,Active,USD
4152,97,Loan,261014.89,2016-12-22,Closed,USD
2354,1,Savings,272538.06,2023-03-29,Closed,USD
3952,18,Savings,492840.16,2020-03-03,Closed,USD
4524,29,Savings,192286.79,2021-01-14,Active,USD
4612,37,Business,235310.85,2020-07-01,Closed,USD
4998,12,Loan,375040.49,2018-10-30,Active,USD
1010,94,Business,38455.92,2023-04-12,Inactive,USD
2921,62,Savings,222398.65,2021-03-11,Inactive,USD
1607,67,Business,229510.92,2023-03-11,Active,USD
2670,36,Business,234026.63,2023-04-21,Active,USD
1785,61,Savings,203748.5,2021-06-22,Active,USD
1957,58,Business,227344.98,2019-07-16,Active,USD
4225,70,Savings,154294.83,2023-08-02,Active,USD
3879,41,Business,208736.93,2019-07-19,Inactive,USD
3982,20,Loan,213881.59,2019-04-22,Active,USD
1805,66,Business,57578.47,2015-07-11,Inactive,USD
4205,10,Savings,409035.21,2017-01-18,Inactive,USD
2851,60,Business,489689.64,2016-03-06,Active,USD
2753,30,Business,254511.2,2023-02-04,Closed,USD
1708,86,Business,106751.31,2020-12-24,Inactive,USD
4324,41,Savings,251301.92,2017-08-16,Active,USD
4073,61,Savings,324636.46,2023-03-09,Inactive,USD
3127,58,Loan,440206.03,2021-10-08,Active,USD
2174,11,Loan,14066.0,2023-04-03,Inactive,USD
4865,60,Business,353969.66,2023-09-07,Closed,USD
1557,2,Savings,76662.62,2022-05-21,Inactive,USD
1010,46,Savings,284515.12,2017-05-07,Closed,USD
1282,9,Savings,223142.01,2018-10-12,Active,USD
1904,24,Savings,353097.61,2017-03-07,Active,USD
2774,98,Loan,358226.73,2024-10-02,Active,USD
3037,10,Business,187753.43,2024-10-15,Active,USD
4824,18,Savings,310346.22,2020-04-24,Active,USD
3853,38,Checking,173524.78,2016-10-24,Active,USD
3130,84,Checking,29018.53,2018-04-13,Closed,USD
4056,34,Savings,263633.59,2020-09-28,Inactive,USD
2648,53,Business,26901.3,2016-11-23,Closed,USD
2721,2,Loan,499727.34,2018-12-29,Closed,USD
1695,4,Loan,214826.0,2019-01-03,Closed,USD
2883,33,Loan,292464.51,2023-10-10,Active,USD
3398,95,Loan,99890.48,2023-07-15,Active,USD
2452,48,Loan,429066.49,2017-08-01,Closed,USD
2993,33,Loan,451808.67,2023-06-08,Closed,USD
3592,95,Checking,121366.69,2016-05-01,Active,USD
1313,37,Business,276611.97,2021-10-13,Inactive,USD
1499,90,Loan,174811.91,2022-11-16,Inactive,USD
3684,96,Loan,31985.75,2023-03-26,Closed,USD
2239,88,Business,247754.46,2015-03-24,Active,USD
3456,62,Checking,209905.89,2020-03-22,Closed,USD
3335,81,Loan,51312.82,2020-10-20,Inactive,USD
1956,81,Savings,83231.81,2022-07-18,Inactive,USD
3572,1,Checking,239515.49,2020-02-29,Active,USD
1923,14,Business,385049.41,2020-05-29,Inactive,USD
1912,60,Business,214552.42,2023-11-29,Inactive,USD
2806,42,Checking,445066.14,2018-10-31,Closed,USD
2167,94,Loan,448270.71,2022-08-19,Closed,USD
4348,50,Savings,64271.27,2020-06-03,Inactive,USD
1546,78,Loan,377557.53,2022-02-03,Active,USD
1888,63,Checking,178267.55,2015-05-30,Active,USD
1643,25,Checking,148265.11,2018-02-03,Closed,USD
1920,10,Checking,171771.82,2018-09-28,Active,USD
1129,67,Checking,149685.01,2022-11-03,Inactive,USD
1808,85,Savings,456267.54,2016-06-27,Active,USD
3189,86,Business,351271.83,2018-05-20,Active,USD
2942,97,Checking,281675.54,2015-05-14,Active,USD
1756,77,Savings,162714.32,2021-07-05,Closed,USD
4129,57,Checking,241986.72,2021-05-15,Inactive,USD
1089,71,Business,486275.15,2017-11-22,Inactive,USD
3486,7,Savings,247717.72,2015-07-08,Closed,USD
1749,27,Business,116615.3,2019-11-09,Inactive,USD
4455,98,Business,279953.35,2020-06-12,Inactive,USD
2553,74,Savings,142302.74,2022-09-07,Closed,USD
4506,63,Loan,375314.72,2016-08-09,Inactive,USD
3417,94,Loan,496730.69,2019-07-18,Closed,USD
3583,31,Loan,482311.31,2023-02-28,Closed,USD
2922,43,Loan,243254.67,2019-04-30,Active,USD
3102,97,Checking,434313.86,2016-02-23,Active,USD
4992,69,Business,442815.63,2024-04-04,Inactive,USD
4784,9,Loan,155067.78,2023-10-08,Inactive,USD
1874,68,Checking,245306.35,2025-02-12,Active,USD
2183,21,Savings,433744.69,2021-09-01,Active,USD
2398,41,Checking,392861.38,2020-05-10,Closed,USD
4805,14,Loan,384988.0,2022-06-30,Closed,USD
3929,83,Checking,105975.59,2016-06-03,Inactive,USD
2519,59,Savings,288551.9,2022-11-22,Closed,USD
3962,100,Checking,116981.04,2018-04-02,Inactive,USD
1311,62,Savings,169002.9,2023-02-02,Closed,USD
1534,71,Savings,172477.68,2024-11-16,Inactive,USD
3593,51,Checking,464006.11,2023-10-08,Active,USD
2766,6,Loan,78481.88,2019-03-02,Active,USD
2317,49,Checking,211028.72,2018-09-01,Closed,USD
3349,1,Checking,490596.31,2016-12-06,Closed,USD
1910,84,Checking,4056.65,2018-01-12,Active,USD
3930,22,Business,56866.97,2016-02-23,Closed,USD
3657,51,Checking,448751.63,2015-04-24,Active,USD
1744,58,Checking,258668.66,2016-02-25,Active,USD
3292,86,Business,166093.3,2019-01-10,Closed,USD
1234,80,Loan,266381.8,2016-08-14,Active,USD
1487,43,Savings,471411.07,2015-09-15,Active,USD
4606,91,Checking,451296.31,2019-09-28,Closed,USD
4516,94,Savings,324406.17,2024-09-27,Closed,USD
3030,37,Loan,270551.47,2016-05-01,Active,USD
2019,66,Savings,160522.31,2025-01-12,Active,USD
1524,56,Savings,324762.35,2025-01-17,Inactive,USD
4949,77,Business,310698.63,2020-10-16,Closed,USD
2450,20,Savings,348248.7,2024-02-09,Active,USD
4343,99,Loan,300161.18,2020-06-13,Closed,USD
1793,42,Checking,378.32,2022-03-09,Inactive,USD
1905,18,Checking,286440.96,2024-12-14,Inactive,USD
2583,88,Loan,210433.69,2023-06-12,Active,USD
4290,16,Savings,271622.7,2017-01-24,Closed,USD
2000,96,Loan,22969.02,2016-11-18,Inactive,USD
4065,72,Checking,302961.86,2019-04-24,Active,USD
2425,92,Business,385227.45,2021-11-20,Inactive,USD
4559,32,Checking,399024.76,2022-05-27,Closed,USD
4995,68,Business,87350.97,2016-03-06,Inactive,USD
3978,22,Loan,248113.69,2023-08-06,Active,USD
1456,41,Savings,330169.86,2021-08-03,Inactive,USD
2986,17,Checking,461416.39,2024-11-07,Active,USD
4012,11,Checking,70286.54,2023-09-28,Inactive,USD
2658,40,Checking,66095.46,2019-07-03,Inactive,USD
2151,23,Business,227068.47,2020-02-26,Closed,USD
1259,68,Checking,484609.99,2019-05-24,Active,USD
1449,29,Savings,33297.88,2019-04-06,Closed,USD
4479,21,Savings,337430.31,2022-05-02,Active,USD
2992,12,Loan,325127.44,2015-09-18,Active,USD
2243,34,Loan,10278.27,2019-03-11,Active,USD
4846,51,Business,166686.8,2020-04-02,Active,USD
4227,70,Savings,110896.63,2018-02-18,Inactive,USD
4724,2,Savings,132910.24,2017-08-07,Closed,USD
3312,23,Checking,486454.26,2019-11-16,Active,USD
4306,88,Business,355170.71,2022-06-23,Active,USD
1933,88,Loan,194920.19,2016-08-21,Inactive,USD
4167,16,Loan,464800.5,2016-06-20,Closed,USD
3836,24,Loan,36822.41,2016-10-12,Inactive,USD
2961,68,Checking,410668.26,2024-10-28,Closed,USD
3215,28,Checking,463012.64,2017-01-15,Inactive,USD
2189,85,Savings,328857.6,2023-02-07,Active,USD
2874,10,Savings,52334.82,2017-03-02,Inactive,USD
2852,27,Savings,294862.21,2016-12-18,Closed,USD
2052,53,Loan,13538.6,2021-06-04,Inactive,USD
4610,73,Checking,175890.81,2024-01-17,Inactive,USD
2216,15,Checking,477964.9,2018-07-14,Active,USD
3824,77,Loan,464523.26,2019-05-26,Inactive,USD
3214,93,Loan,393670.16,2019-02-03,Closed,USD
3780,48,Business,29014.14,2017-07-03,Inactive,USD
2786,39,Loan,168971.14,2024-07-12,Inactive,USD
4881,1,Checking,38745.16,2019-02-09,Active,USD
2044,23,Savings,437728.2,2023-11-18,Inactive,USD
1797,79,Loan,108958.56,2018-06-07,Closed,USD
4811,48,Business,272395.98,2022-06-30,Closed,USD
1058,93,Business,251396.5,2015-07-18,Active,USD
1587,8,Savings,38930.7,2024-06-29,Active,USD
1327,89,Savings,414599.77,2021-12-18,Inactive,USD
1680,94,Loan,478195.7,2021-09-18,Closed,USD
3583,80,Loan,433140.38,2020-01-16,Inactive,USD
3134,35,Business,284714.04,2024-08-23,Active,USD
2283,89,Checking,172606.35,2017-02-28,Active,USD
3097,67,Savings,32704.11,2020-04-11,Active,USD
3565,93,Savings,439513.0,2022-08-11,Closed,USD
3120,32,Savings,75003.65,2015-09-22,Active,USD
1577,9,Loan,281862.48,2023-03-03,Inactive,USD
3113,57,Savings,465174.45,2020-11-24,Active,USD
4785,88,Checking,461417.01,2023-04-14,Closed,USD
3184,26,Checking,9006.01,2021-11-11,Active,USD
2740,25,Checking,91245.76,2022-01-16,Inactive,USD
3925,20,Business,145345.45,2023-07-02,Closed,USD
4698,76,Checking,256106.72,2019-02-17,Closed,USD
2738,14,Loan,393116.51,2018-12-07,Closed,USD
2343,85,Savings,325586.7,2017-12-03,Active,USD
2225,83,Savings,433707.86,2017-05-11,Closed,USD
2136,69,Business,134294.81,2017-12-19,Inactive,USD
4486,5,Savings,463316.94,2018-01-28,Inactive,USD
4585,43,Loan,306567.9,2021-02-13,Closed,USD
1159,64,Loan,391855.51,2022-12-16,Closed,USD
2404,98,Business,133610.23,2020-03-06,Closed,USD
3511,15,Checking,123047.22,2018-09-17,Inactive,USD
1039,81,Business,452789.16,2022-06-10,Closed,USD
2456,28,Checking,400931.32,2024-06-24,Closed,USD
1865,35,Savings,442784.04,2022-09-03,Active,USD
2069,42,Checking,453016.47,2021-04-29,Closed,USD
1219,50,Savings,368613.68,2023-05-26,Active,USD
2337,61,Checking,381186.73,2019-08-05,Inactive,USD
2693,68,Business,434960.89,2019-02-19,Inactive,USD
1738,91,Business,215709.11,2019-04-12,Active,USD
2369,38,Business,74769.18,2021-02-25,Closed,USD
2177,45,Checking,439955.39,2017-05-12,Active,USD
1148,28,Checking,324083.57,2019-07-12,Active,USD
2937,21,Checking,436087.92,2021-11-15,Closed,USD
2133,4,Business,130571.26,2019-06-19,Active,USD
1873,16,Checking,135551.5,2021-12-12,Active,USD
3462,65,Savings,267899.26,2017-04-01,Closed,USD
4527,40,Loan,293629.05,2020-01-05,Active,USD
3380,24,Savings,439162.96,2023-02-16,Inactive,USD
3960,22,Business,125935.44,2017-07-25,Active,USD
4716,74,Savings,497215.1,2023-02-23,Active,USD
4010,86,Business,393479.91,2022-09-12,Closed,USD
4496,31,Checking,105810.76,2015-04-11,Inactive,USD
3485,93,Loan,115771.38,2021-04-11,Closed,USD
1571,8,Checking,272938.29,2022-05-16,Closed,USD
4828,65,Savings,78046.0,2022-08-21,Closed,USD
1171,93,Loan,51109.79,2020-01-28,Active,USD
2772,7,Savings,82487.55,2016-05-28,Closed,USD
2654,9,Savings,773.54,2017-09-28,Active,USD
3220,37,Business,199117.39,2017-10-14,Active,USD
4413,18,Loan,119106.78,2015-07-26,Active,USD
