Customer_ID,Document_Type,Document_Number,Verified_By
54,Passport,5GN6DHH15UDK,KYC Specialist
546,Driver License,SF1C5L5VGT2Z,Automated System
542,National ID,JOI2OCF4SUJ0,Automated System
758,Passport,KM30I2HIBCHB,KYC Specialist
231,Passport,PPYMHJU5DYE9,Bank Officer B
942,Passport,0DIIYEELE3TT,Automated System
299,National ID,G4ZNWDZM9KP9,Bank Officer A
57,Driver License,CW2PYX9RHV41,Bank Officer B
908,National ID,NCYARWSWXSBE,Bank Officer A
621,National ID,TP8BY7QERBKM,Bank Officer B
7,Voter ID,2IS8838GY2R1,Automated System
940,Passport,A1L50HYJQ4KQ,Automated System
904,Driver License,L6AZ7XWTFJ61,Automated System
592,Driver License,I8DXJEVN7PUP,Bank Officer A
652,Voter ID,M7H4LYEPHK91,Bank Officer B
268,Voter ID,T4D3AIONW1FL,Bank Officer B
995,Passport,EOW28YLWQH8M,
453,National ID,Q3CLG5PN6RL4,Automated System
594,Voter ID,6GKN7M92P2NF,Bank Officer B
841,National ID,F5XV4EJJ1ZNL,
184,Passport,FW3KH089ZZ7M,
179,National ID,1PP17FT3Y0N8,Bank Officer A
81,National ID,PCR625SVX5CQ,KYC Specialist
351,Voter ID,XESCE87VB22C,KYC Specialist
694,Passport,33LT8JGUEGS3,Automated System
81,National ID,QS7EYFZ6K5IM,Automated System
630,Voter ID,9AX6L99FMMII,Automated System
991,Passport,R9JJ7JTXW4QW,Bank Officer A
499,Voter ID,038FEGZNXTEX,KYC Specialist
405,Voter ID,WA3B988F2LMU,KYC Specialist
229,Driver License,COT3TET5QJ8S,Bank Officer A
341,Voter ID,3JL7FMPDX1O1,Bank Officer A
37,National ID,SFHVJDREM1U9,Bank Officer B
368,Voter ID,JQH0WJPAX6HM,Bank Officer A
398,National ID,I9C3V4YUZMI0,Bank Officer B
492,National ID,U2XSTGIN4RSQ,Bank Officer A
703,National ID,OT1G1LNTCF65,Bank Officer A
449,Passport,IWD755Z7JG6O,Bank Officer B
826,Passport,8U55J5DC68RR,Bank Officer A
138,Passport,ZPC0CINS9B7U,Bank Officer B
380,National ID,IV9YC90NKCL1,Bank Officer A
749,Driver License,6E4B148Q3IE0,KYC Specialist
138,National ID,RMAQG6OOGZM0,Bank Officer B
168,Driver License,WN4D31QSXMYM,Bank Officer A
696,National ID,5E04Q2CGL61N,
506,Driver License,LSIXXYHYMD3T,KYC Specialist
506,Voter ID,295NP8O9IG6Y,KYC Specialist
639,National ID,W5V7KXYSWW0U,KYC Specialist
638,Driver License,P07IH7FCLLYY,Bank Officer B
270,Driver License,3T9JSP9E1E23,
614,Driver License,SZXOSSWYW59I,Bank Officer B
45,Voter ID,3MX0JRUUETKG,KYC Specialist
387,Driver License,QB5TP2U6XWYX,
143,Voter ID,KBYCUWHYBJ2N,KYC Specialist
726,Passport,B41NS7LBY22Q,Automated System
638,Passport,SNAOLLKRO0UY,KYC Specialist
232,Voter ID,20SUODO288BK,
841,National ID,PRMCXD4U2H7K,KYC Specialist
476,Passport,P8F514WX6MQH,Bank Officer B
530,National ID,1RCC48ZC8R5A,KYC Specialist
360,Voter ID,2U255NB4S5RS,Bank Officer A
831,Voter ID,F485JLYDBT4H,
722,Voter ID,QSPO5D8D5XW2,KYC Specialist
997,Driver License,CS2YKFKYW9WQ,Automated System
141,Passport,YKGK2ZC9YEVO,Bank Officer A
632,Passport,IKWW0A193AL0,
700,National ID,Y0837B0EQ8GI,Bank Officer A
683,Voter ID,ZT150ZIIAW6K,Automated System
640,Voter ID,9YJB9Z04DXGM,Bank Officer A
506,National ID,YE34XA9XB5DB,Bank Officer B
378,Driver License,AIY7E60X1G48,KYC Specialist
653,National ID,GZK2UY47RSEQ,Automated System
576,Driver License,R1ICN109E5TT,Bank Officer B
725,National ID,F8W62OH2YX73,Bank Officer A
557,Driver License,NQ2R24D46VDV,Bank Officer B
218,Passport,1HBWRU58IJU6,Automated System
858,Voter ID,JCR9TCXD24ZG,Automated System
165,Passport,BH8NZ4FU0O3V,Automated System
953,Driver License,LHK055L4BTHA,Bank Officer A
457,Driver License,SQS3MK54KWLY,KYC Specialist
454,Passport,U2OUQLHBDJQQ,Bank Officer B
592,Passport,1JYEGTL5KLR2,Bank Officer A
874,Voter ID,WKFCOIUMDWW7,Bank Officer B
360,Driver License,I3M7WXZZIUPS,Bank Officer B
705,Voter ID,RMMLNHZR76VY,Bank Officer B
46,National ID,CAMIUC9Z6BTI,Bank Officer A
976,Voter ID,TJD9Z9IUTR5J,Automated System
495,National ID,GC53UMUAXM55,KYC Specialist
724,National ID,F8HZ6QESUPN0,KYC Specialist
273,National ID,662VECKA0XAZ,Bank Officer A
224,Driver License,IUOIH1Z0GUSH,Automated System
132,National ID,CYGORHR3KV7F,Bank Officer A
787,National ID,RAOCJVTVJG7G,Bank Officer A
686,Passport,9IAH1U8EM3JI,Bank Officer B
551,National ID,BIMDEUU7786K,Automated System
798,National ID,Q1YZG70ZSZDQ,Bank Officer A
324,National ID,X7EE5BPH0KMR,Bank Officer B
587,Driver License,1P19DP4K1JJD,Automated System
433,Voter ID,I59CW61S23JO,Automated System
614,Passport,B8N98F8G40WN,Automated System
617,Passport,GFG92N7NDPSW,Bank Officer A
125,Voter ID,LI7K8KPY6PL9,Bank Officer B
721,National ID,QLQ5COFTTP30,Bank Officer A
481,Passport,C7NL7JYIUR4I,Bank Officer B
184,Voter ID,JL0LLT88F3N3,Automated System
754,Voter ID,WCMFOWNYBOUU,Bank Officer B
411,Driver License,S50K1QNBOWN4,Automated System
379,Driver License,DHT96PVNFPJ1,Bank Officer A
275,Passport,H4QEOMX2K42L,
610,Passport,6PFW1XULIMVG,KYC Specialist
728,Driver License,UNELKEYQ48N2,KYC Specialist
547,Voter ID,9KLQQJ96NA0Y,
296,Driver License,0MVAPML2MRZP,Automated System
291,Driver License,AM1DYSOPL2QL,Automated System
651,National ID,BJZEC2LZVIFC,Bank Officer B
501,Voter ID,1WW2O3A7SW33,
703,Voter ID,CQIJJ484CG8U,Bank Officer B
344,National ID,JQPRM4C4ADR4,KYC Specialist
74,National ID,ZMHDG7JUCO90,KYC Specialist
845,Voter ID,IJZAWMPYOKGH,Bank Officer B
820,Voter ID,6WYL4CL2RYH9,Bank Officer A
519,National ID,44V7E8GSGG6A,Automated System
76,National ID,KK2KSQY84ADT,Automated System
79,Driver License,P93N24P3VN4O,Bank Officer A
49,Passport,R766LPLJJFN1,Bank Officer B
569,Driver License,DZFTL1INNL1P,Bank Officer B
585,Driver License,RKK3TVAS2232,
322,Voter ID,N43D91LCJHJY,KYC Specialist
848,Driver License,NNFXL09S6BJH,Automated System
30,National ID,61NKSIMHWPXA,Bank Officer B
338,Driver License,1XYYWN1R68SO,Bank Officer A
99,Driver License,1188M15V13NN,Automated System
965,Passport,IMAHAQUYDC8D,Automated System
335,Passport,C597ZNOMHFBH,KYC Specialist
72,Driver License,CRV3AOZK2UGQ,Bank Officer A
137,Driver License,KJ6K6F9KXN3Y,KYC Specialist
483,National ID,7CAN1WRJNM04,Bank Officer A
345,Voter ID,5XU5SID13DU6,Bank Officer B
823,Passport,XTI6O96DGX6Z,Automated System
327,Driver License,NFV5DHJ3JTNK,Automated System
565,National ID,MN70UPJ6KRWQ,Bank Officer B
897,Passport,B24IBFFIQBG8,Bank Officer A
379,Driver License,04J939ZFHGYS,KYC Specialist
630,Driver License,OF2I2V4GLF69,Bank Officer A
448,Passport,CQO5YIFLPCPX,KYC Specialist
363,National ID,NH4NNFKBL5I6,Bank Officer A
759,Driver License,W2RCUAYN3VA6,KYC Specialist
232,Passport,VNQ5KC3PCFJ9,Automated System
130,Driver License,DWNV68L707JP,KYC Specialist
632,Voter ID,AV82QH7P3SPX,Automated System
880,National ID,FEIFAFCNXNPM,Automated System
289,National ID,95K3VVQIVMK4,Bank Officer B
121,Voter ID,X6W6NVJWGI9L,Bank Officer B
237,Voter ID,5H75NH0Z0127,Bank Officer B
134,National ID,LOPE78IRGKM4,KYC Specialist
448,Driver License,RS3JDPI9CR57,Bank Officer B
750,Passport,G907H7SX6F9L,KYC Specialist
849,National ID,K8PMP8RY1BQ9,Automated System
655,Voter ID,LDO3OSHJMPXU,Automated System
3,National ID,DZZSO503S0JS,
752,Driver License,2QBXA3Z9ZY96,KYC Specialist
415,Passport,0S1NTF8LGP2Q,Automated System
738,Voter ID,CTOWLUKDOK9O,KYC Specialist
80,National ID,L1GVZ0RNSDAU,KYC Specialist
654,Driver License,L4EYAPR420YF,Bank Officer B
10,Voter ID,KBZPBS2ZGYVB,Automated System
856,Passport,1FRHQXNZMIFT,KYC Specialist
840,Driver License,HHUICLVUMUG0,Bank Officer B
720,National ID,FL4SFKYNSJ6E,Bank Officer B
767,Driver License,LK8EMKL5QWFO,Bank Officer A
398,Passport,DJM5BTN15373,Bank Officer B
184,Driver License,5ZEYD81J76US,Bank Officer A
55,Passport,6CADWM5FR4FA,Bank Officer A
342,Driver License,E1OZMNYVQV9N,Automated System
50,Driver License,IQ9Z7N4XOP7M,Automated System
109,National ID,ULXH3QXZHIOC,Automated System
932,National ID,TYNL3JOQ9TG8,KYC Specialist
329,Passport,0MGV322ONXKL,KYC Specialist
372,National ID,W4GFP1KX296H,Bank Officer B
692,Voter ID,NNM2QQNMJGXY,KYC Specialist
192,Passport,F956GARDRBGX,Bank Officer B
88,Passport,SGN0109YW5MB,Bank Officer A
889,Voter ID,1214NZD37CBT,KYC Specialist
20,Passport,54QWVRS2NKZB,Bank Officer A
143,Voter ID,EZ5USAG97IXZ,KYC Specialist
152,Passport,WGL4YP64VAUE,Automated System
133,Passport,C1R4ISEVLGN2,
272,Passport,50YE49ZCX6BP,Bank Officer A
987,Driver License,7HV1DRBBH0WN,Automated System
786,Driver License,2Q2LJAXOGH9P,Bank Officer A
694,Voter ID,RWBKI05PH1IQ,Automated System
57,Passport,44ZIVTT95CM0,Bank Officer B
563,Passport,JCOHLZ8V68D3,Bank Officer A
460,Passport,R66TK1WOHW3H,Automated System
293,National ID,B6VDVW5JZV2S,
381,Voter ID,WZMMOSVWU37V,Automated System
420,Passport,J3UAZRICYUBJ,Automated System
420,Passport,MN3ID97YC8QR,Automated System
970,Voter ID,AOG8NEWKMM4E,Automated System
305,Passport,1L9NQKAEFMKI,Bank Officer B
733,Passport,QWFMPZPVHS9L,Bank Officer A
751,Driver License,UPPAJ26YAL3Q,Bank Officer A
62,National ID,46KYIXCD0W1X,Bank Officer A
905,Passport,1L33UW0M0MP5,Bank Officer A
411,Driver License,ZASS0QBUFZDM,Bank Officer A
66,National ID,QNFTCH4HOQUU,Automated System
103,National ID,U4KDFVA6ZWGM,Automated System
846,National ID,KSVGZUJ5IACT,Automated System
144,Passport,T67NI3PDXYZV,Bank Officer B
640,Voter ID,CT92PDDV72FV,Bank Officer A
21,Passport,R72TC1B2IMDE,Bank Officer A
73,National ID,X0WAT466XW3R,Bank Officer B
123,Passport,9UD187DLM771,Automated System
924,Passport,K0N30UAWDEFP,KYC Specialist
100,Voter ID,LQ6Q8SNHVWCS,Automated System
385,Voter ID,Y5XT2E9ZHL9F,Bank Officer B
81,Passport,THRF4LUYZUQ5,
797,Driver License,EHH6RG6K5A4U,
559,Voter ID,UCYRD7R1P78V,
419,Voter ID,UJ7O0LU184JC,
853,Passport,VVJU1YSQU5RJ,KYC Specialist
667,Driver License,HOX0VPC1ZZX6,KYC Specialist
922,Voter ID,YURXJX7UYNEB,Automated System
715,Passport,F7YF3G96K7Y9,Automated System
26,Voter ID,YOA4V6JWDBN3,Bank Officer A
263,Driver License,0OMS0460MBZ9,KYC Specialist
372,National ID,QTT7XQXXI5AJ,
841,Voter ID,HIPT23E2LBQB,KYC Specialist
94,Driver License,AOBD0VUV1L61,
920,Voter ID,AFQHLRS60VT7,KYC Specialist
331,Passport,LHVDJTRDQS8W,Automated System
721,Voter ID,6M4FABS1EAHK,Bank Officer A
260,Passport,AFW85ZD8WANW,Bank Officer A
195,Voter ID,ENUSI6CB1CGE,KYC Specialist
395,Passport,PCU16ZE3J7NJ,Bank Officer A
770,Passport,T6G1U9SQ78V3,Automated System
131,Driver License,WXEMZ0S12LBU,KYC Specialist
419,National ID,RGLGVJ1OK906,Bank Officer A
817,Passport,FS6VIEBQZJ80,Automated System
480,National ID,TLUVTJYCCP35,Automated System
723,National ID,7SFMNFI7FJO4,Bank Officer B
618,Voter ID,0P1SLZ90DFUZ,Bank Officer A
806,Driver License,Z17X5J0Q6NHT,Bank Officer B
558,Voter ID,K9Q7X57F3GLC,Bank Officer B
510,Driver License,MJKDZ26UUCCC,Bank Officer A
373,Driver License,R3AB9GH3I0F1,
269,Passport,ZVY3YQ34E1WK,
911,Driver License,BZDYKHOZE20Q,Bank Officer A
559,Voter ID,IG8S8JX774XI,Bank Officer A
1000,Voter ID,ALX7JL17C52I,
389,Voter ID,LI0UE8QQVH0X,Bank Officer B
6,Voter ID,HGHNKG9O22E6,Automated System
876,Voter ID,OI7GXDQ1Z32A,Bank Officer B
110,Voter ID,A8H3H751WY4T,Automated System
465,Voter ID,UEIAW4TFUXTJ,KYC Specialist
218,Passport,V1LW0AILBNPH,Bank Officer A
591,National ID,NXN5V19WY6Z0,Bank Officer A
788,National ID,3PROZ8LDK4YY,KYC Specialist
221,Voter ID,CZF3CTGZJUIY,Bank Officer A
459,National ID,FANH2OG92JGS,
77,Passport,XBCYVPQCB7NI,
366,Voter ID,50XLH95P7GS8,KYC Specialist
265,National ID,23JV82XP17P2,
146,Driver License,FQNTN0NGOFU5,KYC Specialist
909,National ID,N9ABXUPMG4HN,
470,Driver License,SCYCSY1SM1X6,KYC Specialist
977,Voter ID,P68XLM8D0YGJ,Bank Officer A
579,National ID,KC3CHYY0JRP1,Automated System
181,Passport,LUAG8Y8952G6,KYC Specialist
374,Voter ID,GSYY6GZ0LW6Y,Bank Officer B
936,Driver License,T4LSJ1XPKGGX,Bank Officer B
351,National ID,9R6IZ0XYHWKM,KYC Specialist
436,Driver License,ZV2OCFWD7RQM,Bank Officer A
419,Driver License,CJDKZFU5Z8GF,
64,Voter ID,XS94WL5IX4X4,Bank Officer B
288,Voter ID,1TP5UO4I7YOD,KYC Specialist
856,Voter ID,X52NC76B59XP,Bank Officer A
287,Driver License,RDUST97L459G,
612,National ID,MIVNKFAEEKQP,
262,Voter ID,4LPS0OWH50D8,Automated System
427,Passport,ER4QQOBNTOFX,Bank Officer B
506,Voter ID,GOW7735FC3MC,Automated System
328,Passport,GMIJNJ5KTM0Y,Bank Officer B
3,Passport,5T2QOYII6E87,Automated System
401,National ID,ZL8NMQBM8JPS,Automated System
180,National ID,95I1MFKEL8GD,
214,Driver License,A1YDU4OZX9XX,Bank Officer B
540,National ID,2H36AUXR0NV7,Automated System
143,National ID,ZN8KXFFPY6BK,KYC Specialist
441,National ID,TAJSZX09378K,Bank Officer B
476,Passport,RJ6BDHG8CK77,Automated System
755,Driver License,IL8QICKP2HSD,
532,Passport,7AF1Y34AA62L,Bank Officer A
760,National ID,M9ZG3TNS3RK1,KYC Specialist
567,Driver License,NONGBAFIZLK3,KYC Specialist
3,Passport,16G9NCOWUSEF,Automated System
28,National ID,PUA3X3ILAK4I,KYC Specialist
104,Voter ID,TOUYFMCAMJ62,Automated System
114,Passport,4IW8KU0PY1FY,
599,Driver License,KQGXQJIWU7XC,Bank Officer A
219,Voter ID,0HNLE0M715X7,Bank Officer B
545,Passport,1IKKY8KJ5YKR,KYC Specialist
460,Voter ID,IXBZO1ZDGH2N,Bank Officer A
84,National ID,88EVCCMLXU1K,Bank Officer B
332,National ID,FDJ4FHGPZ5YD,Bank Officer A
246,National ID,1PTF9AGHHGW7,
868,Driver License,SHGJJRQI63MN,Bank Officer A
945,Passport,ERKT65MG0C2L,KYC Specialist
103,Voter ID,2S1L7WCTW7X3,Bank Officer A
129,National ID,XYGBHJPX66SJ,Bank Officer B
622,Passport,BFW5S59J5YCJ,Bank Officer B
92,Passport,QELH2G8WC5MS,Bank Officer B
321,National ID,KYXJL481MUE3,Bank Officer A
534,Voter ID,BPKGH1632VVM,Bank Officer B
857,Passport,0TTLLLY75L2A,Bank Officer A
638,Driver License,UAKSTWW02LNA,KYC Specialist
152,Passport,EPSLRRCZIKZU,Bank Officer B
376,Voter ID,5Q4ZXZBGGHOL,Bank Officer A
541,Passport,PTNK1FTOT9FD,Bank Officer A
549,National ID,94O3FGCXGORX,Bank Officer A
565,National ID,OUWRIYZ76841,Automated System
1000,Passport,J5AFRBGGQVKR,Bank Officer A
175,Voter ID,4BGHHRSNCFQ4,Bank Officer B
100,National ID,RLR9RT26NRH5,KYC Specialist
22,Driver License,EOLHCXF8BAFC,KYC Specialist
342,Driver License,V1EY9PRGEBX4,Bank Officer A
315,Voter ID,SM9TZDU0IY09,Bank Officer A
288,National ID,HPGLDY2O86Y0,Automated System
143,National ID,99QKD75XKYYT,Automated System
643,Driver License,2QB3X1ELMKJ7,
979,Passport,M9F3C40F4XTX,Bank Officer A
47,Voter ID,GQAGEJYJNLKX,Bank Officer B
49,Voter ID,3CSX1CL40ZFP,Bank Officer B
848,Voter ID,LSDB5U30YL6U,KYC Specialist
453,National ID,H4NG7PV95X4Q,Bank Officer B
89,Driver License,DHUVC5HFLW4B,
466,National ID,0U7KFHCSQ854,
948,Voter ID,PNYNOV8PM8QX,Bank Officer B
908,National ID,62SYIARHZ7E7,KYC Specialist
878,Driver License,APTV75H0NKZK,
736,Voter ID,05DNJQX64WQP,KYC Specialist
832,Passport,9UJ023HHZ4XT,Automated System
257,Voter ID,9SEU457S6CYS,Automated System
81,Driver License,8QTXOZLMO338,Bank Officer A
524,Driver License,3JGGZ76Y8HYG,Bank Officer A
191,Passport,X7J7FATOWP0Q,Bank Officer A
447,Driver License,8RA59UC4TVDV,
979,Voter ID,6H1K8JHEOTWC,KYC Specialist
792,Driver License,6BT4P8BGNNW8,Bank Officer A
9,National ID,2M1PBJWVIKO1,Bank Officer B
240,National ID,AA9UDYK9KN2J,KYC Specialist
302,Passport,CPQW07AW1CMA,Bank Officer B
55,Voter ID,739CTK9896N8,Bank Officer B
441,Voter ID,P02D6IJA5UHP,Automated System
576,Passport,X18NJN5LH706,Bank Officer B
395,Driver License,PWA8ZT0G9DT5,
129,National ID,5J97XELCSRN8,Bank Officer A
973,Voter ID,UIV54K5OSFVO,Bank Officer B
861,Passport,42B563R7GN7W,Automated System
103,National ID,T8828X0PQ1VY,Bank Officer A
704,Driver License,5ES11W4OESIH,Bank Officer A
852,Driver License,5DJ5VMSRBXNA,Bank Officer A
847,National ID,GOM8BQGEALSJ,
682,National ID,DE8MYJFOISJ4,Bank Officer B
811,Driver License,YZAY6B6EOTI9,Bank Officer A
493,Voter ID,2TJ6HFPPL1QJ,Automated System
854,National ID,6GYS9LSAKH3U,Bank Officer A
643,Voter ID,9LOD0CVYV648,Bank Officer A
905,Voter ID,OIY56I4OD8FN,Bank Officer A
347,Driver License,UA55RPR91BMQ,KYC Specialist
363,Passport,YT4MWGN99RNB,KYC Specialist
95,National ID,C0DOY5XVIUFA,Bank Officer A
250,National ID,2OB4756ER20R,Bank Officer B
86,Driver License,CM4J39Q1CM51,Bank Officer B
755,Driver License,LX5FQVGNHGD1,Bank Officer A
425,National ID,B1C4KLDNP74J,
906,Driver License,6A245OBGANKC,Bank Officer B
124,Driver License,2ZY787ZLA8YG,Bank Officer A
112,National ID,2QUQB07VGI9O,Bank Officer A
378,Driver License,GJ8A3O0MOKJJ,Automated System
78,National ID,XJTCG4S5WLUT,Bank Officer A
139,National ID,PY33YSC2F77M,Bank Officer B
695,Driver License,U4SUETUWNG1Q,Bank Officer B
433,Driver License,OF2MJCH2R48N,Bank Officer A
5,Voter ID,5JZQZXY29CSE,Bank Officer B
91,Passport,JAS9IHULXRIP,Bank Officer B
40,Voter ID,C2D5BOCPIFSF,Automated System
595,Voter ID,8DJ498NV28F9,Bank Officer B
935,Driver License,BMABBHTCP4OV,Bank Officer B
849,Voter ID,HYS19EH1TG64,Bank Officer B
367,National ID,Q56HO79U9B4O,Bank Officer B
588,National ID,ZQTBWBQS5ZBQ,Bank Officer A
428,National ID,6V8EF8U6HKOX,Bank Officer B
614,Passport,EUVHFBVMWXJN,Bank Officer B
927,National ID,5K8Z648WR6UZ,Bank Officer A
411,Passport,60ZRKCQ5OJW6,Bank Officer B
708,National ID,0A52K4FS9KRJ,Bank Officer B
316,Passport,Y47LDWZ35D92,KYC Specialist
404,Driver License,74XOQMIVPBWO,
791,Voter ID,56H8RDMBEQSJ,Automated System
676,Voter ID,EE1AF94212WK,Bank Officer A
66,National ID,XQZ6RVTU6DMY,Bank Officer B
871,Passport,C6843ETLEOSN,Bank Officer A
881,Voter ID,UNQZ5CVDSTKN,KYC Specialist
119,Voter ID,5DAQVAFXAXG4,Bank Officer A
532,Voter ID,Y48IVC1FGXCV,Bank Officer B
200,Voter ID,4PZJM0I3E00W,KYC Specialist
286,Passport,LHJLCNRYHKGU,Bank Officer A
232,Voter ID,0Z04B6VZWBYI,Automated System
625,National ID,JLZNH80LBX5Q,Automated System
466,Driver License,ULAGRRYW7IPN,Bank Officer A
541,National ID,8S6WAH7CY7UH,Bank Officer B
759,Voter ID,FYK55XHBHXIF,Bank Officer A
575,Driver License,H71MWVKOYV1L,KYC Specialist
76,Passport,452OOCF2DKW0,Bank Officer A
249,Driver License,UXQJGR88X8JO,Bank Officer A
5,Voter ID,GBCF6DOLDM0U,Automated System
946,National ID,LIWOUE0CM4YD,KYC Specialist
313,Passport,3S7QDOK769EG,Bank Officer B
265,National ID,8ZLNXTGWLPOH,Automated System
833,National ID,W736T8OSGGPT,Bank Officer B
246,Driver License,VOHXP9HE6ZQV,KYC Specialist
425,Passport,D2ZRA4KZVIYA,Bank Officer A
312,National ID,P6M3O610RMAZ,
769,Voter ID,KQB8N5P218F9,
381,National ID,2P9QNUG9J0TH,Bank Officer A
101,National ID,YRQSHHTYFC3T,Bank Officer A
878,Driver License,5KX7DGTRRPJ9,KYC Specialist
478,Driver License,IMWUJYRFEAJL,Bank Officer A
960,National ID,WEUTESWB9W52,Automated System
402,Passport,14OF99SZWP9S,Bank Officer A
653,National ID,ZEQM93WV6HZ4,Bank Officer A
225,Driver License,PU2A4ZAXA9BO,Bank Officer B
113,Passport,89U3877LB4AE,Automated System
100,Voter ID,MCHX5DIXKGTJ,Automated System
535,National ID,XKLIIAEE7O80,Automated System
472,National ID,CVPZP1KIMRZL,Bank Officer B
958,Passport,EOGFU34YB5P0,Bank Officer A
846,National ID,TPJ74BZWEU91,
111,National ID,9LQIJS669Y6W,KYC Specialist
905,National ID,8M1DIWTVSBYM,Bank Officer B
975,National ID,N8VOYZSTW5SH,Automated System
420,Driver License,LX02F339YUSX,Bank Officer A
240,Passport,KU9NSNWE4QBP,Bank Officer B
217,National ID,GWQQ1UJRW5RE,
484,Driver License,B6FPGA1WS0WR,Automated System
912,National ID,LAD3EBD2SGIY,Bank Officer B
69,Voter ID,9BNAME3XVLP7,Automated System
36,Voter ID,LJRZCTHJEJY2,KYC Specialist
655,National ID,94WHXPPIVU81,Automated System
53,Voter ID,VEQZPOKWN03F,Bank Officer B
147,National ID,XNA3RE2J9BLT,Automated System
940,Driver License,KJNRPNU9IFZD,KYC Specialist
812,Voter ID,JT6AHRX7WOF2,Bank Officer B
372,National ID,U6N31LA1LYRH,Bank Officer A
502,Voter ID,38ESRV62GLWO,Bank Officer B
239,Voter ID,BJFK2XPPJRT3,Bank Officer B
256,National ID,O38GUCLZHQ0C,KYC Specialist
917,National ID,9YAY79Y1LGGO,Automated System
147,Passport,3CUPMC7YQBL5,Bank Officer B
70,Voter ID,LWR6SSRHIO7R,Bank Officer A
738,Passport,GY194O5XJXEY,Bank Officer B
875,Driver License,JZI85Y3GPYPV,Bank Officer A
588,National ID,PPEJHJBKJT14,Automated System
402,Voter ID,QDMMR448CE7I,Bank Officer A
236,Voter ID,UJG895SFHLKT,
758,Driver License,C556BWJULF6G,Bank Officer A
838,Passport,4I6D0RS0NWLH,Bank Officer A
35,National ID,GY1VNAGCGS5R,Bank Officer A
271,Voter ID,MWHSRCUKQ0BD,KYC Specialist
24,Passport,32B7JQZJGQ4E,Bank Officer B
199,National ID,X7S5H8CUUGDD,Bank Officer A
847,National ID,AFAX63MRI6DS,Automated System
218,Voter ID,L0RLYLM1QJVZ,Bank Officer A
630,Passport,S3IEPN2ACBAW,
406,Passport,2KZPKG5OB7TG,Bank Officer A
318,Voter ID,YHDOE07EH69G,Bank Officer B
902,National ID,QQZ0TPLUCTHF,KYC Specialist
815,National ID,F3S6HFDVT36Q,Automated System
885,Driver License,IKXALRHR8XAT,Bank Officer B
772,Voter ID,PY6L61U79BVE,Bank Officer B
53,Voter ID,PPKTOO5N7NT5,Bank Officer A
876,Driver License,US00VNUAFFP4,KYC Specialist
13,Passport,6OECJQAJL2ET,Bank Officer A
708,Voter ID,3986US8QVLP8,
199,Passport,OCIKT5VZLG7H,KYC Specialist
709,Voter ID,0MGOMWWTLDSS,Bank Officer A
243,Passport,M2YZ01021B0J,
325,Driver License,UFWL6XXMRPOW,KYC Specialist
400,National ID,V48XEYAZ871D,Automated System
943,Passport,2GL9O5BQTBN9,Bank Officer A
27,Passport,AUBS8VTVIOMS,Bank Officer B
760,Driver License,GL0OJUE6LYQW,KYC Specialist
844,National ID,4NBRYN64DFWE,Bank Officer A
826,National ID,IVFLF5MF9GFD,KYC Specialist
548,National ID,T34ED77638Z7,Bank Officer A
328,National ID,L41J3TBRQJCX,Bank Officer B
15,Passport,EHCWNGZUY1D5,Bank Officer B
183,Voter ID,UWLHELNCMXKZ,Bank Officer A
858,National ID,SLOMUFIHURDI,Automated System
