Loan_ID,Amount_Paid,Payment_Date,Remaining_Balance
328,1123.54,2022-03-26,45999.31
47,3330.55,2024-07-04,45801.25
256,3220.51,2023-06-24,38285.56
203,859.27,2025-02-07,19154.19
102,2574.47,2022-08-21,29911.95
263,4645.22,2024-08-09,14328.87
27,2259.08,2025-02-11,14180.19
335,2294.69,2024-05-21,17079.44
188,1530.63,2022-03-31,13103.37
480,8148.45,2023-05-28,26401.77
277,4104.31,2024-06-18,20630.79
293,322.88,2022-08-29,35062.73
51,1015.78,2024-12-21,7451.21
454,5797.78,2023-01-28,22863.42
123,5188.53,2024-07-13,16836.43
9,492.18,2023-09-12,29782.5
262,1906.62,2024-11-28,20478.37
160,5750.75,2023-01-24,16291.08
331,6804.44,2022-08-27,29707.8
292,3022.45,2022-12-24,11030.3
118,1728.26,2025-02-17,27481.13
490,6938.7,2024-10-28,17216.24
307,2158.86,2023-09-23,21964.82
93,1730.51,2024-03-10,14796.08
140,2774.34,2024-01-31,8303.86
311,2981.01,2022-08-23,29704.04
152,1105.04,2023-01-30,6005.12
302,7171.24,2024-03-22,32045.08
210,860.83,2023-04-14,5351.36
285,6035.56,2022-11-21,23246.21
63,1439.01,2023-07-18,9198.02
233,8148.86,2022-11-19,26059.69
162,3129.21,2023-07-11,33738.07
226,4959.64,2024-05-07,15059.38
253,9072.23,2023-09-06,21638.15
192,4547.19,2024-07-06,32645.07
488,8349.14,2024-10-17,24200.56
370,6114.14,2022-04-14,15306.51
86,722.8,2024-10-29,10792.26
385,846.72,2024-11-24,5013.94
211,5619.5,2023-07-14,29214.05
383,7271.67,2022-10-03,34545.65
165,2931.77,2023-05-11,22079.83
286,2529.46,2022-05-18,17756.72
322,1824.16,2022-08-09,30371.29
172,4828.48,2025-01-09,16889.77
408,3980.95,2024-11-03,14430.27
123,3203.8,2024-04-08,10075.2
405,2229.25,2022-11-10,7139.17
360,1093.47,2024-10-28,5141.14
52,6502.19,2022-11-05,37998.19
179,9295.99,2023-08-20,27226.84
4,294.01,2022-04-25,18992.78
32,8068.38,2022-05-08,36913.28
271,422.53,2023-03-07,5937.86
384,3052.14,2023-07-13,16186.98
405,2872.79,2024-06-17,34811.52
290,12705.7,2024-10-29,30810.55
200,1394.73,2024-08-11,37130.35
40,4636.51,2022-04-02,30413.99
284,1244.69,2024-09-28,5982.2
134,1167.6,2022-12-02,8438.31
453,4303.14,2024-03-27,34882.59
4,1497.47,2023-03-15,11509.03
225,4940.13,2024-02-12,33797.63
478,7640.67,2023-02-02,35288.46
373,3304.21,2022-07-12,10728.97
297,5265.55,2022-03-08,15039.69
217,8527.81,2024-10-21,24876.22
381,8797.2,2023-12-31,22428.25
48,3026.91,2024-11-03,40536.27
164,5147.35,2023-04-13,23686.43
14,1276.89,2025-01-07,6055.86
220,5974.42,2024-08-23,33259.21
213,7686.94,2023-05-01,40544.31
291,7998.89,2025-01-09,19980.95
250,4374.96,2023-02-21,31410.19
355,11807.05,2025-02-08,28537.36
12,625.49,2023-02-06,47987.61
201,7537.0,2022-05-27,35180.24
86,10493.76,2024-01-04,32224.45
247,661.42,2024-05-06,34004.15
166,7163.35,2022-12-11,32554.36
150,8978.0,2022-09-07,30474.36
422,13287.91,2023-08-28,35107.39
138,4182.09,2022-04-18,34705.38
310,7939.69,2025-01-18,22938.24
374,4345.54,2023-09-18,16920.03
249,4413.59,2022-03-20,20520.32
184,6526.34,2024-01-12,16278.16
478,658.52,2022-12-28,25228.02
39,1430.78,2024-06-15,4556.3
240,1631.58,2023-02-14,13695.91
219,3501.73,2022-06-07,8543.46
33,1225.61,2023-02-12,8745.64
192,1076.94,2025-01-13,8358.36
412,1465.29,2022-07-30,14432.43
224,213.41,2022-06-21,6099.56
250,2116.69,2024-03-13,5114.68
26,3652.27,2023-06-17,28210.65
423,2706.29,2022-08-11,21318.21
386,868.63,2023-12-20,19177.81
30,4199.36,2023-09-14,26215.05
268,10870.5,2022-10-16,28440.67
287,1609.15,2024-03-22,18693.08
314,2404.6,2023-03-27,21482.72
111,3174.55,2024-09-05,45521.8
484,3104.29,2024-08-11,37034.81
283,2289.55,2024-04-25,16286.46
411,11000.95,2024-05-27,31274.94
378,4490.68,2025-02-10,31108.81
293,2951.78,2023-03-31,15156.79
228,4648.79,2024-03-18,32404.0
84,4323.75,2022-10-31,21846.94
70,845.3,2024-02-05,14048.41
493,2370.56,2022-07-04,30747.5
140,2236.14,2023-11-20,15081.35
433,3625.36,2022-07-28,20910.27
275,3775.84,2024-11-03,17766.77
374,721.06,2023-08-28,31537.32
318,5445.9,2023-02-04,14376.45
328,3220.53,2025-01-31,26075.96
19,4885.92,2023-08-10,15111.52
392,2599.58,2023-10-06,23451.3
457,3424.79,2025-01-09,9500.1
87,4716.11,2022-03-24,44781.83
269,2498.48,2024-01-23,16365.39
453,372.52,2024-09-13,15176.69
346,2016.86,2022-03-21,8683.95
420,9571.11,2023-06-21,33514.77
309,5182.02,2023-05-17,28785.88
413,8334.61,2022-06-20,24676.2
421,4040.98,2022-06-24,13658.69
78,2128.49,2023-10-20,24605.76
211,4405.99,2023-02-17,11552.18
174,8483.33,2024-03-20,22731.5
132,9219.63,2022-06-14,31372.79
8,9932.42,2023-11-09,36398.08
214,1944.65,2022-02-21,35007.9
64,3766.63,2025-01-10,21732.77
270,2502.6,2024-04-29,16473.68
89,3923.43,2025-01-31,19567.94
472,1204.06,2023-07-28,47349.92
476,1007.25,2025-02-12,42938.03
405,1431.62,2024-11-27,5324.17
220,9207.78,2024-01-18,27065.45
484,2972.37,2024-12-06,17222.33
149,1361.99,2024-07-30,39553.15
338,1429.93,2024-08-10,7419.92
400,8726.4,2022-08-24,34048.19
14,3415.94,2023-06-17,13180.8
199,7242.48,2023-08-31,17715.57
434,3018.34,2023-03-24,11598.41
49,6320.18,2024-07-26,30664.0
245,3231.14,2025-01-20,11900.88
249,3958.09,2024-05-24,15961.72
193,7566.95,2023-07-02,18278.39
392,7110.13,2022-12-27,24602.03
170,5281.81,2024-04-10,37996.52
10,3501.17,2023-07-07,39947.15
400,5476.84,2025-01-20,19441.6
206,5032.79,2022-12-14,25967.01
411,458.25,2022-10-07,20414.78
318,7922.72,2024-05-15,42033.49
164,5081.74,2025-02-15,14003.15
492,278.13,2023-10-14,11638.87
446,4710.81,2024-11-01,37566.37
119,1322.78,2022-07-24,42402.44
101,12824.25,2023-04-01,32746.15
460,5405.2,2022-10-16,26197.08
186,3757.18,2023-05-24,19800.86
173,10160.28,2023-02-22,29847.11
257,8261.1,2024-07-15,19461.71
53,8945.62,2022-08-27,32154.91
356,700.6,2024-08-18,30944.07
237,3606.92,2025-02-05,10086.52
66,1724.27,2025-02-09,10341.97
216,1541.39,2022-08-08,34128.49
227,5414.73,2022-09-20,14592.49
234,5774.01,2022-10-13,42887.13
124,8945.95,2024-11-10,25733.88
180,218.63,2023-07-11,7176.84
237,10291.33,2024-11-16,35159.73
355,3541.89,2024-04-03,12289.69
34,5857.17,2022-05-15,23391.54
202,6579.14,2022-12-22,19996.27
13,5723.21,2024-09-16,36730.13
439,9641.6,2023-07-19,27733.57
249,2167.18,2022-11-03,17745.0
186,2866.44,2024-07-06,7513.25
37,4947.43,2023-11-04,20540.38
173,11301.2,2022-11-17,35659.83
217,9765.34,2022-10-06,24300.25
97,2124.14,2023-10-16,25426.44
75,4924.22,2025-01-07,24219.08
407,263.56,2023-11-10,36583.49
366,13165.41,2024-02-17,32831.24
332,5813.18,2023-02-27,26024.78
445,530.39,2022-08-31,22722.05
70,628.06,2023-08-09,15198.88
130,5644.43,2022-05-13,13309.75
235,852.04,2023-09-18,9572.52
374,3721.77,2022-05-24,15152.27
133,290.85,2022-10-18,47049.84
178,5487.17,2022-11-02,23684.01
423,4414.33,2024-01-21,18228.4
459,703.37,2024-07-05,32805.61
425,460.09,2023-08-25,4750.7
288,10925.98,2022-07-02,28075.1
173,1107.19,2022-10-19,18075.97
101,6393.04,2025-01-20,22727.49
140,3175.21,2022-12-03,10729.64
228,7477.45,2025-02-07,31969.17
240,2903.65,2022-12-15,19078.09
454,1157.55,2023-10-19,8908.25
339,4848.58,2023-12-03,23099.17
20,950.14,2025-01-01,6011.91
271,3779.71,2023-10-30,21037.13
160,5769.64,2023-12-21,36368.28
467,5652.54,2024-01-17,26166.12
368,2668.9,2024-12-27,28557.95
332,537.26,2024-06-24,9830.59
66,2363.09,2024-07-27,33430.51
389,4633.15,2024-03-06,19635.03
57,124.99,2022-07-02,6254.55
402,1061.33,2023-01-26,10092.54
397,2989.1,2022-09-25,20835.51
486,1143.82,2024-06-19,4565.75
197,4058.67,2022-12-23,30112.2
445,5624.6,2022-05-19,26676.37
15,1196.52,2024-04-18,14467.26
161,8531.77,2023-09-26,31863.63
444,1711.3,2022-09-21,5717.85
331,9276.76,2025-02-15,28694.54
396,8469.26,2023-06-08,26267.16
327,3282.79,2022-04-09,13682.49
372,4812.56,2022-09-29,27455.14
479,4178.79,2022-05-03,39406.97
319,6124.95,2024-09-25,27187.66
491,3089.59,2022-08-29,7503.51
66,3363.62,2024-11-29,10441.03
354,10153.46,2022-09-28,39604.93
313,8363.17,2022-07-22,33251.86
409,235.49,2023-08-17,21647.96
144,2793.57,2025-02-13,42992.29
345,510.95,2023-12-18,25079.2
310,9418.44,2025-01-11,26286.53
438,872.05,2024-08-23,48691.48
111,6086.08,2024-07-02,36383.08
427,5589.23,2022-10-06,38266.68
100,9292.32,2022-10-09,24803.0
252,8563.24,2025-01-17,20776.86
302,8388.52,2024-02-22,41474.56
472,9366.01,2022-03-10,28104.62
398,10570.94,2022-02-27,26146.82
287,3518.18,2024-08-06,21252.26
374,786.02,2024-03-31,31307.44
165,4874.32,2024-10-25,20410.59
285,4688.2,2024-03-13,29189.01
20,2144.5,2024-02-04,11410.3
451,5673.29,2023-05-20,22897.27
360,4779.85,2024-09-18,42646.17
497,2517.34,2024-12-08,31804.45
270,5833.3,2023-04-18,28332.45
5,3434.8,2025-02-17,31344.95
233,658.99,2024-03-02,46224.78
371,1587.44,2024-05-05,22546.28
493,3539.32,2024-12-30,36782.64
326,2381.05,2023-11-27,21484.86
486,2347.48,2023-12-01,44655.76
236,3178.9,2025-01-14,35081.82
297,2015.06,2022-05-10,17821.33
12,5385.56,2023-03-22,17761.52
348,9165.31,2024-09-02,26813.88
89,5425.64,2024-04-01,18367.21
174,4216.29,2022-05-12,10233.98
169,1518.9,2024-05-24,39600.25
188,2660.26,2022-04-19,11017.07
348,2590.19,2024-09-04,30548.75
268,886.3,2024-09-18,6576.45
52,4905.7,2023-07-06,44053.79
328,4562.65,2023-01-25,14184.37
304,5130.0,2024-12-24,13342.33
423,4667.54,2024-09-29,22952.16
72,3504.33,2022-10-05,33231.92
183,1990.73,2023-12-02,14204.86
485,2728.47,2023-12-11,46581.39
453,125.47,2022-10-16,7820.78
474,4114.12,2024-07-01,10897.17
292,4806.0,2023-06-20,30186.74
22,1984.68,2022-12-15,16111.8
482,1639.61,2024-10-16,24413.98
242,1711.86,2022-12-15,10172.12
368,4574.37,2024-01-02,31983.97
168,2060.62,2023-04-12,21694.29
454,8560.34,2024-04-09,30513.52
323,9156.6,2023-11-18,24812.18
306,2825.39,2023-06-17,10971.33
91,221.54,2023-06-01,5992.51
383,4561.56,2022-07-24,44065.37
165,1315.24,2022-09-11,4741.26
77,7372.23,2022-12-17,40609.39
219,9538.57,2022-10-25,24892.34
493,683.86,2022-07-24,15101.62
454,1991.0,2023-08-11,7272.38
11,9696.17,2023-03-18,31540.43
333,9744.19,2022-11-25,28777.26
496,1660.44,2023-10-01,10092.1
168,4800.46,2024-02-05,19507.67
17,2065.17,2024-01-27,43940.52
132,3804.9,2024-03-21,18355.27
202,361.27,2022-08-08,23556.71
94,1427.86,2022-05-16,22185.35
494,1392.0,2023-01-29,17384.54
294,9212.73,2022-03-13,34894.09
44,6858.24,2023-09-21,34182.22
347,8695.84,2023-09-30,39097.78
30,4975.28,2024-12-09,19537.69
266,5401.35,2023-06-18,21343.55
487,2791.53,2024-11-16,44663.74
203,1660.07,2023-11-27,6028.56
192,2122.43,2023-01-01,5932.7
60,2539.13,2023-02-02,8327.5
117,3228.67,2022-12-24,10879.21
73,1173.61,2024-03-02,17112.96
116,751.69,2023-04-05,37608.54
244,1236.95,2024-10-12,7423.9
214,3949.87,2023-03-01,30056.33
151,271.85,2022-09-24,6161.23
293,1960.48,2024-01-29,20409.03
380,8030.03,2024-03-29,24780.45
380,9191.21,2025-01-02,36308.67
319,407.22,2024-03-08,7474.31
239,3489.74,2024-09-04,17202.98
493,4918.36,2024-05-31,12519.4
84,4634.73,2024-11-12,25312.97
253,814.1,2024-11-16,7846.46
223,3020.12,2024-03-05,32124.74
142,646.34,2025-02-04,35815.91
28,357.38,2023-11-14,17253.05
386,7477.02,2024-12-13,34695.67
412,13329.16,2023-05-29,34410.2
194,1365.04,2023-01-12,9696.74
468,737.84,2023-01-16,7942.28
166,9633.01,2024-07-11,30996.15
274,8568.44,2024-10-08,21399.93
93,606.99,2022-04-28,19095.82
66,7510.16,2022-11-10,34715.78
96,9566.13,2024-07-17,34988.28
311,2389.98,2023-03-10,11667.65
225,350.58,2023-10-11,31529.23
496,329.18,2023-06-22,14121.62
419,7341.05,2022-10-30,41645.15
174,223.33,2024-03-26,40328.2
192,1313.75,2024-11-14,19423.66
16,523.24,2023-08-05,14903.89
33,176.24,2022-10-01,8319.52
365,2797.48,2022-07-20,29607.71
313,7448.3,2024-03-06,39267.33
447,6415.67,2024-08-09,33185.72
238,7863.0,2024-03-08,19842.17
382,6455.18,2024-02-22,35188.18
98,1761.74,2024-08-18,39344.2
362,1559.37,2023-05-01,10898.73
310,7976.25,2024-07-21,21775.27
408,2544.14,2024-04-19,22830.83
217,1800.72,2024-02-27,18876.45
260,449.8,2023-10-30,12434.81
217,1977.54,2025-02-04,5995.57
47,1956.19,2022-07-06,19933.36
262,3190.35,2023-02-19,19378.78
300,2214.37,2023-05-24,30854.21
91,5437.73,2022-05-30,33071.42
185,2817.62,2024-09-27,21646.47
474,10516.76,2024-02-25,34448.57
329,7369.22,2025-02-08,18079.74
104,3917.53,2022-08-27,40665.78
28,6705.24,2022-05-06,16265.79
364,6314.26,2023-03-19,24050.16
392,1818.12,2024-11-02,13855.1
240,1447.2,2024-08-23,20740.28
487,5227.2,2024-06-13,29981.22
139,1611.16,2023-10-21,34289.17
37,2345.05,2023-12-08,19674.42
233,12422.93,2022-03-13,31357.02
168,4129.35,2024-09-04,33139.94
118,2846.25,2022-03-25,8179.03
104,1200.53,2023-05-20,15808.93
320,352.77,2022-09-10,11491.68
431,4720.4,2023-10-03,11553.07
332,3048.94,2022-12-01,25921.21
317,6423.06,2023-02-16,23514.25
416,10508.66,2023-04-17,38460.6
26,472.06,2022-12-23,11769.71
3,7560.5,2024-07-07,24804.77
82,9461.95,2024-07-26,23287.41
86,865.06,2025-02-09,13064.01
159,2016.98,2024-08-06,7204.24
161,273.02,2022-09-29,6965.77
311,1032.96,2023-04-30,19181.56
242,4446.73,2024-08-31,15444.81
111,5225.45,2023-06-09,30204.32
283,2620.86,2023-09-02,12349.15
80,1103.92,2022-10-08,8455.57
305,361.73,2024-12-07,32436.66
241,5014.77,2025-01-28,21431.97
303,406.76,2022-07-20,4998.89
143,8289.01,2024-12-29,28472.63
104,971.18,2022-07-01,9361.32
375,5672.09,2023-12-17,22177.69
343,8374.71,2024-04-17,25951.23
28,3147.72,2022-07-08,36548.32
215,3585.71,2024-05-16,10968.22
338,10124.07,2024-04-03,34559.02
310,101.16,2023-03-20,7076.11
345,7432.88,2023-01-10,17344.76
352,3292.74,2023-01-13,11384.11
450,4153.66,2024-03-09,39981.01
33,11963.14,2022-11-27,28649.77
428,10265.04,2022-04-27,37397.84
176,451.98,2024-07-26,13927.63
72,5261.1,2024-11-15,35335.77
399,961.63,2024-02-03,12214.5
309,1474.87,2022-03-26,9513.01
37,776.78,2024-08-29,5686.0
331,2725.8,2025-02-04,43047.14
308,4207.64,2023-10-03,10947.91
144,1500.71,2022-02-24,12565.08
388,2489.27,2022-07-08,44617.87
54,1220.41,2023-02-14,48106.59
273,736.18,2024-06-01,20110.68
470,5664.79,2022-09-22,14015.74
246,9366.5,2024-08-13,21869.79
33,572.85,2022-12-11,33233.87
390,5878.12,2024-02-01,40294.89
372,1381.9,2023-11-20,10458.57
16,4869.81,2024-03-15,29894.78
456,8597.05,2022-11-02,38728.32
292,2277.51,2023-05-26,8336.53
209,11203.97,2022-05-22,35573.71
4,6289.06,2022-08-20,27570.23
263,2055.89,2022-03-16,19800.65
462,1893.28,2022-11-12,36693.23
268,3766.06,2024-12-13,33725.74
136,3652.96,2023-08-16,41194.67
428,3895.25,2024-07-31,14514.44
75,2894.38,2024-10-17,31226.33
294,2338.99,2022-12-12,26588.31
40,7965.91,2022-10-21,30460.31
158,6462.63,2022-07-26,19915.9
283,4694.9,2022-10-08,37350.32
493,4714.75,2025-01-07,21749.2
318,4765.27,2022-04-12,19743.39
198,3516.6,2022-11-29,10282.34
343,5118.44,2024-05-02,15804.64
261,12802.55,2022-04-21,36779.27
126,6025.94,2023-05-05,36044.15
461,13564.54,2024-01-17,35670.75
480,3484.08,2023-09-18,13435.45
268,1967.22,2024-04-13,4657.37
272,2325.72,2022-09-20,21540.29
418,4232.05,2022-08-19,18895.3
48,8473.71,2024-04-17,28468.23
152,1741.86,2023-09-25,40172.42
96,13916.16,2023-06-21,35069.91
174,10879.02,2024-12-23,32977.95
304,525.01,2024-06-27,32261.78
136,920.78,2022-10-30,6576.75
265,1763.5,2023-05-02,18342.2
1,2456.3,2024-08-24,12653.94
356,4960.52,2024-05-09,19175.12
431,3056.77,2023-11-28,31234.73
68,7941.19,2024-10-07,30505.72
5,3277.48,2022-06-02,21595.15
98,1277.5,2023-03-24,8838.0
120,3947.1,2023-07-05,9280.79
5,624.35,2023-11-30,14686.27
13,1766.85,2024-05-26,10286.98
452,8113.02,2022-03-27,41163.46
158,2647.23,2023-11-06,22464.88
326,4341.71,2024-12-11,38005.57
55,6108.74,2024-04-20,30355.94
169,2075.03,2023-08-23,9994.46
278,2819.15,2024-04-30,37375.6
329,8083.34,2023-10-19,39301.3
277,5036.6,2024-04-22,26796.76
476,1844.22,2022-06-11,13208.26
44,4779.23,2022-11-24,17403.17
114,7928.21,2024-02-12,27526.63
199,4272.53,2022-09-15,17497.67
250,3708.98,2022-06-29,9107.32
73,8568.84,2022-12-27,31302.39
455,1220.56,2025-02-10,22272.95
464,8845.61,2022-12-01,34565.73
226,5688.48,2023-04-21,14970.31
204,3364.47,2024-11-28,13804.15
31,137.58,2024-05-28,5404.06
242,3766.6,2023-04-18,12375.52
90,2855.62,2022-04-26,10679.57
91,7550.95,2023-02-27,24191.61
