Merchant_Name,Industry,Location
Kappa Sports 387,Sports,"Tokyo, Japan"
Beta Retail 683,Food & Beverage,"New York, USA"
Gamma Electronics 312,Books,"Paris, France"
Zeta Furnishings 325,Food & Beverage,"Toronto, Canada"
Kappa Sports 344,Pharmaceuticals,"Berlin, Germany"
Delta Foods 946,Retail,"Mumbai, India"
Epsilon Pharma 730,Technology,"Sydney, Australia"
Kappa Sports 281,Books,"Berlin, Germany"
Lambda Books 508,Electronics,"Tokyo, Japan"
Sigma Tech 558,Fashion,"Sydney, Australia"
Sigma Tech 262,Sports,"New York, USA"
Lambda Books 292,Technology,"Mumbai, India"
Delta Foods 190,Pharmaceuticals,"Mumbai, India"
Delta Foods 296,Retail,"Sydney, Australia"
Alpha Traders 802,Electronics,"Mumbai, India"
Omega Fashion 896,Fashion,"London, UK"
Sigma Tech 426,Retail,"Tokyo, Japan"
Zeta Furnishings 239,Food & Beverage,"Toronto, Canada"
Kappa Sports 450,Fashion,"Dubai, UAE"
Gamma Electronics 767,Technology,"Toronto, Canada"
Beta Retail 415,Retail,"Los Angeles, USA"
Beta Retail 921,Technology,"Mumbai, India"
Zeta Furnishings 761,Books,"Los Angeles, USA"
Delta Foods 762,Retail,"Toronto, Canada"
Alpha Traders 166,Pharmaceuticals,"Dubai, UAE"
Epsilon Pharma 408,Technology,"Los Angeles, USA"
Gamma Electronics 657,Sports,"Sydney, Australia"
Kappa Sports 766,Sports,"Berlin, Germany"
Beta Retail 228,Technology,"Mumbai, India"
Gamma Electronics 843,Books,"Los Angeles, USA"
Sigma Tech 117,Pharmaceuticals,"Dubai, UAE"
Omega Fashion 220,Fashion,"Berlin, Germany"
Gamma Electronics 633,Retail,"Tokyo, Japan"
Kappa Sports 837,Electronics,"Dubai, UAE"
Delta Foods 906,Technology,"New York, USA"
Zeta Furnishings 148,Sports,"New York, USA"
Epsilon Pharma 834,Pharmaceuticals,"Dubai, UAE"
Omega Fashion 409,Pharmaceuticals,"Mumbai, India"
Lambda Books 792,Fashion,"Sydney, Australia"
Gamma Electronics 628,Technology,"Tokyo, Japan"
Lambda Books 897,Retail,"Los Angeles, USA"
Omega Fashion 994,Technology,"London, UK"
Epsilon Pharma 569,Sports,"New York, USA"
Gamma Electronics 219,Pharmaceuticals,"Paris, France"
Sigma Tech 570,Retail,"Los Angeles, USA"
Zeta Furnishings 836,Fashion,"Mumbai, India"
Sigma Tech 276,Fashion,"New York, USA"
Sigma Tech 517,Sports,"Tokyo, Japan"
Epsilon Pharma 438,Books,"New York, USA"
Gamma Electronics 656,Fashion,"New York, USA"
Delta Foods 384,Sports,"Toronto, Canada"
Sigma Tech 260,Fashion,"Berlin, Germany"
Epsilon Pharma 383,Sports,"Los Angeles, USA"
Kappa Sports 645,Food & Beverage,"Sydney, Australia"
Delta Foods 655,Food & Beverage,"Paris, France"
Gamma Electronics 381,Food & Beverage,"New York, USA"
Kappa Sports 333,Sports,"Sydney, Australia"
Beta Retail 798,Electronics,"Paris, France"
Zeta Furnishings 643,Food & Beverage,"Berlin, Germany"
Delta Foods 804,Retail,"Los Angeles, USA"
Gamma Electronics 593,Retail,"New York, USA"
Sigma Tech 305,Retail,"Toronto, Canada"
Gamma Electronics 719,Books,"New York, USA"
Gamma Electronics 816,Fashion,"Paris, France"
Sigma Tech 963,Retail,"Mumbai, India"
Lambda Books 781,Retail,"London, UK"
Sigma Tech 319,Fashion,"Tokyo, Japan"
Sigma Tech 837,Electronics,"Berlin, Germany"
Epsilon Pharma 560,Electronics,"Toronto, Canada"
Omega Fashion 236,Sports,"Dubai, UAE"
Delta Foods 750,Technology,"Paris, France"
Omega Fashion 116,Sports,"Tokyo, Japan"
Alpha Traders 190,Sports,"Berlin, Germany"
Lambda Books 813,Fashion,"Berlin, Germany"
Epsilon Pharma 923,Electronics,"Paris, France"
Epsilon Pharma 117,Electronics,"New York, USA"
Zeta Furnishings 536,Technology,"Tokyo, Japan"
Epsilon Pharma 975,Retail,"Paris, France"
Gamma Electronics 200,Sports,"London, UK"
Lambda Books 913,Fashion,"Tokyo, Japan"
Sigma Tech 713,Electronics,"London, UK"
Beta Retail 528,Retail,"New York, USA"
Lambda Books 957,Retail,"Tokyo, Japan"
Lambda Books 656,Sports,"Paris, France"
Sigma Tech 586,Sports,"Paris, France"
Beta Retail 177,Fashion,"Sydney, Australia"
Sigma Tech 875,Electronics,"Paris, France"
Gamma Electronics 308,Food & Beverage,"Sydney, Australia"
Delta Foods 427,Sports,"Sydney, Australia"
Beta Retail 753,Sports,"Los Angeles, USA"
Alpha Traders 143,Fashion,"Sydney, Australia"
Zeta Furnishings 983,Sports,"New York, USA"
Epsilon Pharma 376,Fashion,"Dubai, UAE"
Kappa Sports 234,Pharmaceuticals,"Berlin, Germany"
Epsilon Pharma 822,Retail,"Tokyo, Japan"
Kappa Sports 269,Retail,"Los Angeles, USA"
Omega Fashion 278,Fashion,"Sydney, Australia"
Sigma Tech 116,Sports,"London, UK"
Sigma Tech 235,Food & Beverage,"Toronto, Canada"
Kappa Sports 264,Food & Beverage,"Mumbai, India"
Sigma Tech 873,Sports,"Dubai, UAE"
Alpha Traders 758,Food & Beverage,"New York, USA"
Kappa Sports 979,Sports,"Dubai, UAE"
Epsilon Pharma 634,Retail,"Los Angeles, USA"
Zeta Furnishings 930,Fashion,"Dubai, UAE"
Alpha Traders 389,Technology,"Los Angeles, USA"
Beta Retail 731,Sports,"Toronto, Canada"
Delta Foods 862,Technology,"Tokyo, Japan"
Epsilon Pharma 105,Books,"Dubai, UAE"
Sigma Tech 898,Technology,"Paris, France"
Beta Retail 996,Sports,"Tokyo, Japan"
Omega Fashion 685,Pharmaceuticals,"Dubai, UAE"
Delta Foods 603,Fashion,"Paris, France"
Sigma Tech 323,Sports,"Sydney, Australia"
Omega Fashion 945,Pharmaceuticals,"Sydney, Australia"
Zeta Furnishings 849,Food & Beverage,"Mumbai, India"
Alpha Traders 196,Sports,"Los Angeles, USA"
Beta Retail 398,Books,"Berlin, Germany"
Lambda Books 269,Electronics,"Mumbai, India"
Zeta Furnishings 680,Pharmaceuticals,"London, UK"
Kappa Sports 382,Technology,"Dubai, UAE"
Delta Foods 609,Technology,"Paris, France"
Delta Foods 202,Books,"Mumbai, India"
Lambda Books 193,Retail,"Dubai, UAE"
Sigma Tech 763,Retail,"Paris, France"
Omega Fashion 199,Sports,"Paris, France"
Kappa Sports 964,Fashion,"Paris, France"
Epsilon Pharma 944,Fashion,"Sydney, Australia"
Delta Foods 423,Books,"Berlin, Germany"
Omega Fashion 381,Sports,"Berlin, Germany"
Zeta Furnishings 584,Food & Beverage,"Los Angeles, USA"
Kappa Sports 215,Fashion,"Berlin, Germany"
Zeta Furnishings 305,Books,"Berlin, Germany"
Gamma Electronics 316,Books,"Toronto, Canada"
Omega Fashion 672,Fashion,"Tokyo, Japan"
Kappa Sports 629,Pharmaceuticals,"Berlin, Germany"
Epsilon Pharma 362,Retail,"Tokyo, Japan"
Alpha Traders 304,Fashion,"Mumbai, India"
Lambda Books 595,Pharmaceuticals,"Sydney, Australia"
Gamma Electronics 526,Fashion,"Sydney, Australia"
Alpha Traders 702,Technology,"Tokyo, Japan"
Sigma Tech 770,Retail,"Tokyo, Japan"
Gamma Electronics 717,Sports,"Los Angeles, USA"
Omega Fashion 583,Sports,"Los Angeles, USA"
Zeta Furnishings 339,Electronics,"Berlin, Germany"
Kappa Sports 636,Technology,"London, UK"
Lambda Books 892,Retail,"Toronto, Canada"
Epsilon Pharma 694,Fashion,"Mumbai, India"
Delta Foods 202,Fashion,"Dubai, UAE"
Sigma Tech 908,Retail,"New York, USA"
Gamma Electronics 178,Sports,"Sydney, Australia"
Epsilon Pharma 385,Fashion,"Los Angeles, USA"
Lambda Books 733,Fashion,"London, UK"
Zeta Furnishings 181,Fashion,"New York, USA"
Lambda Books 120,Pharmaceuticals,"Sydney, Australia"
Zeta Furnishings 139,Sports,"New York, USA"
Alpha Traders 215,Sports,"New York, USA"
Omega Fashion 980,Books,"Toronto, Canada"
Lambda Books 842,Fashion,"Mumbai, India"
Alpha Traders 801,Food & Beverage,"Dubai, UAE"
Zeta Furnishings 203,Fashion,"Berlin, Germany"
Epsilon Pharma 342,Books,"Tokyo, Japan"
Alpha Traders 300,Technology,"Mumbai, India"
Gamma Electronics 594,Electronics,"Dubai, UAE"
Epsilon Pharma 105,Sports,"New York, USA"
Delta Foods 746,Pharmaceuticals,"Berlin, Germany"
Epsilon Pharma 588,Fashion,"Sydney, Australia"
Gamma Electronics 873,Sports,"Dubai, UAE"
Gamma Electronics 966,Food & Beverage,"Dubai, UAE"
Lambda Books 662,Electronics,"Sydney, Australia"
Sigma Tech 345,Books,"Paris, France"
Kappa Sports 585,Technology,"Berlin, Germany"
Lambda Books 120,Food & Beverage,"Tokyo, Japan"
Lambda Books 545,Technology,"Paris, France"
Beta Retail 597,Electronics,"Tokyo, Japan"
Gamma Electronics 714,Electronics,"New York, USA"
Beta Retail 612,Retail,"Berlin, Germany"
Alpha Traders 250,Fashion,"Sydney, Australia"
Kappa Sports 966,Fashion,"Dubai, UAE"
Beta Retail 347,Retail,"Los Angeles, USA"
Delta Foods 920,Retail,"Berlin, Germany"
Delta Foods 178,Retail,"Toronto, Canada"
Zeta Furnishings 135,Books,"Tokyo, Japan"
Epsilon Pharma 573,Pharmaceuticals,"Toronto, Canada"
Alpha Traders 755,Electronics,"Mumbai, India"
Epsilon Pharma 968,Electronics,"Sydney, Australia"
Kappa Sports 192,Food & Beverage,"Tokyo, Japan"
Kappa Sports 157,Electronics,"Dubai, UAE"
Epsilon Pharma 174,Books,"Berlin, Germany"
Omega Fashion 357,Sports,"Tokyo, Japan"
Alpha Traders 666,Food & Beverage,"Berlin, Germany"
Beta Retail 445,Sports,"London, UK"
Sigma Tech 202,Retail,"Mumbai, India"
Omega Fashion 818,Books,"London, UK"
Kappa Sports 555,Electronics,"Sydney, Australia"
Zeta Furnishings 936,Electronics,"Tokyo, Japan"
Sigma Tech 994,Food & Beverage,"Berlin, Germany"
Sigma Tech 316,Technology,"Dubai, UAE"
Sigma Tech 118,Books,"London, UK"
Kappa Sports 609,Food & Beverage,"Berlin, Germany"
Kappa Sports 850,Pharmaceuticals,"Mumbai, India"
Beta Retail 298,Technology,"Tokyo, Japan"
Beta Retail 562,Retail,"New York, USA"
Alpha Traders 778,Retail,"Berlin, Germany"
Alpha Traders 967,Technology,"Los Angeles, USA"
Sigma Tech 422,Fashion,"Toronto, Canada"
Zeta Furnishings 638,Food & Beverage,"Paris, France"
Alpha Traders 379,Retail,"New York, USA"
Zeta Furnishings 321,Sports,"Dubai, UAE"
Delta Foods 375,Pharmaceuticals,"Paris, France"
Lambda Books 790,Sports,"Sydney, Australia"
Alpha Traders 793,Food & Beverage,"Paris, France"
Lambda Books 820,Food & Beverage,"Berlin, Germany"
Kappa Sports 876,Food & Beverage,"Los Angeles, USA"
Omega Fashion 812,Fashion,"New York, USA"
Zeta Furnishings 500,Books,"Toronto, Canada"
Zeta Furnishings 157,Books,"London, UK"
Kappa Sports 784,Retail,"Tokyo, Japan"
Epsilon Pharma 564,Electronics,"Dubai, UAE"
Lambda Books 398,Technology,"Toronto, Canada"
Kappa Sports 175,Retail,"Tokyo, Japan"
Epsilon Pharma 663,Retail,"Tokyo, Japan"
Beta Retail 617,Retail,"Paris, France"
Gamma Electronics 667,Electronics,"Los Angeles, USA"
Omega Fashion 399,Retail,"New York, USA"
Sigma Tech 987,Sports,"Mumbai, India"
Omega Fashion 625,Books,"Sydney, Australia"
Delta Foods 540,Technology,"Dubai, UAE"
Omega Fashion 676,Food & Beverage,"Dubai, UAE"
Zeta Furnishings 469,Fashion,"Los Angeles, USA"
Alpha Traders 808,Electronics,"Dubai, UAE"
Omega Fashion 353,Books,"Los Angeles, USA"
Beta Retail 970,Sports,"Sydney, Australia"
Delta Foods 258,Technology,"Toronto, Canada"
Zeta Furnishings 156,Books,"Paris, France"
Omega Fashion 865,Retail,"Berlin, Germany"
Sigma Tech 152,Electronics,"New York, USA"
Alpha Traders 357,Fashion,"Berlin, Germany"
Omega Fashion 644,Retail,"Tokyo, Japan"
Sigma Tech 836,Books,"Los Angeles, USA"
Epsilon Pharma 395,Electronics,"Toronto, Canada"
Lambda Books 162,Pharmaceuticals,"London, UK"
Beta Retail 504,Books,"Berlin, Germany"
Beta Retail 907,Technology,"Los Angeles, USA"
Delta Foods 910,Pharmaceuticals,"Tokyo, Japan"
Sigma Tech 892,Technology,"Dubai, UAE"
Lambda Books 187,Pharmaceuticals,"Sydney, Australia"
Sigma Tech 163,Food & Beverage,"Berlin, Germany"
Delta Foods 548,Technology,"Dubai, UAE"
Gamma Electronics 605,Food & Beverage,"Tokyo, Japan"
Epsilon Pharma 590,Sports,"Dubai, UAE"
Lambda Books 343,Food & Beverage,"Dubai, UAE"
Kappa Sports 665,Food & Beverage,"Tokyo, Japan"
Sigma Tech 540,Technology,"Mumbai, India"
Gamma Electronics 796,Fashion,"Paris, France"
Beta Retail 931,Sports,"New York, USA"
Epsilon Pharma 271,Sports,"Toronto, Canada"
Omega Fashion 492,Retail,"Los Angeles, USA"
Gamma Electronics 450,Books,"New York, USA"
Gamma Electronics 146,Electronics,"Toronto, Canada"
Sigma Tech 934,Electronics,"Toronto, Canada"
Lambda Books 222,Electronics,"Sydney, Australia"
Beta Retail 194,Electronics,"London, UK"
Delta Foods 294,Electronics,"Berlin, Germany"
Zeta Furnishings 194,Retail,"Los Angeles, USA"
Sigma Tech 305,Pharmaceuticals,"Mumbai, India"
Alpha Traders 183,Sports,"New York, USA"
Delta Foods 731,Electronics,"Dubai, UAE"
Alpha Traders 444,Retail,"Toronto, Canada"
Sigma Tech 574,Retail,"Paris, France"
Lambda Books 339,Food & Beverage,"New York, USA"
Kappa Sports 879,Pharmaceuticals,"Tokyo, Japan"
Zeta Furnishings 853,Sports,"Los Angeles, USA"
Sigma Tech 933,Electronics,"Berlin, Germany"
Beta Retail 713,Pharmaceuticals,"Toronto, Canada"
Epsilon Pharma 820,Books,"Los Angeles, USA"
Gamma Electronics 163,Technology,"Sydney, Australia"
Sigma Tech 804,Pharmaceuticals,"Dubai, UAE"
Lambda Books 965,Technology,"New York, USA"
Kappa Sports 251,Retail,"Sydney, Australia"
Alpha Traders 807,Fashion,"London, UK"
Beta Retail 266,Retail,"Mumbai, India"
Epsilon Pharma 536,Retail,"Paris, France"
Zeta Furnishings 908,Food & Beverage,"Los Angeles, USA"
Gamma Electronics 327,Technology,"Toronto, Canada"
Alpha Traders 432,Food & Beverage,"Sydney, Australia"
Alpha Traders 766,Pharmaceuticals,"Berlin, Germany"
Lambda Books 786,Fashion,"New York, USA"
Kappa Sports 589,Retail,"New York, USA"
Sigma Tech 813,Sports,"Paris, France"
Zeta Furnishings 315,Retail,"New York, USA"
Lambda Books 919,Pharmaceuticals,"New York, USA"
Delta Foods 163,Pharmaceuticals,"Sydney, Australia"
Delta Foods 469,Pharmaceuticals,"Berlin, Germany"
Epsilon Pharma 838,Fashion,"Dubai, UAE"
Alpha Traders 402,Electronics,"Los Angeles, USA"
Beta Retail 557,Retail,"Dubai, UAE"
Kappa Sports 638,Sports,"Dubai, UAE"
Sigma Tech 978,Fashion,"London, UK"
Beta Retail 896,Electronics,"Los Angeles, USA"
Kappa Sports 653,Pharmaceuticals,"Mumbai, India"
Lambda Books 650,Retail,"Los Angeles, USA"
Alpha Traders 194,Food & Beverage,"Paris, France"
Sigma Tech 296,Fashion,"Los Angeles, USA"
Gamma Electronics 223,Technology,"London, UK"
Sigma Tech 777,Pharmaceuticals,"Toronto, Canada"
Lambda Books 569,Books,"Toronto, Canada"
Lambda Books 664,Pharmaceuticals,"Sydney, Australia"
Sigma Tech 387,Technology,"Tokyo, Japan"
Sigma Tech 586,Retail,"Mumbai, India"
Kappa Sports 976,Food & Beverage,"New York, USA"
Omega Fashion 949,Technology,"Toronto, Canada"
Gamma Electronics 571,Electronics,"Mumbai, India"
Kappa Sports 269,Electronics,"New York, USA"
Kappa Sports 924,Food & Beverage,"London, UK"
Lambda Books 710,Books,"London, UK"
Gamma Electronics 384,Electronics,"Tokyo, Japan"
Epsilon Pharma 763,Pharmaceuticals,"Paris, France"
Alpha Traders 631,Retail,"Berlin, Germany"
Sigma Tech 848,Technology,"New York, USA"
Beta Retail 955,Retail,"Dubai, UAE"
Kappa Sports 327,Sports,"London, UK"
Lambda Books 874,Technology,"Paris, France"
Alpha Traders 642,Fashion,"Los Angeles, USA"
Zeta Furnishings 683,Sports,"Mumbai, India"
Kappa Sports 525,Books,"Tokyo, Japan"
Sigma Tech 778,Books,"London, UK"
Gamma Electronics 651,Food & Beverage,"Dubai, UAE"
Kappa Sports 999,Food & Beverage,"Paris, France"
Gamma Electronics 405,Books,"Toronto, Canada"
Zeta Furnishings 844,Books,"Tokyo, Japan"
Gamma Electronics 342,Fashion,"London, UK"
Delta Foods 580,Food & Beverage,"Los Angeles, USA"
Zeta Furnishings 608,Sports,"Sydney, Australia"
Epsilon Pharma 257,Technology,"Dubai, UAE"
Kappa Sports 268,Books,"Toronto, Canada"
Alpha Traders 397,Technology,"Paris, France"
Gamma Electronics 976,Sports,"New York, USA"
Alpha Traders 376,Electronics,"Los Angeles, USA"
Omega Fashion 406,Sports,"Tokyo, Japan"
Sigma Tech 617,Electronics,"Los Angeles, USA"
Sigma Tech 867,Electronics,"New York, USA"
Alpha Traders 507,Books,"Berlin, Germany"
Kappa Sports 628,Pharmaceuticals,"Sydney, Australia"
Omega Fashion 746,Sports,"Paris, France"
Sigma Tech 336,Fashion,"New York, USA"
Gamma Electronics 288,Retail,"Dubai, UAE"
Kappa Sports 805,Technology,"Los Angeles, USA"
Gamma Electronics 324,Books,"London, UK"
Alpha Traders 443,Sports,"Berlin, Germany"
Epsilon Pharma 321,Food & Beverage,"Dubai, UAE"
Alpha Traders 356,Food & Beverage,"Mumbai, India"
Zeta Furnishings 784,Sports,"New York, USA"
Zeta Furnishings 152,Electronics,"Paris, France"
Alpha Traders 889,Books,"Sydney, Australia"
Delta Foods 439,Fashion,"London, UK"
Zeta Furnishings 271,Pharmaceuticals,"Sydney, Australia"
Gamma Electronics 755,Pharmaceuticals,"London, UK"
Zeta Furnishings 250,Fashion,"Mumbai, India"
Omega Fashion 166,Retail,"Tokyo, Japan"
Sigma Tech 729,Books,"Dubai, UAE"
Zeta Furnishings 780,Books,"Toronto, Canada"
Lambda Books 658,Sports,"Toronto, Canada"
Sigma Tech 380,Electronics,"New York, USA"
Alpha Traders 291,Retail,"London, UK"
Alpha Traders 192,Retail,"Berlin, Germany"
Sigma Tech 569,Books,"Toronto, Canada"
Lambda Books 427,Books,"Los Angeles, USA"
Kappa Sports 242,Food & Beverage,"Toronto, Canada"
Alpha Traders 300,Retail,"Paris, France"
Sigma Tech 665,Fashion,"Berlin, Germany"
Delta Foods 852,Retail,"Toronto, Canada"
Delta Foods 167,Sports,"Sydney, Australia"
Kappa Sports 874,Books,"Dubai, UAE"
Gamma Electronics 786,Sports,"Toronto, Canada"
Epsilon Pharma 107,Food & Beverage,"Berlin, Germany"
Epsilon Pharma 473,Books,"New York, USA"
Sigma Tech 949,Sports,"Toronto, Canada"
Zeta Furnishings 337,Retail,"Paris, France"
Alpha Traders 669,Electronics,"Tokyo, Japan"
Lambda Books 586,Sports,"Paris, France"
Lambda Books 739,Fashion,"New York, USA"
Epsilon Pharma 912,Books,"Los Angeles, USA"
Kappa Sports 462,Books,"Los Angeles, USA"
Omega Fashion 599,Fashion,"Mumbai, India"
Lambda Books 430,Pharmaceuticals,"Los Angeles, USA"
Zeta Furnishings 657,Food & Beverage,"Toronto, Canada"
Sigma Tech 365,Electronics,"Paris, France"
Sigma Tech 130,Fashion,"Dubai, UAE"
Epsilon Pharma 398,Books,"Mumbai, India"
Gamma Electronics 561,Pharmaceuticals,"Mumbai, India"
Omega Fashion 398,Electronics,"Los Angeles, USA"
Kappa Sports 740,Retail,"Dubai, UAE"
Sigma Tech 837,Pharmaceuticals,"Sydney, Australia"
Delta Foods 941,Books,"New York, USA"
Alpha Traders 369,Food & Beverage,"Sydney, Australia"
Epsilon Pharma 757,Food & Beverage,"Paris, France"
Beta Retail 669,Fashion,"Berlin, Germany"
Kappa Sports 288,Food & Beverage,"Dubai, UAE"
Alpha Traders 474,Books,"Los Angeles, USA"
Sigma Tech 322,Retail,"Berlin, Germany"
Beta Retail 911,Sports,"London, UK"
Omega Fashion 326,Sports,"London, UK"
Lambda Books 497,Electronics,"London, UK"
Delta Foods 895,Electronics,"Los Angeles, USA"
Gamma Electronics 232,Food & Beverage,"Tokyo, Japan"
Kappa Sports 726,Pharmaceuticals,"Toronto, Canada"
Gamma Electronics 371,Electronics,"Paris, France"
Alpha Traders 950,Food & Beverage,"New York, USA"
Sigma Tech 370,Electronics,"London, UK"
Gamma Electronics 235,Sports,"Tokyo, Japan"
Lambda Books 595,Electronics,"Tokyo, Japan"
Zeta Furnishings 307,Food & Beverage,"Sydney, Australia"
Sigma Tech 720,Pharmaceuticals,"Berlin, Germany"
Gamma Electronics 574,Sports,"Tokyo, Japan"
Gamma Electronics 527,Electronics,"Mumbai, India"
Alpha Traders 182,Food & Beverage,"Dubai, UAE"
Kappa Sports 938,Food & Beverage,"London, UK"
Epsilon Pharma 323,Fashion,"London, UK"
Kappa Sports 812,Technology,"Paris, France"
Sigma Tech 323,Fashion,"New York, USA"
Sigma Tech 387,Pharmaceuticals,"Berlin, Germany"
Alpha Traders 378,Books,"Berlin, Germany"
Delta Foods 969,Retail,"Mumbai, India"
Gamma Electronics 709,Retail,"Mumbai, India"
Epsilon Pharma 772,Retail,"New York, USA"
Epsilon Pharma 525,Food & Beverage,"Tokyo, Japan"
Gamma Electronics 333,Technology,"Los Angeles, USA"
Gamma Electronics 388,Food & Beverage,"Toronto, Canada"
Omega Fashion 133,Pharmaceuticals,"Berlin, Germany"
Lambda Books 786,Fashion,"Los Angeles, USA"
Alpha Traders 240,Fashion,"Sydney, Australia"
Zeta Furnishings 194,Retail,"Mumbai, India"
Delta Foods 317,Retail,"London, UK"
Sigma Tech 272,Food & Beverage,"Toronto, Canada"
Omega Fashion 671,Sports,"Tokyo, Japan"
Kappa Sports 589,Fashion,"Toronto, Canada"
Sigma Tech 348,Retail,"New York, USA"
Sigma Tech 620,Technology,"London, UK"
Delta Foods 378,Electronics,"Tokyo, Japan"
Alpha Traders 162,Sports,"New York, USA"
Omega Fashion 600,Books,"Sydney, Australia"
Alpha Traders 271,Technology,"Berlin, Germany"
Beta Retail 688,Sports,"Sydney, Australia"
Gamma Electronics 651,Technology,"Tokyo, Japan"
Gamma Electronics 460,Sports,"New York, USA"
Beta Retail 621,Retail,"Paris, France"
Delta Foods 169,Sports,"Los Angeles, USA"
Delta Foods 847,Books,"Dubai, UAE"
Zeta Furnishings 809,Sports,"Sydney, Australia"
Delta Foods 240,Electronics,"Los Angeles, USA"
Kappa Sports 467,Pharmaceuticals,"Los Angeles, USA"
Alpha Traders 866,Food & Beverage,"Toronto, Canada"
Epsilon Pharma 108,Pharmaceuticals,"Berlin, Germany"
Omega Fashion 699,Food & Beverage,"Sydney, Australia"
Gamma Electronics 989,Technology,"Dubai, UAE"
Beta Retail 779,Sports,"New York, USA"
Sigma Tech 808,Food & Beverage,"Sydney, Australia"
Alpha Traders 417,Retail,"London, UK"
Alpha Traders 412,Technology,"Berlin, Germany"
Alpha Traders 914,Fashion,"New York, USA"
Lambda Books 773,Sports,"Tokyo, Japan"
Lambda Books 189,Fashion,"Berlin, Germany"
Zeta Furnishings 252,Food & Beverage,"Mumbai, India"
Epsilon Pharma 171,Books,"Dubai, UAE"
Gamma Electronics 756,Retail,"Toronto, Canada"
Gamma Electronics 165,Books,"Tokyo, Japan"
Sigma Tech 876,Electronics,"Toronto, Canada"
Omega Fashion 328,Technology,"Toronto, Canada"
Kappa Sports 293,Sports,"Paris, France"
Kappa Sports 427,Fashion,"Dubai, UAE"
Gamma Electronics 349,Retail,"Mumbai, India"
Alpha Traders 520,Fashion,"Toronto, Canada"
Delta Foods 740,Technology,"Sydney, Australia"
Omega Fashion 595,Technology,"Berlin, Germany"
Sigma Tech 826,Sports,"Los Angeles, USA"
Beta Retail 828,Electronics,"New York, USA"
Alpha Traders 818,Pharmaceuticals,"Mumbai, India"
Kappa Sports 299,Fashion,"Mumbai, India"
Epsilon Pharma 571,Sports,"Sydney, Australia"
Sigma Tech 540,Electronics,"Sydney, Australia"
Beta Retail 303,Sports,"New York, USA"
Kappa Sports 867,Fashion,"London, UK"
Kappa Sports 289,Food & Beverage,"New York, USA"
Delta Foods 437,Food & Beverage,"Paris, France"
Alpha Traders 795,Pharmaceuticals,"Sydney, Australia"
Omega Fashion 837,Technology,"Paris, France"
Alpha Traders 333,Technology,"Los Angeles, USA"
Omega Fashion 361,Sports,"New York, USA"
Zeta Furnishings 699,Retail,"Dubai, UAE"
Kappa Sports 561,Fashion,"London, UK"
Sigma Tech 236,Books,"Dubai, UAE"
Kappa Sports 849,Pharmaceuticals,"Tokyo, Japan"
Sigma Tech 831,Technology,"Toronto, Canada"
Sigma Tech 357,Sports,"Dubai, UAE"
Alpha Traders 212,Pharmaceuticals,"New York, USA"
Delta Foods 534,Electronics,"Mumbai, India"
Sigma Tech 162,Technology,"London, UK"
Beta Retail 338,Pharmaceuticals,"Berlin, Germany"
Kappa Sports 358,Fashion,"Berlin, Germany"
Sigma Tech 267,Food & Beverage,"Sydney, Australia"
Gamma Electronics 906,Retail,"Dubai, UAE"
Alpha Traders 725,Fashion,"Berlin, Germany"
Gamma Electronics 176,Food & Beverage,"Los Angeles, USA"
Zeta Furnishings 863,Food & Beverage,"Paris, France"
Zeta Furnishings 575,Technology,"Mumbai, India"
Alpha Traders 731,Food & Beverage,"Toronto, Canada"
Omega Fashion 482,Electronics,"Tokyo, Japan"
Gamma Electronics 696,Fashion,"Tokyo, Japan"
Sigma Tech 242,Technology,"Berlin, Germany"
Lambda Books 129,Technology,"Tokyo, Japan"
Zeta Furnishings 803,Sports,"Paris, France"
Alpha Traders 287,Technology,"Dubai, UAE"
Alpha Traders 574,Food & Beverage,"Dubai, UAE"
Gamma Electronics 873,Technology,"New York, USA"
Lambda Books 371,Books,"Toronto, Canada"
Alpha Traders 524,Fashion,"Toronto, Canada"
Beta Retail 147,Fashion,"New York, USA"
Gamma Electronics 797,Sports,"Mumbai, India"
Beta Retail 146,Fashion,"Toronto, Canada"
Alpha Traders 985,Sports,"Berlin, Germany"
Sigma Tech 843,Books,"Mumbai, India"
Epsilon Pharma 924,Electronics,"Mumbai, India"
Lambda Books 889,Technology,"Sydney, Australia"
Alpha Traders 919,Technology,"Sydney, Australia"
Omega Fashion 733,Technology,"Mumbai, India"
Zeta Furnishings 228,Books,"Dubai, UAE"
Sigma Tech 837,Sports,"Paris, France"
Delta Foods 630,Fashion,"Tokyo, Japan"
Kappa Sports 946,Fashion,"London, UK"
Omega Fashion 923,Food & Beverage,"Paris, France"
Lambda Books 435,Retail,"Los Angeles, USA"
Beta Retail 520,Books,"Toronto, Canada"
Kappa Sports 988,Electronics,"New York, USA"
Omega Fashion 200,Books,"Dubai, UAE"
Alpha Traders 329,Books,"Toronto, Canada"
Alpha Traders 316,Fashion,"Los Angeles, USA"
Gamma Electronics 397,Food & Beverage,"Tokyo, Japan"
Beta Retail 322,Pharmaceuticals,"Los Angeles, USA"
Zeta Furnishings 421,Retail,"Paris, France"
Alpha Traders 135,Retail,"New York, USA"
Kappa Sports 994,Technology,"Paris, France"
Lambda Books 461,Books,"New York, USA"
Epsilon Pharma 975,Electronics,"London, UK"
Omega Fashion 563,Retail,"London, UK"
Gamma Electronics 140,Electronics,"New York, USA"
Beta Retail 359,Electronics,"New York, USA"
Beta Retail 754,Sports,"London, UK"
Epsilon Pharma 477,Retail,"Los Angeles, USA"
Gamma Electronics 462,Sports,"Dubai, UAE"
Epsilon Pharma 369,Electronics,"Paris, France"
Epsilon Pharma 664,Fashion,"London, UK"
Delta Foods 543,Electronics,"Berlin, Germany"
Alpha Traders 296,Fashion,"Paris, France"
Gamma Electronics 736,Retail,"Berlin, Germany"
Sigma Tech 985,Sports,"Los Angeles, USA"
Lambda Books 308,Retail,"Berlin, Germany"
Alpha Traders 619,Fashion,"Dubai, UAE"
Beta Retail 341,Fashion,"Berlin, Germany"
Omega Fashion 512,Electronics,"Dubai, UAE"
Epsilon Pharma 318,Pharmaceuticals,"Tokyo, Japan"
Sigma Tech 660,Technology,"London, UK"
Sigma Tech 669,Books,"Dubai, UAE"
Lambda Books 164,Electronics,"Berlin, Germany"
Epsilon Pharma 100,Sports,"Tokyo, Japan"
Kappa Sports 705,Sports,"Los Angeles, USA"
Omega Fashion 145,Retail,"New York, USA"
Gamma Electronics 596,Technology,"Los Angeles, USA"
Omega Fashion 966,Fashion,"Sydney, Australia"
Zeta Furnishings 999,Technology,"Dubai, UAE"
Gamma Electronics 935,Pharmaceuticals,"Sydney, Australia"
Epsilon Pharma 109,Electronics,"Paris, France"
Gamma Electronics 135,Sports,"Berlin, Germany"
Epsilon Pharma 838,Fashion,"Sydney, Australia"
Zeta Furnishings 829,Pharmaceuticals,"Tokyo, Japan"
Lambda Books 377,Retail,"Berlin, Germany"
Beta Retail 315,Technology,"Berlin, Germany"
Beta Retail 489,Books,"Dubai, UAE"
Omega Fashion 447,Retail,"Berlin, Germany"
Zeta Furnishings 895,Retail,"Berlin, Germany"
Omega Fashion 612,Technology,"Mumbai, India"
Zeta Furnishings 478,Books,"Tokyo, Japan"
Epsilon Pharma 666,Retail,"Dubai, UAE"
Delta Foods 592,Electronics,"New York, USA"
Alpha Traders 751,Retail,"Sydney, Australia"
Alpha Traders 798,Food & Beverage,"London, UK"
Zeta Furnishings 252,Technology,"Sydney, Australia"
Beta Retail 239,Retail,"Tokyo, Japan"
Zeta Furnishings 886,Fashion,"Berlin, Germany"
Beta Retail 253,Technology,"New York, USA"
Gamma Electronics 168,Sports,"London, UK"
Zeta Furnishings 454,Technology,"Berlin, Germany"
Omega Fashion 852,Fashion,"New York, USA"
Zeta Furnishings 752,Technology,"Berlin, Germany"
Beta Retail 343,Pharmaceuticals,"New York, USA"
Zeta Furnishings 531,Books,"Mumbai, India"
Kappa Sports 808,Retail,"Los Angeles, USA"
Gamma Electronics 280,Food & Beverage,"Dubai, UAE"
Omega Fashion 204,Books,"Los Angeles, USA"
Omega Fashion 209,Pharmaceuticals,"New York, USA"
Delta Foods 594,Pharmaceuticals,"Paris, France"
Delta Foods 352,Food & Beverage,"Dubai, UAE"
Beta Retail 955,Food & Beverage,"London, UK"
Alpha Traders 561,Sports,"Paris, France"
Kappa Sports 716,Food & Beverage,"London, UK"
Epsilon Pharma 500,Sports,"London, UK"
Delta Foods 117,Technology,"London, UK"
Zeta Furnishings 319,Pharmaceuticals,"Berlin, Germany"
Kappa Sports 903,Food & Beverage,"Toronto, Canada"
Gamma Electronics 829,Retail,"Dubai, UAE"
Epsilon Pharma 587,Pharmaceuticals,"Dubai, UAE"
Gamma Electronics 690,Food & Beverage,"Berlin, Germany"
Beta Retail 680,Sports,"New York, USA"
Zeta Furnishings 850,Retail,"Toronto, Canada"
Omega Fashion 123,Books,"Mumbai, India"
Beta Retail 700,Sports,"New York, USA"
Omega Fashion 265,Retail,"Tokyo, Japan"
Omega Fashion 837,Books,"Mumbai, India"
Alpha Traders 849,Technology,"Paris, France"
Sigma Tech 905,Food & Beverage,"Berlin, Germany"
Kappa Sports 519,Fashion,"Sydney, Australia"
Sigma Tech 256,Sports,"Mumbai, India"
Lambda Books 248,Fashion,"Los Angeles, USA"
Alpha Traders 253,Pharmaceuticals,"Dubai, UAE"
Kappa Sports 988,Books,"Mumbai, India"
Lambda Books 519,Sports,"Dubai, UAE"
Lambda Books 236,Pharmaceuticals,"Toronto, Canada"
Alpha Traders 481,Fashion,"Mumbai, India"
Zeta Furnishings 638,Electronics,"Tokyo, Japan"
Delta Foods 382,Technology,"Tokyo, Japan"
Kappa Sports 830,Pharmaceuticals,"New York, USA"
Delta Foods 145,Retail,"Dubai, UAE"
Omega Fashion 920,Food & Beverage,"Tokyo, Japan"
Omega Fashion 817,Retail,"Los Angeles, USA"
Epsilon Pharma 507,Food & Beverage,"Mumbai, India"
Alpha Traders 835,Sports,"Tokyo, Japan"
Epsilon Pharma 526,Fashion,"Sydney, Australia"
Alpha Traders 264,Food & Beverage,"New York, USA"
Omega Fashion 844,Sports,"Dubai, UAE"
Omega Fashion 353,Food & Beverage,"Toronto, Canada"
Delta Foods 301,Electronics,"Tokyo, Japan"
Epsilon Pharma 311,Retail,"Berlin, Germany"
Beta Retail 682,Food & Beverage,"Berlin, Germany"
Omega Fashion 511,Sports,"New York, USA"
Gamma Electronics 608,Electronics,"Sydney, Australia"
Delta Foods 679,Pharmaceuticals,"Paris, France"
Sigma Tech 247,Pharmaceuticals,"Tokyo, Japan"
Sigma Tech 928,Sports,"London, UK"
Beta Retail 209,Sports,"Tokyo, Japan"
Gamma Electronics 502,Technology,"New York, USA"
Omega Fashion 298,Books,"New York, USA"
Alpha Traders 187,Books,"Sydney, Australia"
Lambda Books 186,Technology,"Sydney, Australia"
Kappa Sports 170,Retail,"Dubai, UAE"
Zeta Furnishings 523,Sports,"Toronto, Canada"
Delta Foods 540,Pharmaceuticals,"Tokyo, Japan"
Epsilon Pharma 361,Technology,"New York, USA"
Alpha Traders 603,Sports,"London, UK"
Gamma Electronics 552,Sports,"Paris, France"
Omega Fashion 860,Food & Beverage,"London, UK"
Epsilon Pharma 257,Pharmaceuticals,"New York, USA"
Sigma Tech 167,Retail,"Sydney, Australia"
Beta Retail 199,Pharmaceuticals,"New York, USA"
Omega Fashion 843,Food & Beverage,"Paris, France"
Delta Foods 115,Pharmaceuticals,"London, UK"
Delta Foods 504,Electronics,"Berlin, Germany"
Delta Foods 940,Food & Beverage,"Dubai, UAE"
Omega Fashion 391,Fashion,"New York, USA"
Gamma Electronics 207,Pharmaceuticals,"Tokyo, Japan"
Lambda Books 699,Fashion,"Sydney, Australia"
Epsilon Pharma 617,Food & Beverage,"Paris, France"
Lambda Books 241,Fashion,"Berlin, Germany"
Gamma Electronics 665,Fashion,"Berlin, Germany"
Lambda Books 811,Technology,"Sydney, Australia"
Delta Foods 162,Technology,"New York, USA"
Gamma Electronics 959,Electronics,"New York, USA"
Lambda Books 437,Food & Beverage,"New York, USA"
Epsilon Pharma 382,Pharmaceuticals,"Berlin, Germany"
Sigma Tech 383,Technology,"Dubai, UAE"
Zeta Furnishings 454,Electronics,"Dubai, UAE"
Gamma Electronics 386,Retail,"Tokyo, Japan"
Alpha Traders 601,Books,"Paris, France"
Alpha Traders 636,Technology,"London, UK"
Lambda Books 305,Books,"Mumbai, India"
Epsilon Pharma 824,Technology,"Mumbai, India"
Zeta Furnishings 887,Electronics,"Mumbai, India"
Epsilon Pharma 220,Fashion,"Toronto, Canada"
Sigma Tech 506,Sports,"New York, USA"
Zeta Furnishings 765,Sports,"Paris, France"
Beta Retail 334,Retail,"Los Angeles, USA"
Delta Foods 440,Pharmaceuticals,"New York, USA"
Beta Retail 358,Technology,"Berlin, Germany"
Alpha Traders 765,Pharmaceuticals,"Toronto, Canada"
Alpha Traders 463,Fashion,"New York, USA"
Gamma Electronics 896,Fashion,"New York, USA"
Omega Fashion 786,Fashion,"Berlin, Germany"
Epsilon Pharma 521,Sports,"Mumbai, India"
Alpha Traders 298,Books,"Tokyo, Japan"
Delta Foods 365,Books,"Paris, France"
Sigma Tech 949,Fashion,"Toronto, Canada"
Kappa Sports 904,Food & Beverage,"New York, USA"
Kappa Sports 279,Fashion,"Los Angeles, USA"
Lambda Books 941,Technology,"Mumbai, India"
Zeta Furnishings 857,Food & Beverage,"Dubai, UAE"
Lambda Books 115,Sports,"Dubai, UAE"
Delta Foods 169,Electronics,"Tokyo, Japan"
Alpha Traders 849,Food & Beverage,"Berlin, Germany"
Alpha Traders 664,Retail,"Paris, France"
Gamma Electronics 652,Retail,"Berlin, Germany"
Delta Foods 482,Sports,"Los Angeles, USA"
Beta Retail 760,Fashion,"London, UK"
Zeta Furnishings 636,Technology,"Sydney, Australia"
Zeta Furnishings 242,Electronics,"Dubai, UAE"
Gamma Electronics 660,Pharmaceuticals,"Tokyo, Japan"
Kappa Sports 572,Books,"London, UK"
Zeta Furnishings 189,Retail,"Los Angeles, USA"
Epsilon Pharma 716,Fashion,"Sydney, Australia"
Omega Fashion 506,Books,"London, UK"
Omega Fashion 736,Technology,"Tokyo, Japan"
Kappa Sports 371,Technology,"Paris, France"
Gamma Electronics 116,Pharmaceuticals,"Tokyo, Japan"
Delta Foods 816,Technology,"Los Angeles, USA"
Omega Fashion 690,Electronics,"Sydney, Australia"
Sigma Tech 712,Electronics,"Tokyo, Japan"
Sigma Tech 917,Technology,"Sydney, Australia"
Sigma Tech 808,Food & Beverage,"Toronto, Canada"
Lambda Books 146,Food & Beverage,"Sydney, Australia"
Epsilon Pharma 109,Technology,"Tokyo, Japan"
Epsilon Pharma 697,Retail,"Sydney, Australia"
Lambda Books 891,Retail,"Mumbai, India"
Kappa Sports 670,Electronics,"Tokyo, Japan"
Gamma Electronics 524,Retail,"Mumbai, India"
Gamma Electronics 256,Sports,"Paris, France"
Beta Retail 730,Pharmaceuticals,"Berlin, Germany"
Epsilon Pharma 345,Fashion,"Mumbai, India"
Sigma Tech 280,Books,"Berlin, Germany"
Gamma Electronics 940,Retail,"Mumbai, India"
Omega Fashion 154,Fashion,"New York, USA"
Delta Foods 510,Electronics,"Paris, France"
Beta Retail 184,Retail,"Tokyo, Japan"
Delta Foods 509,Fashion,"Paris, France"
Delta Foods 773,Fashion,"Sydney, Australia"
Alpha Traders 933,Books,"Dubai, UAE"
Sigma Tech 600,Fashion,"Los Angeles, USA"
Zeta Furnishings 523,Sports,"Los Angeles, USA"
Sigma Tech 756,Fashion,"Los Angeles, USA"
Beta Retail 438,Books,"Toronto, Canada"
Sigma Tech 290,Books,"Dubai, UAE"
Gamma Electronics 280,Pharmaceuticals,"Dubai, UAE"
Lambda Books 315,Books,"Berlin, Germany"
Gamma Electronics 823,Fashion,"Mumbai, India"
Delta Foods 677,Sports,"Sydney, Australia"
Sigma Tech 973,Sports,"London, UK"
Omega Fashion 806,Electronics,"Mumbai, India"
Epsilon Pharma 246,Pharmaceuticals,"Mumbai, India"
Alpha Traders 917,Pharmaceuticals,"Toronto, Canada"
Beta Retail 933,Fashion,"Paris, France"
Epsilon Pharma 119,Pharmaceuticals,"Sydney, Australia"
Sigma Tech 517,Technology,"London, UK"
Beta Retail 775,Electronics,"Berlin, Germany"
Beta Retail 109,Sports,"Dubai, UAE"
Gamma Electronics 535,Food & Beverage,"Dubai, UAE"
Kappa Sports 273,Retail,"Paris, France"
Lambda Books 633,Retail,"Berlin, Germany"
Alpha Traders 291,Food & Beverage,"Dubai, UAE"
Beta Retail 109,Technology,"Berlin, Germany"
Omega Fashion 310,Food & Beverage,"Mumbai, India"
Omega Fashion 870,Pharmaceuticals,"Sydney, Australia"
Lambda Books 230,Technology,"New York, USA"
Epsilon Pharma 106,Retail,"Toronto, Canada"
Lambda Books 686,Sports,"Paris, France"
Gamma Electronics 377,Books,"Dubai, UAE"
Sigma Tech 828,Books,"Paris, France"
Alpha Traders 509,Pharmaceuticals,"Tokyo, Japan"
Epsilon Pharma 948,Technology,"Mumbai, India"
Kappa Sports 216,Food & Beverage,"Los Angeles, USA"
Delta Foods 331,Fashion,"Tokyo, Japan"
Gamma Electronics 675,Technology,"Los Angeles, USA"
Delta Foods 201,Pharmaceuticals,"New York, USA"
Lambda Books 375,Sports,"Paris, France"
Zeta Furnishings 217,Pharmaceuticals,"London, UK"
Omega Fashion 364,Sports,"Los Angeles, USA"
Delta Foods 991,Fashion,"Toronto, Canada"
Epsilon Pharma 946,Technology,"Paris, France"
Kappa Sports 980,Technology,"Sydney, Australia"
Alpha Traders 281,Electronics,"Paris, France"
Delta Foods 711,Pharmaceuticals,"Berlin, Germany"
Zeta Furnishings 398,Sports,"Toronto, Canada"
Epsilon Pharma 613,Retail,"Toronto, Canada"
Zeta Furnishings 802,Fashion,"Los Angeles, USA"
Delta Foods 714,Technology,"Dubai, UAE"
Beta Retail 390,Electronics,"Los Angeles, USA"
Gamma Electronics 377,Pharmaceuticals,"London, UK"
Gamma Electronics 571,Pharmaceuticals,"Berlin, Germany"
Sigma Tech 195,Books,"Dubai, UAE"
Lambda Books 911,Fashion,"Sydney, Australia"
Delta Foods 434,Technology,"Paris, France"
Beta Retail 968,Electronics,"New York, USA"
Gamma Electronics 206,Retail,"Berlin, Germany"
Gamma Electronics 231,Food & Beverage,"London, UK"
Delta Foods 683,Books,"Los Angeles, USA"
Gamma Electronics 608,Retail,"Berlin, Germany"
Lambda Books 287,Books,"Dubai, UAE"
Epsilon Pharma 739,Electronics,"Tokyo, Japan"
Beta Retail 158,Pharmaceuticals,"Mumbai, India"
Sigma Tech 775,Technology,"Dubai, UAE"
Sigma Tech 124,Sports,"Tokyo, Japan"
Gamma Electronics 768,Electronics,"New York, USA"
Gamma Electronics 875,Fashion,"Dubai, UAE"
Beta Retail 357,Electronics,"Berlin, Germany"
Kappa Sports 569,Books,"Dubai, UAE"
Lambda Books 195,Technology,"Sydney, Australia"
Omega Fashion 970,Food & Beverage,"Tokyo, Japan"
Kappa Sports 319,Technology,"Mumbai, India"
Gamma Electronics 585,Pharmaceuticals,"Los Angeles, USA"
Zeta Furnishings 230,Sports,"Paris, France"
Kappa Sports 817,Food & Beverage,"Los Angeles, USA"
Kappa Sports 117,Fashion,"Tokyo, Japan"
Beta Retail 472,Electronics,"Sydney, Australia"
Kappa Sports 105,Books,"Berlin, Germany"
Gamma Electronics 680,Fashion,"Dubai, UAE"
Delta Foods 306,Retail,"London, UK"
Delta Foods 287,Pharmaceuticals,"Tokyo, Japan"
Omega Fashion 805,Pharmaceuticals,"Toronto, Canada"
Kappa Sports 289,Food & Beverage,"Mumbai, India"
Lambda Books 928,Retail,"Toronto, Canada"
Omega Fashion 914,Pharmaceuticals,"London, UK"
Zeta Furnishings 296,Electronics,"Los Angeles, USA"
Epsilon Pharma 329,Food & Beverage,"Toronto, Canada"
Sigma Tech 988,Sports,"Paris, France"
Gamma Electronics 434,Sports,"London, UK"
Zeta Furnishings 686,Technology,"Paris, France"
Gamma Electronics 201,Books,"Los Angeles, USA"
Kappa Sports 731,Pharmaceuticals,"Paris, France"
Sigma Tech 382,Food & Beverage,"Los Angeles, USA"
Kappa Sports 131,Technology,"London, UK"
Gamma Electronics 835,Technology,"Paris, France"
Kappa Sports 724,Food & Beverage,"Berlin, Germany"
Alpha Traders 162,Electronics,"Sydney, Australia"
Epsilon Pharma 683,Retail,"Sydney, Australia"
Sigma Tech 564,Food & Beverage,"Mumbai, India"
Sigma Tech 517,Electronics,"Paris, France"
Omega Fashion 870,Retail,"London, UK"
Alpha Traders 842,Fashion,"Paris, France"
Alpha Traders 651,Retail,"Paris, France"
Kappa Sports 318,Books,"Paris, France"
Alpha Traders 109,Fashion,"London, UK"
Epsilon Pharma 743,Pharmaceuticals,"Los Angeles, USA"
Delta Foods 991,Technology,"Toronto, Canada"
Beta Retail 416,Books,"London, UK"
Gamma Electronics 836,Books,"Paris, France"
Gamma Electronics 502,Electronics,"London, UK"
Epsilon Pharma 522,Food & Beverage,"Paris, France"
Lambda Books 366,Electronics,"New York, USA"
Alpha Traders 705,Pharmaceuticals,"New York, USA"
Beta Retail 384,Sports,"Sydney, Australia"
Lambda Books 733,Fashion,"Los Angeles, USA"
Delta Foods 192,Retail,"Paris, France"
Delta Foods 284,Pharmaceuticals,"Paris, France"
Kappa Sports 533,Fashion,"Los Angeles, USA"
Zeta Furnishings 103,Electronics,"Toronto, Canada"
Gamma Electronics 823,Books,"Tokyo, Japan"
Kappa Sports 888,Books,"Tokyo, Japan"
Sigma Tech 688,Retail,"Toronto, Canada"
Epsilon Pharma 987,Technology,"Tokyo, Japan"
Lambda Books 130,Electronics,"Toronto, Canada"
Sigma Tech 484,Food & Beverage,"London, UK"
Delta Foods 399,Fashion,"London, UK"
Gamma Electronics 699,Electronics,"Los Angeles, USA"
Gamma Electronics 696,Sports,"Toronto, Canada"
Lambda Books 919,Technology,"Paris, France"
Zeta Furnishings 297,Electronics,"New York, USA"
Omega Fashion 687,Pharmaceuticals,"Toronto, Canada"
Gamma Electronics 225,Sports,"Mumbai, India"
Lambda Books 757,Pharmaceuticals,"Berlin, Germany"
Zeta Furnishings 597,Fashion,"New York, USA"
Gamma Electronics 707,Books,"Dubai, UAE"
Delta Foods 838,Electronics,"Toronto, Canada"
Alpha Traders 873,Fashion,"Paris, France"
Kappa Sports 756,Pharmaceuticals,"Tokyo, Japan"
Delta Foods 536,Fashion,"New York, USA"
Alpha Traders 402,Pharmaceuticals,"Dubai, UAE"
Zeta Furnishings 651,Books,"New York, USA"
Kappa Sports 798,Books,"Toronto, Canada"
Delta Foods 814,Electronics,"Sydney, Australia"
Delta Foods 517,Fashion,"Dubai, UAE"
Kappa Sports 676,Sports,"Paris, France"
Gamma Electronics 743,Food & Beverage,"New York, USA"
Beta Retail 168,Pharmaceuticals,"Sydney, Australia"
Gamma Electronics 253,Fashion,"New York, USA"
Alpha Traders 238,Pharmaceuticals,"Berlin, Germany"
Delta Foods 508,Retail,"New York, USA"
Kappa Sports 149,Fashion,"Berlin, Germany"
Kappa Sports 307,Books,"Sydney, Australia"
Alpha Traders 226,Sports,"Berlin, Germany"
Kappa Sports 251,Books,"Berlin, Germany"
Omega Fashion 628,Technology,"Berlin, Germany"
Omega Fashion 612,Technology,"Dubai, UAE"
Gamma Electronics 858,Technology,"Tokyo, Japan"
Omega Fashion 284,Electronics,"New York, USA"
Beta Retail 255,Food & Beverage,"Berlin, Germany"
Kappa Sports 774,Technology,"New York, USA"
Lambda Books 316,Retail,"New York, USA"
Beta Retail 223,Books,"New York, USA"
Alpha Traders 547,Fashion,"New York, USA"
Sigma Tech 498,Books,"Tokyo, Japan"
Gamma Electronics 205,Electronics,"Mumbai, India"
Epsilon Pharma 774,Sports,"Mumbai, India"
Zeta Furnishings 144,Technology,"Tokyo, Japan"
Zeta Furnishings 348,Books,"Dubai, UAE"
Zeta Furnishings 371,Pharmaceuticals,"Tokyo, Japan"
Lambda Books 560,Fashion,"Dubai, UAE"
Zeta Furnishings 342,Technology,"London, UK"
Zeta Furnishings 238,Pharmaceuticals,"Tokyo, Japan"
Alpha Traders 964,Books,"Paris, France"
Kappa Sports 382,Sports,"New York, USA"
Gamma Electronics 585,Sports,"Mumbai, India"
Lambda Books 334,Food & Beverage,"Paris, France"
Alpha Traders 957,Technology,"Mumbai, India"
Alpha Traders 368,Electronics,"Dubai, UAE"
Omega Fashion 912,Books,"Mumbai, India"
Omega Fashion 152,Books,"Berlin, Germany"
Zeta Furnishings 200,Sports,"London, UK"
Sigma Tech 420,Fashion,"London, UK"
Delta Foods 148,Technology,"Tokyo, Japan"
Gamma Electronics 753,Food & Beverage,"New York, USA"
Epsilon Pharma 920,Food & Beverage,"Mumbai, India"
Sigma Tech 626,Electronics,"Sydney, Australia"
Omega Fashion 693,Technology,"Los Angeles, USA"
Alpha Traders 326,Food & Beverage,"Paris, France"
Sigma Tech 351,Pharmaceuticals,"Mumbai, India"
Kappa Sports 791,Books,"Paris, France"
Kappa Sports 392,Food & Beverage,"Sydney, Australia"
Kappa Sports 371,Books,"Mumbai, India"
Epsilon Pharma 367,Electronics,"Paris, France"
Epsilon Pharma 936,Technology,"London, UK"
Lambda Books 764,Retail,"Los Angeles, USA"
Epsilon Pharma 890,Pharmaceuticals,"Paris, France"
Lambda Books 511,Retail,"New York, USA"
Omega Fashion 615,Food & Beverage,"Toronto, Canada"
Epsilon Pharma 211,Retail,"Los Angeles, USA"
Delta Foods 755,Fashion,"Tokyo, Japan"
Omega Fashion 159,Electronics,"Paris, France"
Delta Foods 632,Sports,"Berlin, Germany"
Lambda Books 435,Fashion,"Toronto, Canada"
Beta Retail 871,Food & Beverage,"Toronto, Canada"
Beta Retail 534,Technology,"Tokyo, Japan"
Zeta Furnishings 111,Books,"London, UK"
Zeta Furnishings 333,Sports,"Toronto, Canada"
Beta Retail 864,Pharmaceuticals,"Los Angeles, USA"
Delta Foods 462,Books,"Paris, France"
Omega Fashion 203,Books,"Dubai, UAE"
Kappa Sports 509,Pharmaceuticals,"New York, USA"
Beta Retail 760,Electronics,"Mumbai, India"
Omega Fashion 748,Food & Beverage,"London, UK"
Beta Retail 232,Food & Beverage,"Toronto, Canada"
Delta Foods 214,Technology,"Sydney, Australia"
Epsilon Pharma 254,Books,"Sydney, Australia"
Alpha Traders 958,Electronics,"Berlin, Germany"
Zeta Furnishings 460,Sports,"Toronto, Canada"
Zeta Furnishings 341,Fashion,"London, UK"
Sigma Tech 532,Food & Beverage,"Dubai, UAE"
Epsilon Pharma 328,Food & Beverage,"Berlin, Germany"
Omega Fashion 111,Technology,"New York, USA"
Alpha Traders 572,Sports,"Toronto, Canada"
Omega Fashion 390,Retail,"Mumbai, India"
Delta Foods 353,Food & Beverage,"Sydney, Australia"
Omega Fashion 260,Retail,"Toronto, Canada"
Zeta Furnishings 911,Technology,"Los Angeles, USA"
Gamma Electronics 115,Fashion,"Dubai, UAE"
Delta Foods 178,Fashion,"Berlin, Germany"
Lambda Books 210,Technology,"Mumbai, India"
Delta Foods 245,Technology,"Tokyo, Japan"
Kappa Sports 947,Fashion,"New York, USA"
Lambda Books 349,Pharmaceuticals,"Los Angeles, USA"
Delta Foods 511,Electronics,"Paris, France"
Lambda Books 679,Books,"Los Angeles, USA"
Omega Fashion 608,Books,"Dubai, UAE"
Zeta Furnishings 167,Sports,"Paris, France"
Omega Fashion 543,Pharmaceuticals,"Mumbai, India"
Beta Retail 481,Pharmaceuticals,"Toronto, Canada"
Lambda Books 437,Electronics,"London, UK"
Omega Fashion 548,Technology,"Dubai, UAE"
Epsilon Pharma 854,Technology,"London, UK"
Zeta Furnishings 947,Books,"Dubai, UAE"
Epsilon Pharma 229,Sports,"Paris, France"
Beta Retail 280,Sports,"Toronto, Canada"
Zeta Furnishings 451,Sports,"Tokyo, Japan"
Zeta Furnishings 289,Food & Beverage,"Mumbai, India"
Alpha Traders 128,Technology,"Dubai, UAE"
Delta Foods 805,Food & Beverage,"London, UK"
Beta Retail 439,Electronics,"Paris, France"
Gamma Electronics 569,Pharmaceuticals,"Paris, France"
Delta Foods 678,Electronics,"London, UK"
Gamma Electronics 236,Electronics,"Dubai, UAE"
Delta Foods 823,Books,"Paris, France"
Beta Retail 943,Pharmaceuticals,"Berlin, Germany"
Omega Fashion 124,Food & Beverage,"London, UK"
Sigma Tech 280,Sports,"Berlin, Germany"
Epsilon Pharma 329,Books,"New York, USA"
