Customer_ID,Username,Password_Hash,Last_Login
114,user_40116,1380ed07c7e70a61cd604cc63df31e2c71befc245d7829d361b85864eab2763f,2024-12-14
665,user_44874,f20ac6e29329d1d45f23ba897b73293b3febb8fa99b3944bcbbd8640618624e8,2024-03-20
787,user_13343,4b4d2a9b6f10b3a35e4d8574b8955c4b444cb3ae1d3d72a5947a4469d912525a,2023-05-03
161,user_46504,fc5356a56331059ee4d6cbb8109e4c69b4c83030318ebea04e9ed0d938df9451,2024-03-01
353,user_81157,405ab955d07e5831d9395e93c9d70bf71110acafd1485fd8b559c25f2720f9f3,2023-07-21
22,user_33562,37ce2a922ea7c4a5f06db21a17868d49cf803f6e2a5a9f2dfa1a9e84c68eb4f5,2023-04-08
376,user_24135,33478059cd63b61c2bdd2039fb4f09a4ddf948ad6eb7264f142735b4a06e101e,2024-06-07
624,user_79996,43ff6162bc36d53ff3b06151e64474c7a3750654840a74e6b215befc0bb80de3,2023-08-22
2,user_16507,e3c009e7aa3355b056a39742f93a8040e6a59361cd36beb720614c2933cf97bf,2023-04-12
570,user_81705,2281ad224aa99b44318337533cb45797d3f8d93dbdc603c310e787cb72ae6144,2023-06-19
475,user_15559,6d0ce258e00fd38ae7e74ef8ec636c11fbf9241b3d567aca93d1ee9a97f41287,2023-08-24
765,user_68309,a21381a25e0220370b90c75e317a9013e2ea3a5c859c7f96c1e2e10fee19289e,2024-12-15
594,user_44580,f178399977a2003202fe7866a11b4efda15a329679a91f9080daeb40db0744a9,2024-11-16
796,user_46506,c2e01b20999b95b439a350c036e71d7ddf6384fe209022cac58cf25f1eef2a89,2024-06-13
220,user_72367,47d3f0ca213a9d18712148f7f99035741b6a27e22e991e4edc5816c488fd0eb8,2024-10-06
377,user_47608,b7dda209a7a3e971927ecfda4c76870f8a1e87dcf280cbbd7337050b89158bfe,2024-02-18
287,user_38570,2809479624179d95d789a6c0718fccf00f70526bf3c226a63d96d929276fd7be,2024-05-26
240,user_77337,a3a0fcefcc91224b872f8a94b0d0f9e68ce392e2bd4c3e7823f765e6730c097d,2024-07-28
387,user_81078,46fb6a61bd0463b16d08491c490a2b189bff1d2dece943ce7f8dc2886486e1d7,2023-03-31
940,user_33120,58569913e0e1c7c86d769937b79475cedfcfa87984201c8a04d8ac4410d75f3d,2023-06-14
110,user_34115,4c300a67f9fdc26e8924e3d13667390f4743b27d40b9c8ad7f0d0b45724b15c6,2024-01-31
468,user_51041,beed032c939434f23110d08baceffc4d087f543b0310dd6b85901c2d3c1d0d4a,2023-03-13
473,user_80298,84164633bd38a7923a4482d60453bcc8e9a5ceb5454749f0e3996640d24388a5,2023-09-10
288,user_98807,dc03d3cc771b14c80021e4cdccf9acda96d7d7c946ded1d809aa8aae3306b162,2023-07-13
44,user_59805,77536024c7d8a5b736bdfa81454452d619b770f62ca234e8162eb7d992af6bf3,2024-10-03
873,user_75131,8b8f41c3d12d4b0a86c110e4e5d7cc5f06ade3c65343f38148b4875be69d55ee,2024-03-22
307,user_30543,6ee7d9762838f03f36a7eb296246747c048d13d0b0186d95e223f928d1f7251d,2025-02-04
735,user_19158,1a2eaa7baae916a333068c120ee1c3cf63d9749e68bc4e2e2bf641b98e1b5f0b,2024-01-24
654,user_16568,2af1bde9d164a7f4c16c415cc92aa6db3043a8a6a6b1792cc0625a57bc12b139,2023-09-18
16,user_46750,2d9a27f24b3bd49ee72ad430167b95b6c3a4a938838dbaa91a339fea2585e753,2024-05-10
944,user_19041,48c1362147938d587b03d6dab0e8aece9ab709588f1bef7511524a31d1d4b506,2024-09-12
437,user_89452,c735f2f107866743e366b226608292a9715f1f13aa6831879e85fe016ac9d7d5,2024-08-26
356,user_89759,8407ad7e8136dc329ada55c7f8d483a9771915094729d70e59ef9e7fb0c98cbc,2023-05-16
988,user_40722,4356c5ced8bb9fe99fb24efc080741093c11e028764deb764b9468e22c7467da,2025-01-11
854,user_62592,ab37b062e2ba671bf0758aec924f449617bab4477f8cdddbb73912be0b1eefe2,2023-12-29
427,user_56427,4c763f4aaab1d8966971597428d2a612dec508d77937d56a260d80bf87e2993b,2024-10-03
552,user_41221,1687f36075cd116eb3afac11446fe6ddfa918be471cfa426bbed0bb4b49c9d54,2023-12-21
321,user_83275,eb1944d9d1cf4127d6c7fad8dadfc47dd9b5419a54a3cc7afa87efea6afa271d,2024-01-17
652,user_53772,4ff701a0edfc4920dd3ffb8beb885e8102cc62b3b427967781a6b8882e11ba5f,2024-09-02
406,user_34625,ebb827f85ae722d7bc456acc1e99bce5bd53c304b76b53e71411bf38061c03ba,2024-06-29
680,user_33930,4094aba837b915d2670a957ce221a16c6a78acad9961535d43057335a7863d53,2023-12-09
444,user_33058,34cc6cfc2a7d99bb2d9db10db78c81437d7d105b25e35accf55d110cb59a7ee5,2024-12-03
86,user_96139,39511a558d5f3ccd440665652b9e2027e9ca8603fea29446838f82a294dcd93b,2023-04-19
876,user_73040,b5e2eb6b93c9fc6c2908f488d9cfa04a42c00ae19e1ed2b762f0694450a9b1eb,2023-11-29
853,user_45656,5cfc876bd14e59cb4f7859d69f5ed1d9bc57052a33301e0b7c15e651df84c54c,2023-03-23
580,user_58306,fbdc3ee69d3580d9849b8bdcb90884bbe1b801b3c8e5de93b03b38c24c0b23f6,2023-03-08
35,user_64548,f4af329ab486f6be4f6582bc0f734c04341a186b66c65e6f9810ec4c9a30ae65,2023-07-09
271,user_90974,3bae9493f9d3bfc1cbfb09a5af92f4e9a2f3ed0fc79c175b29f713f2b83303dc,2023-04-08
261,user_23673,e738af4052aa59b4edc35cc9748aa1eb427384b82b26e27cd90a029aaccc07f1,2024-04-29
71,user_46534,89556af9dcd8d8ffd1d6f6deda45c3469a45bf60230379c18fbe8a26ef0932c5,2023-08-24
449,user_40760,56c8384585dcb9c1669332d4385abcd10c522a2a39795a481ed8d793345a3626,2023-03-21
288,user_57704,cebfb22c331d5c40eea85a05aab42a975899af6e17260d7e707f9238cf78acb8,2025-02-10
250,user_24583,edb7e0e0610e49734006bcdcfcb9c347c1800ad83613868c88a9a712b1ea9b52,2023-11-06
935,user_29646,5e64c688c62aad993fc586fd64bb60c4fe1a831428779b59308cb5f80e5be2ab,2024-09-09
546,user_32811,5e04dc1e5abdde6e8198cf8e7845937d0348975414b1c8174111a5aa72a9f3d7,2024-04-23
212,user_75083,11ea10afe244cd354cc53bacf537a06da5fdbd1b1411f35f82bf5c80e5a63269,2023-04-25
586,user_86954,707cb1edc5761ba310346564feb8cae6c21ccd8c5250ed10d0e80bb41ebdfcbd,2024-12-12
429,user_73306,c6dc8cdb106bc1a4b62237c88a9a957826c8a74976590124837cf9e9498e783f,2023-06-17
337,user_99097,c943369e8a1787874a544f98011d1127b8c1ee9361b8c496f27a07cac6a3ae8e,2023-06-24
248,user_91110,25d36775796ab78399f794aeaadc5ca6c36602d970410bfb335688fa1039ac5f,2024-06-15
526,user_87226,7acb23b27d0b641fa8a3d753073eed4c69636007480ac283e67a1dd7f2e45e84,2023-07-05
580,user_24562,beb2b7518b55c84665c58fabecd3d167bdbf4f10ca534b6a06e27cf0f3701ef3,2024-09-03
215,user_73876,f93ece63821da16f1102047ac75345f058d155f1cd3f6240e28b102236910449,2024-10-30
734,user_91118,7560cf6eba03f0ee0294d3a89728eeb5ec7d81b7d26bd20129cae43ba35dfdfe,2024-04-16
617,user_62439,3c857bb00b83e26aba9a0925a5ba329668c271ff215647a3c00312913ea42e9f,2023-04-27
161,user_50031,52de7b3d0a9cf420a260da755730e0a1933019b05f6587009f69436735973093,2023-11-28
235,user_67719,a8ef2cc9b272956b2399884b037be1d448345f47e47143964ae32150d1859d6c,2023-07-06
412,user_36740,fd2b547d49f522da8bedfd05de47967dacbc274ab0a563dd2c1a6971ad9a4c6f,2024-04-08
964,user_56898,8a31522e33e09bed627cf89bc2e70cf5d56cc599d8c76d67800903dbedf83d01,2025-01-07
649,user_55191,32980bb33fc140d89e94eaee8df14cfd0ea04bae6ac88e057c23f915717e8d07,2023-12-19
986,user_65624,85a804711c00c8c5f31e6f118033ae5ddecb2a7631900afa87889df59527baf0,2023-11-16
609,user_17369,789319e1039897a89c2088a30bee5a905afc206598786928dd1236b86aa37782,2024-03-15
995,user_77972,66cdb4152b558d1fd88407d417cd123f041740bdb7edf3801949a101a65998d7,2024-04-18
848,user_28272,56342c85b37b75f8bd9cd788bd5bef8579a3a1890ea3f9c0885f720d6c065065,2023-08-24
905,user_56056,3a5b1cee3345ad2e83c64b305ec5dfc8ab1249fd9f122591227a2c43ce410ea1,2024-03-23
1000,user_42538,6928104ff12ba0ed018877d8e34d988f7e57910b2a2971f426bb17eb91680ed4,2024-09-16
860,user_62405,d4f6af6854648fbfc90bb385c4f9426dee7bcb6e6e852d04fd25726e276fdd22,2023-07-18
922,user_35692,26116fb7b067e39199f5cd922b83187dd17c6f6b4d96bff57ea85a66e5b4368f,2023-11-09
358,user_81411,3c342f3c821ec0fd7d32af97d59f487d983d84678c60e75ea55e4a466ecdba84,2023-09-12
104,user_58225,213211eaab5f581a2e56b7d8b7bf6f08e5dd3f3912531c752b57ff79361eeb22,2024-08-07
746,user_46834,6ab7b69a7783afc601bc955c0a47f15cef09a022750f55eb438fdcf1e9daf745,2023-04-11
170,user_96334,97408b2561b9d48c56deea69a72db7548557f1b2ed31d1aae3bdb2a504673318,2023-06-29
35,user_86269,77ba6786d931a9767680aadac9176139fbc20f7b0addd57a589d474e775bd812,2023-07-21
73,user_47402,ed1bbef20fafecda52b26f7a52210787dcce15cbc4494068265066ff4a121d1f,2023-06-13
556,user_72560,99f5fcf871a573ab49b4ae4bc14f74cab1414b23997cc8802137a2bda8449a5a,2024-05-18
62,user_22228,21fec4e650dfe912003b30d1f661a109a25ef2b26964ad4e7f37be17d5c92909,2023-08-29
262,user_38555,7a8f94648fad9ec16bbedf622ad320cdb3d35da8022310e1e6ca429ba9243227,2023-05-18
962,user_64737,c3360c15f03b7ff6197c74dbb9f600d14545be13cb6d8e29f95b741dffc210cf,2023-07-15
539,user_21109,fd736f41e6fd22bcf5e9baa4ac99f6f658f20df22404d19e8b88fbfd7134d208,2024-03-22
222,user_76996,8c59f11952a12f23b3655ea9b7fc2dddd2bf1f04c473558f4c2356031caaccff,2024-12-24
550,user_87519,1f4671fc58b0c7f0d6c68d99fbcef0c675b53218999b437e11f4eddd8b822a17,2023-10-29
128,user_51205,8d5b4ee03fee3b804158dce79658056a32cf076c37e27d8b54a2969678f8f380,2023-03-11
487,user_66607,03ae43361d2adc21ff3bfd0223c13903654e644b3697c6fadc77d3ef167fbce7,2025-01-12
723,user_46266,267c188cd6bbc7765e774f4873e990ef22f80ed0ec9c7ea53c79777861c353a8,2023-04-22
680,user_54590,29f7ba6244066e851ebd1fdb865b4e027508ee73052caf1781fc3b590b2bb59d,2023-11-13
174,user_24802,9a06e77cdeb8c9ebcdce025688eb8ed6f48c654e22b4a042847212bdf81d2cd4,2023-10-10
596,user_73326,dc56d6cc8e9e46cc19cb981e2dd21f7c12b8b6f8084706a802c98ee54728f2a6,2024-07-07
810,user_91069,78e395d3da9503da53c57710cfc489da2c95c83bffd3a0720e04ca43e3054470,2025-01-30
793,user_78950,38a941d39da01215af867e18cb501980971a87cb516683bd99c037c331644875,2024-05-26
224,user_28002,7dc645f9b83b57d68b7548fa2be3fd2900b92d99bec2d37edba497585f7784cf,2024-09-08
782,user_76612,1e2df5e8bdcad613637c93a01c1a9cccf327ab36e33a3763c7b4e4e8c9682167,2024-06-05
665,user_63634,226cb5692c36ae2fc438dfb27b947f4309382675a120e5fadd18628e21e91301,2023-05-29
891,user_45132,cc64be535e3e43b7e5771e3e0ff0c26629a14787bff15963ebd04e874be3f5fb,2024-05-25
632,user_36640,81781a343aeafdc59c82c0e3d3c20e00e6a534534282779fe5af49a7089abab3,2023-06-14
215,user_60658,a43b1d0adc54d6884aed3b8ad24c14943a1615364b0f9c78cc017c8c7cf9e397,2024-10-26
698,user_58012,ba423e3a836a2d165ca0d9f595f2207aa283b82ea82c7bd89c02ec79d2115301,2023-06-08
965,user_70997,8cc5e621b91f04872ca985980757f66bd8b1b8918fabae1c90f157ea86980746,2024-11-04
572,user_73849,7be04ff3dfc6e06946d825207273a2f5c33cf5e3a411e3cc8a6af4ff7535713a,2024-04-08
319,user_49161,81258b6e6201a226c739b1d3b9313ac652a1ae7e23567ee91b7305415dc335c8,2024-08-19
390,user_68778,da780b48bd26ccb3bfa4050117db13626fbe29ed672e0d7fd6e09c99f817f92b,2023-05-20
647,user_66174,50b8f91787ed9a2566f1b52ef6ddc80ef35e5811dd0758fba6f6fd9aa31b907e,2025-01-04
270,user_10964,84b8935ab23b292b77d62b404cd4344cf7c4a4142a3587dbcd86f8fdb8ad4dc5,2023-04-12
778,user_43545,7d8068f5a2d507804bf9c114707c8082af8e7565ca50fb3bdab83232df1209ef,2024-03-11
106,user_62341,aa67e654e3983802b781b4c3680f8ffd3b6aca8e113fe54a5e1f2c6b205b6f73,2023-06-05
327,user_25791,b658f02cecea70c66310abf63f4527910ba6c1f18a6bfa7e90048abb28e6699d,2024-01-17
314,user_60103,d331aca52d460072a66dfe4438eac37267d9602507daa5438d885dd61a6a5fde,2024-01-04
687,user_41648,9afcc247f520e450bf86f4715d17e3e40e2aa4af462c30b3aec8a54786e3a080,2024-08-12
805,user_52513,bf1d46a488f638dc8a5717824dec1bc9c1fa01ee8d3e7947938f1aa950553774,2023-09-22
14,user_82360,d7f5883d4fb8dea2c7d0a9b8ac0a37972479fadf4c5fe636bdf5ee923cf37fdb,2024-11-27
607,user_88534,d2c640287bc55432aacf8c9c84072f696792dbf1836832acd91f8adbefa923e3,2024-05-17
639,user_35968,88d1d93a82e42b786cd62e3004c6145f89b7c3f8e3a2fde4e163b983e6d429da,2024-01-15
570,user_97090,072a52b3049e58372c258c03e19f0958544510ba33ba0889b04a1ec0685e41ab,2023-05-30
896,user_50260,f3a7d511d8a10580bb3bd84ae0a6625c1e78079929dfdb5edf99ef5d010a60a4,2024-03-30
706,user_28639,fd432c1a1e759f7a6f096843046a74187dece516fba404a6d57d9a49da9023e2,2024-03-15
746,user_16583,32760de210a50425f42c8e5e6dac53a44a8e3e57aa75313deae81362d8e8ad75,2023-03-18
540,user_78062,c6845b7f030d39f50311d5009f0373892d36c5a73719a1b2e72604c90d9830d7,2023-08-05
950,user_96794,d8ccbf05d990f3a2387a1309b7c4a5e1cc05166f71e17b9abebac4bb95c853d5,2023-11-17
374,user_10859,37ce2a922ea7c4a5f06db21a17868d49cf803f6e2a5a9f2dfa1a9e84c68eb4f5,2023-06-21
147,user_15626,4874c508666ab4d6e5d08488e6028450cd735c78afcb6817034d7cd70bc9b739,2023-08-17
702,user_41125,aa8065228896fee33d113aa54ac344634272fea4bbde674bf19bcae2e0702dc5,2023-04-16
548,user_46963,e4d1978a910d4d582a159f9a85bb20eb416777d1c0a4f451d4c81f8bf27c33a5,2023-12-12
627,user_67900,cd90747859ca9abc32f5cc793cc5849a8c2bb23a35d863d2cb50766fd645387b,2023-04-01
667,user_73947,d031dc03e71e5b4d2c1094526295086a541467fac891fb74b332d56b99ce11f9,2023-07-11
651,user_55862,e9bf1ea58ddc4b95a6960eabcf9371a595e446dd57e7d18017ebada82f1a1803,2023-09-07
963,user_27586,df501dc487151c4889f576af1589ebd6108dba16e8b7b4747b9d2a4d442a1e9d,2024-01-16
294,user_77301,fdf3d43a3326e4806f12919e49494aa5146593ac03dadf2d652134ae7ec1ba96,2023-07-28
938,user_40927,e58db46e183bfb6b6d74aec9610caeec22ca0b762060fccae2402abb115e7ac9,2024-04-02
209,user_53392,cd90747859ca9abc32f5cc793cc5849a8c2bb23a35d863d2cb50766fd645387b,2024-06-08
786,user_72946,1c3e691c1a29d4515bca67cdea550e8e5981b7e2a642f47b22c420e62be9fd62,2023-05-22
607,user_18312,616cd7ac6812ff94fb5332d6c316edacae1632d2aeaabd9d061141d1afaf8504,2024-06-14
558,user_45825,520541151881642bf738d06317bd06e798c301f338b2ceb0b7f1e2b54ce1ba15,2024-09-09
106,user_78394,858a8fd5b6033d3515e53642490d93354766de57ecd34e7006a17933a893e0d7,2024-08-10
96,user_12968,bb8a333624b39a1df1e103a3acf4e361af6d36aa57b632faae3aba1c9b111cba,2024-10-25
657,user_11661,f40ddbb0f6f3e741300f175f4b4f7584ae3ed942087173174d0775f2914d0aff,2024-11-26
558,user_56614,d0ae1f3b3ac66fc06fdaca3fc96ea4dcc5e23dff1ef0dc6398e872a819c88f41,2024-09-12
114,user_19592,bcfd766bd648fd4b690e7d1f1e1125f72a4026e9b6943f888b1ba0e307f1447e,2023-10-31
898,user_73785,0358aeda27709f21511a24925e0eb02a2b75a2126cc060440fdd499b830a4277,2024-04-23
772,user_62340,9cbfaea892ae45a886b58cc45b57dac25f0b185f7aeadb059f97670d3d984479,2024-01-09
433,user_43127,051a3070f7a1f9b45d52246ff15a998bf7a57f26238ac1747944f1713bef6ed3,2025-01-21
173,user_67564,04753356560e9d348bf8f4702963767d04de047a9798a4930095c1d8572c6640,2023-03-04
57,user_92310,8b5deb3f1fe9cbd462615cec932cd39e71009d4ea1e4f60d1d30ea53badd906d,2024-11-26
628,user_90895,028413770cbe933fc7ede26d6f92b4f9edf10ac239e6625c54436a41fe148f0b,2023-12-13
730,user_89829,ab607dd055da615639ba14a33bbdd76683fbf50f65862e419be28e49c9ba9f63,2023-12-27
903,user_88952,4456547e6d461474b73a18e129d7a19b052701fc660914e710196d806d266540,2024-06-08
933,user_93337,e1d6dde8471265050a89b8cf8be165584f16459b90b8ee95baccacfec5040cc4,2024-07-25
919,user_82889,1b2986f53540dd85c6c4b7d3e7a7685129a9c433793d95e8c96b176b25bfcf36,2023-10-15
10,user_64286,7da0717c72bc24d73ca68ad8d7d8ba58ea04a99d3829f184b7cac0609abdfddf,2023-02-26
672,user_12320,3c595c50675db67b927582c408da5747e8885a4b812f73c70a1cde13c80d2ddc,2023-02-28
937,user_93437,da90994947d7aa24030bbf32dd294d9bd37d1d5879eb1b74fda5d7c36d14b561,2024-08-03
686,user_87774,8fa9fd6035eb7b92d614d4ae62ad9cf44e5e5865db8a246dda9640c2f09409db,2023-08-01
634,user_53382,5ddb50deced6df34aaa8a0536e4d13d8c45b47b9bec2617f920a67637fb204f1,2025-02-13
830,user_69169,2be51b962aabb497faf4fe9f30ae2ecac969e2dd75a55cf8dbaed76dfd3baa19,2023-07-24
11,user_51269,b9f9f31333da6957c45ab3e835e9ea5ff938f79f398eb412794bf13b8300e705,2023-12-17
923,user_44700,326fb30360f80c6097cd3c3756e6b1787db4bc6b20a0b497c2c5b92fd601e35a,2024-02-05
172,user_19002,122226c77d88e556f2ad2f5c5cc7c2a03be92a01334affbfaed2bb7387a4680f,2023-04-12
279,user_92342,5cd35c30784144a4f2d2faf1946865991e73b259d9ee5e6ba5472c7e06580eae,2024-03-26
268,user_55508,9a0d693b726ac2a6d2d946f9e3f6eac400ceede1d9935023ee32d7535210d7ac,2024-08-06
120,user_88153,29f8349bdf8ea44be639edd17ac5f7d229a653057bf7b644490acaaf5a063b40,2024-11-01
454,user_66673,b9eed2ca8648a241b7252b928a0aab89d4e97950c5c256daeb68519524a98816,2024-11-11
518,user_38080,64903a3f0a3e9919ac389f7d4e07adf84f4764e842b957d18bec3fee753c581a,2025-02-10
259,user_39587,52f30464e24a70f61f1467b6a23bccc94575c58aa48d83392cc4b98469a2a4f9,2023-11-10
467,user_92745,b9581673336519f00211d0481edff51dab78d252e053596ce34706794f0e6b1f,2024-02-22
576,user_81436,b906afba8cf226f90ec3b7162b61a49bcabfaafebd02a1a765fcc6b40ebc6f79,2023-08-09
110,user_49130,91135ee7920c14a1d7266e8b2022a82cff4346f0e241c69fd99238482a9e67dd,2023-02-22
646,user_10871,14ee3201c63018d42a30bf34018f2382ec3740a1295279cc5d6f1e37e3a0616e,2024-08-25
195,user_68473,156274d86bc0bc141a6139f1885c90f2848bc93053ca4a355f69a0a0ad75fca1,2024-05-26
943,user_54492,3394f9f4067769f71bbb4430664cdc2c6998f76e11aeb30e5513d09a0dd5150b,2024-08-12
812,user_95190,c8bcc9f92607c30a290451c88d76256120110087e52aa9092a143799a74f9458,2024-05-09
790,user_27098,dc15365a34baf849cfd98c91cc227ce6fb2c057ba18014ed38ef4f7d5cd2feae,2024-02-06
674,user_36797,ac7194885cf6a72978a65d592508a71a98f71ea16cd490c4b7d979cec4d09504,2024-10-21
24,user_11472,a94f1c965b3b2073c8bcf8ff87c7adcbf0af465582d2ea2685ae9c8388726104,2024-08-23
608,user_28650,5d157aed95f05390e00b139449afb1daf3f216b64671ba67d794663b3795accf,2024-04-28
269,user_62689,b9a470b907d3d482df59f10f8818ff714fc212b37b91a25c0786f7ce7fac2194,2023-02-22
563,user_39002,882f9710b70e8106e75a9d972531c1a2666dd27628fca88acbbe249bc30db33f,2024-03-02
129,user_31930,082130d9cea4d510af22f1f6981f22e1b761c5e8add88191ebf6aaec63270681,2024-05-26
951,user_50895,0cbcf8577da701e9c584a158362724c3b3f7fd1532dfc8aedfe91495edc0176e,2024-09-04
371,user_22578,ddc781d2ca5a59a7656c118c2f3a88e196318216c8046e93f85ac203c8ee5ae2,2023-04-06
423,user_64265,0fdb6020105d2ac941cb6a7dff0c0cf3be724b47129d4b10b3332d67901db2e6,2024-10-14
742,user_51302,6be4e7f14ab850ff3ac09f292c5564e38dc92941ed59f92fa61a34cfe34b652f,2024-10-01
35,user_64869,b99416f5ec7f0b9013504f0f02d6e76a17b982d25932765e93c3228080b95047,2024-10-20
498,user_30053,fad677da255295b3612c34201284d28f8c3ed5de4b1fab8817ca855016294313,2023-03-08
446,user_95074,e8c2f3492c63529d64f4793906d0636ea9c07f30372a7a2adbfa1ffd2ebdca63,2023-08-18
593,user_80470,82c0ce8df75fbcc4859af36d8ea5b3a954112e175e334e41e22c81ef40da9f99,2023-11-30
327,user_64785,f98327f576cc3c9c069d1fdf343ff090553924b2ed121dd2241beb34aa8de529,2023-06-15
754,user_67574,5732b1da22228bf1ab72c845a33a4ebaed82e83f827c9933e2102990a6fd3a43,2024-05-25
413,user_96458,171068a738b60ef6602089c85e6e65faf59c074fe6a7501be1d40f46b761729b,2024-08-15
229,user_87665,72bffec48325bf25df8d8880126da45aae9db6697641a99bcf97f76a7e64ea74,2023-10-06
271,user_98169,7f36dad10b0b670ed5eeca674b014783566ff8a23a900fae6b7e4edc6a304a9c,2023-10-20
986,user_12898,23e734c2ee43081c80608e5e821a28c77ee0d1a0ca1a7512d7621cbbafcc4135,2023-06-16
761,user_31441,f0a0be45c6befdd33cab04b9d407cdeaa9de74a23ff7c2ec84f9de3d91a7fcfb,2024-11-15
131,user_16414,e89025e78d636f8715c9b6e77ab64ac87c1b5f210d63461111fdb284a4a8adda,2023-07-18
835,user_56103,822fafccf8879314850c6e6aa6d87d5c656e93546e1ce533f780f8661f77efb3,2024-10-22
588,user_66360,8c2300d5b00332121340b1581209f8d1d91e2a7eeeb602ac1c4f6cb83dd5db96,2024-10-08
149,user_11742,ce24b65cae872ce561e99ff3334ed504097d207c222fef540fedbc182160c57b,2024-10-01
119,user_93942,47b2e3fb3a11c73b2ad06c744144ce15ca3681a13fc2055903d8a6c9acca0791,2023-05-06
435,user_48102,34c569d1cbb060e32911d70ae6742a7da2604ee26d3916d37fb70e40a09b4457,2023-05-24
349,user_27917,beebd533ad7d0fa5e35de92ae9716277a46fcf29d86e45b3040f492d62e4a4bc,2025-02-14
994,user_77733,b12f2636e085854510405423dab7af3be008d4cba1262c4f3bb4c89cef2d0597,2024-02-27
625,user_37233,c0a6885ced66f58326d4a135770555250c09e038ab74dff068e0471bfd1886e9,2023-06-14
468,user_58205,5674608c1a32ae903e49ba4ae0edaeeb19a9781f4bafc710c549954751546c04,2023-06-21
25,user_33261,0c56e097d55706b8897dc45edf82111f25edb307204ad853be2ebd6c192cc2b3,2024-04-15
867,user_71199,d94ed30699b4733f8287da85d32d6808b0102586491e58625b40d79cd9cde43a,2024-04-21
797,user_86099,58afb98a2ea3cd62bba5114f44be40e45a8568cbf9f69be0f116de7f7e0beaf6,2024-06-03
50,user_52725,0086d11a91788258faba8520dc57d3e765c2660474779dcc271ffa05a736541a,2023-08-05
296,user_83620,e4fd9a4142e64bc3571d591ee2e4f38cc20976dc608f5a2256ae9aae50c4177b,2024-08-08
526,user_82236,d0ebea2065e636c50f3380b99e26147b09fe7b0b63d0fe66520774544ef5abb0,2024-07-02
594,user_73445,1dca6bab0b352c7f3ce7275d26b146d59ceefe791fe427b51bc395005a64e538,2023-05-12
205,user_97033,c0a6885ced66f58326d4a135770555250c09e038ab74dff068e0471bfd1886e9,2024-06-20
99,user_96650,4482e84103e5d2157c329388698ef12ef8c70260f7267a086017def2b79e179c,2023-06-06
924,user_71789,b1342bec3597ceb88dd040d955edd2ec0425b560533487484c6acaf0633b42eb,2024-12-03
441,user_80493,90cc93b30cb50223b120ef794f3ed131a8ec36442b2c7ef76ba47942f5bcffde,2023-12-15
500,user_96592,c63451dc3fa273eb0a3bfc68b5097b2259adc31d5fcaa466d29d1355af5a57bd,2024-03-19
526,user_47559,6c79cdac5b44826796f9d3f7f936f8ff28b8eba63c0cf0f77dc6fdfd8dff31cc,2024-03-23
546,user_42073,df04f553629aab3a24f46baab9bc289c4f0ab362db04e662d2772ce6b235d4c5,2024-12-20
210,user_63583,bcc1cc4a3ac299be14268b81ac5b5023693789020dd6d4e3ee6ab99d5d659e86,2024-02-16
858,user_96299,a599d02c4147896c3b74ac318772bba5716ff5c51762642843d66dd998a880ec,2024-12-18
667,user_36458,284952b66d8d225661686849e91d5942010867b05734481f582d77c85fc9fa31,2024-12-26
492,user_69304,822ceb2acbc650b27764d0fbecf63827c6a4199387903c70f13e4128ad63b140,2023-02-28
287,user_82250,248f5afa00ec33352e0250e88074587e43ff9b0460c1321b3f2d21914d2ff360,2024-05-08
333,user_33004,c1a2f32367b3b6838b831cd7b2c0c3f4b26a6010ca5699b9b6772a4f39bef0bc,2025-01-20
469,user_83248,2ca26502627ee9b9a0858edd06e90c51f1045c77dea9144cfed1f5d5f8a3a891,2023-12-02
596,user_93775,3f7ef30b551a8c1deec130ab8ee7bc2ba52a9dcca076f10919c4a5a76f490371,2024-02-03
285,user_62769,19ec619d80e8a4e5415c3158f3cd28d3da32d36bfa7c3add3abff71b5817cbb9,2024-08-18
42,user_98947,ebb22d3f145f1ff9d09b6cd018976b9e3184c56e86212429af575113d823a977,2024-08-06
670,user_34117,a780fef81488ced027571350eb300088bffd3157258c15e66a99c4fcdfbafa2a,2025-01-23
832,user_57979,8c59f11952a12f23b3655ea9b7fc2dddd2bf1f04c473558f4c2356031caaccff,2023-11-12
516,user_26348,d06486891bfb08329ca9071e422aeea781327a355804d75017acfa6bff77e1d5,2023-10-12
961,user_52784,7f46c937fc25e34affe7be5659d26b363523726f9665b7e71e5c53f7535996f5,2025-01-23
786,user_81307,ce531ba68dc040907c3b3b2d1d3f3c497faccb8b8c4a6d8d4080e87c0f9cc824,2024-07-16
581,user_46999,3541ceac84f70a0268d10457d972524bb097d4a3d741114adfd72631918301d4,2023-07-08
144,user_42733,da784cb81f93fe0d2112bcfe34a25fe6a3a8ecbad4f094ecb218fe77c7d4b73a,2024-03-12
457,user_25986,e2e0dd939d0c08513e768842967fcaed6f057cd398d2b8319ef2ffec76b870f1,2023-07-07
482,user_40898,77a381199c1338cb35e7766982bf93a1c7948aa29d00cf6515cb27d9756174b7,2024-11-07
501,user_69167,2db312d658eb2559059a4aaf8f30722529b334b8fdc06e997938a7b82f672ce1,2024-04-09
711,user_92024,f29f8c1ada90f6524094be8c399579670b503781942ed902ab11fad3c9faca09,2024-10-11
453,user_62441,67c938579283598503b7a181ecf02a4947ac2b5ec102f2d6d0ae49e7f7c5dc9c,2024-07-16
811,user_53022,7ced4c538c8c2c81df387c714cf3b7a7d08f20133d0b574cf98bfea832141f4a,2025-02-19
663,user_38149,06a47d5ba23a167edd99600cdc2a6fbc999d6c1bb441dcc183612ff477e5d840,2024-08-08
262,user_14805,30e8180de1c361e28905bac0c48864900f57a74f1893613f5853d83d500313da,2023-12-08
761,user_10097,cd332b96f440ef7504f37b7dda52aa32c6d296df14c00b6b41d160d94fdf33ba,2024-04-11
321,user_75383,0e252161f4e6923f56f8530fe43d1cb49e5f5c3f943b40225f97afa3795534fe,2024-07-13
184,user_27465,3a728da08cd5fe5e17330c4afb40724d90413b40398b0a232be4f57ea343210a,2024-04-22
159,user_54240,ee7930865a2b05046466afd1b0baf31c93633142ed674f33eac0c96ac18eb8cd,2023-07-19
227,user_41521,fb123d64de6b5a87ba42996fd2edb288b05e29dcf07129022a4324c4f8c9b718,2024-05-23
494,user_91641,3c156962aa2f309886e46c7aa2eb77daf6c621e1d0f74ea28f1f97362900c77b,2023-12-03
90,user_88774,964d117c8c6a99d592f122e198873f419d10b4430ae8899b94082af535e546c0,2024-08-07
210,user_94975,df76feb7939df5ff22b3fd32e51fec9170ccf88d50f78b8473a15b700cc819db,2023-05-15
743,user_53169,3d581897bc1042022e54e3ad62fbbdccee9adf438d80f876a66f8d57ae30aead,2023-05-12
850,user_43569,e73d28a58bdb8039f3419b376d97cedc269e6fc2ff65c474483e4a4686cc0ac0,2023-11-27
65,user_56420,b7758991bbc7db752d34f67e17c86c00026bf742656885e0bc94f9c33d611b07,2023-11-29
280,user_28963,3024aa1b4fc4d05734bd5964f0bdb42d2e32e7fdaf0b177a5d6277b893f0e66e,2025-01-06
534,user_85886,5368af1d832af69e684857041e01530867391425062474df85c83a5866a38823,2023-07-27
569,user_34804,ad78ab5c470a92e7ed5979835b5bbe5ad9030e7379a620cb8f2c4067aa2430a2,2023-05-20
607,user_40989,28f090a7763879e361a03ebc21f9156d347a364aebe19dd36028a1d573a0c9e7,2023-11-25
532,user_56136,5993ddd3b890c1d043d094c88164118a19dac236f5e294f9a58f125be31c5507,2023-10-23
623,user_25529,48fbe8a372c41a083d798242712cd7fe0013e1f4c8fdeb7d097d83f640a38bf7,2023-04-16
622,user_20048,3d7b52942cee07aea7f4bab9ccc46d270a0baa01a739c996b61662c4f92583a3,2024-10-01
344,user_57444,070d875d5985f9207d68d366222191279befad029f1cb5ed03a7abfecd2c248d,2023-03-09
242,user_41952,1c87e5fb4d6ef2f9ae5abfb428374ad02462a1b0643c2d9fdd0fc3b44aa7353c,2024-09-15
874,user_45402,a779490c12a15e31787e1babb08d8f133425030ae026b732e7f8904dd73a711a,2024-09-25
784,user_76036,d03b2421beb2fc5a3e55bd44a727d5588db72ee4e1f8f6ddf0d0d3388a83f89a,2024-03-03
307,user_79160,d00fa562ec970acd3249737cb6e2bb4d4932b4344f76515f7cc1fb48ab5db819,2024-12-01
698,user_34557,9186c4a728b2db2c1441a9c0b9fd87d363b3533c5f4af6855a6f11780ecb8010,2023-12-14
797,user_11358,9bf5162a6dc2f65093663128014649f3abc91c574e4bb3257d68fbade63178e1,2023-10-28
297,user_11398,9056bffbb8030f7375763b30fef70e3898edb1457008ae67cdd0bd38b86d5201,2023-05-04
973,user_45184,cc09c90a3006caea5717a4c14f43d95747393adfa5007d56e68ee14a103f565d,2023-05-11
33,user_82639,bd0eb6cccd37d4e56a9f7aab259564921934f44c868493d90bd8cde145a22678,2023-09-03
366,user_79796,166696ffafef4f050442c372eeda51984a00065542bae6deadbe1895cd033c18,2023-07-02
874,user_89682,5ebe6d6270e44fdd447c59640614e7862558b01e999b7838ed527d30e77653bd,2023-09-09
297,user_28961,a8de5b2ed6ae691f35e71047be6d88af91e48266210f1e687bf3150e7e5259e9,2023-03-06
535,user_54306,023194fb78cf8788d50da23b27079a77c3c2792b82d39a3430701ba28021c59f,2024-04-03
114,user_68838,c619a7fdbda1dc6a4da256fec430fc7eb644aad482e6be2d29f45d0045506e8f,2024-10-31
460,user_30558,428947fc9e7275bd96ee12a220a4f43e41cde87d620b4749f648835709ede902,2024-11-23
497,user_23919,6213facacde30271ead9574ca525e340cdc029058c2a2cd95264917d81293b45,2023-08-07
928,user_12011,520541151881642bf738d06317bd06e798c301f338b2ceb0b7f1e2b54ce1ba15,2023-05-25
153,user_29478,794bf5a73f38d46c4dcfbd80863e3bee928b8596fa0404c0b8d6c265cdc3ae30,2023-12-14
995,user_56190,ea4f0416879b63406780c1a0ef8a89f9522f0d70d1480e9636992956785f964a,2023-05-13
214,user_39711,9258863e38c124d71c2433e1f9cf3f652968dfc5c78bfcddfd3b8def8717f044,2024-03-19
150,user_15887,c52cdd74b743307d975fb627b01774cd63fc354e54093f91d329b49352256bec,2024-01-14
503,user_13683,4db7e85488ae462aac07f00e6f77f3532aca2d69c1f8ac1393d87313e8299dcb,2024-09-11
479,user_63768,0cf2f753a0089afba1964d71d6cd3a255ca3e81f1840e64e91436fe14758f08e,2024-12-07
478,user_32202,521fc3cca0f81045ecb179dba60e6e0028170ef3d6ee89e6caa88dc011adab6c,2024-05-18
852,user_37630,4887aa6d069ac0a267f5f1244cf50f528f239bc0bab54c6ad8a72f352288e920,2024-01-25
383,user_41956,d41a9525edeafff305b948a9d5abadb000a22a8ef374d60e6f29489f3197f871,2024-02-06
58,user_66692,ded6e291a0916be3e34ec05f4e28b9051df508247006ddf9b7964108bca097e2,2024-01-22
460,user_89229,599306d6c1dbd77f8e7b21d4508306f1ee2166469dca6a89153e536545de901a,2024-09-14
178,user_84335,651f4391d36eec836d8a894ed0ba0f48d86314f6c4ff807dcc7c1ff0a6a67e16,2023-04-25
858,user_46766,49639a647e5436573710537b0dc4906bfd8a5becca13879f79fc59713dc880da,2023-06-08
269,user_33167,a7b6c2c3f7c6a0adb45914d24f822cd2cc2daf222e57d97aff0e8a8580c140c9,2024-04-29
108,user_93512,e63e3de51b774abd4d3767a5c34cfc7d2c63d44af2e1d49d127a6b454b684b5e,2024-07-20
241,user_11518,635dc8b811382f8beb9d0f73d9352e79adda6718d6e2be9282e98375df353200,2023-05-24
387,user_20932,99e6ee6474f8ef24c51d0ea6094e406888fe7cc8ad4bb92b44d9abfa8e43ce32,2024-09-16
944,user_13175,fd328d0499350561494c7e1ec7c9c494bc8a92e18f10d63e34634ed097c38bd2,2024-05-29
315,user_45364,a45f71bfc342f097c4dd75c5117fed866d91567821226032c0521571df90bdd7,2023-11-07
638,user_12729,ebffb3ac89c9323fe9b0b4e9c41f46eae0aec42710693b64122c663e1d30728d,2024-03-14
694,user_35828,6c79cdac5b44826796f9d3f7f936f8ff28b8eba63c0cf0f77dc6fdfd8dff31cc,2023-12-31
639,user_29215,2f935648e443ea662280abade37fcc835476be86a75e5d33c792e9f0291059bb,2023-11-28
572,user_79675,e62611e12225ef1502bdba97d9f1721f4db5a19731c1d4b0a1f596727009b4c8,2024-04-15
94,user_38899,a4a70f010b92510be6ac836c64443b9b5083f48cc7f8743128ad94d2ad2f3442,2024-05-31
235,user_65723,fa23ea9bbba2d9b18180449e0037df0d4239078ecbd5356dce93cca827f48ca2,2024-11-06
825,user_97781,259e29f445f136aa786dc6c00e014f9ff97a7d4527de368bda7ba64c6526b128,2023-04-12
778,user_34093,b4af101b1b9686008529cf4acf6abeb722db164536823f83d2351c6beda5cdee,2024-10-09
724,user_34599,3d91e58fbf149fde2ad3f32f208d45d598f54bb06b376633718262d5eba3efc0,2024-07-05
189,user_31009,2063a6cd865657facd85f9bd3a874cc47437c49c6ee17e0cdad1b980b657852d,2024-10-30
366,user_90944,dbbaba5bd2a4d39e07180d9dc1547fbaf8db8cad3e97e649a0c924b2415849e5,2024-02-12
789,user_48578,750af6b6744dce0d8dd9ca5fd52fd1a3b5f4a60c37772147c0e5e96c5bbaea0b,2023-03-11
829,user_51124,4bd512c36b7efbdf4f768cd1b411250f39e2c675d2ba46081ea1d0d35814757a,2024-07-05
413,user_23952,69196afb6d0ec26b2080cc733d485a8a372d3bcfc084c8cd6d31a4bca4e96ff7,2024-01-15
556,user_52244,3bcbe7e19e5703bc08e642ef367f8132933e89930f83b9873143c93f120d480b,2024-06-26
594,user_56077,aa3ee49e62be8df6024a3320a51968a5d4382eca5349c0a70de835b5923a5777,2023-09-04
1000,user_74978,395af417110dfe978b40050cd1962094610b2d0546a5dd2f3d741a4838cdf112,2023-09-06
198,user_19942,9a45c91c051402ffb3ef4fa34e87d97a0bf84e315c39d1764232031bb1998a4a,2024-12-13
15,user_10852,79c0b0045a38aa7c62ee54dad040eaaad686fdf44c3cfd47ad95e2670593731a,2025-01-18
567,user_14011,a1ef08d05f620462b8bf8aa1f4931ef03d95a4e563d263caa027fe2236e61dca,2023-04-23
388,user_15329,575e940fd3948694422d292c3b012c064d8714ad8e90de451eb2ced1bf71961c,2023-08-17
43,user_37598,042ac40b5ff50dede71cffc37f4608c091d496b25ebb201d118761277d70b141,2023-06-01
490,user_91194,80d9ceca7fe044a45f4223afc114f5b66e5c2ff27abe42c7518dcee483668069,2023-12-13
672,user_30982,5acb4261b4ef3708b1c2c566fc94545a6dbccde5ad0ca4e1b61f63fdffc4f394,2023-07-23
243,user_27668,ab9de65fba92552aacf035ece377b482105527efb5567baa23ab79483bb31504,2024-03-14
547,user_81497,2281c6384bc2feef90a5106f6a79a1d7c9dcb8e194e1225c3f12ce3a975b0087,2024-09-30
567,user_10057,eda0a92377ebbf267ba0f3e51a04d720a2c1df92857f4966b07578149a27e1fe,2023-07-02
810,user_45353,e18984ac1df0a5e5094fee4c4629ccf2a8bd440f511f892b12eb29a16bd96ebc,2023-05-24
575,user_40691,f5a94cf49fd0ee9cd4af6ce27ef39a640902d3c4b942e0efc115b34c12722090,2023-06-24
442,user_89470,ee874085a22f5ea6d68e864b9440a606b3ccf87cfa70d6a01ec2c1e9a26b1ba2,2023-09-26
562,user_29128,7250a9ca90a313022f37a6ad4b80a6b8e829d3b174fffa2b3c4526466e09fbe3,2024-06-28
314,user_68217,0f92473bddc6def8b39af41384af174584e0e2829acc85a3d4a9784eafbf3702,2024-01-19
666,user_29608,c0e8749ad94be6997d907f32a3e2f5d0ef0d5cbfc83ab9e9c53d6151adc81823,2023-08-24
336,user_48911,b1efb680a135ae67fb069f850138b6c92bd8a0af316393e8b8be96c2ba687c61,2024-04-05
673,user_92088,018c92ddcd66ade339f4928a59ba4d59a4a61efb626d90bd00b2b576d0b75086,2025-02-12
757,user_86166,842af8f31289abd5c4f227649bf2ec2102260d943ef04495d5e141ce2b08e739,2024-02-13
188,user_26181,d38afa4865dbff4eaf9de802fa6a41d16c0240d8202c1a1dfa61c088def67f81,2024-12-09
498,user_42511,593cba4e240a4477e72073a30b5d995c18cdb5ac89fe12a77a0d00561bced4da,2023-04-05
97,user_25690,4865b4507c07f2c8e82e42d35aee7c6d85d9bcea357a540eb89262aec89160cb,2024-07-31
837,user_18818,902b865fdb64758e4282e0a5c13bc1c3b6fa0d0978300d6ed2d17e442fb21f39,2023-11-12
225,user_67569,f0dacaeac7c3c9d1be944a108539ec92baf511e23572af72e3e2ed2f3f3ce274,2024-02-11
214,user_61657,523f95c62b6ef2681348fab46355e9deaf3601e7f16e7a84f3de6bedad8498cb,2024-02-17
982,user_13263,385e9ebc81be6af04a37d220ba445d4556bf5329a544ed870b4b68fd77c1f802,2023-11-18
479,user_56072,4b9c26b5c91ac579b1508c6f7ec12b5df2ef5ef8e497e300cb193534e9c45492,2024-04-12
823,user_35978,94f29ec5dee5c010023ceb341cb101d91246ad4694a898a0899ca3441a2134b0,2024-01-13
89,user_26497,5eaf827f118930969315db2cb63bdb2e8a99be40c7b83d0e4adb693516090cd9,2023-02-22
158,user_37561,8ff21bbd62539dc825edd40f8816082ba9cfe04934483a6e7f451080657c0e0b,2024-01-16
86,user_16577,44326bb58299b10e37b33be4d35cd3ce9112b48e9b92368d7bbe200c07fb3279,2024-08-05
967,user_26164,270a03cf6af53336f6df3f67fd1b29c3eab714ddcb59244063a495b3c4852a0f,2024-11-03
226,user_64046,42b9c9092e05114f549effc95bc145b3bc870259b85850369c32fbb5edcfe95d,2023-08-01
850,user_38064,a1a0d772a3b5fe6da9d8dc4e7a29c09125239027e9868a3dce44f4c6d95e9cf6,2024-02-18
603,user_45426,88401763e0f4ff374d96388e6792f84e4f865507c5ca078c286ef4ad289eea4c,2025-01-16
633,user_68235,e226558568b05a3c1dc17e403e5e08c5aa65e3ecb30c5f3b1555bcef35a153a0,2024-02-01
449,user_80432,ed4b6a9f925030dbd2c047107650d0970bb48d001b67fb769f0dcd8d3f24c77d,2024-08-14
964,user_24421,894c89dad9053016e9f9fd747f5f2c5a077a0dc7c49ed5549d8c2337539812a4,2024-04-17
94,user_88503,cdf14bdaf0c5cbaa01700f64e27a2c7a98134e1725ef67d2420c8f94210fcd0c,2024-05-07
117,user_42950,e3be6b09964d1351fa45f5b55ea7403980844b9cdf47c62aa9230d1ee270876d,2024-03-04
102,user_67240,c4935dbe7a67d7e6f30d85fdb5e898da44ac91f3c7170f9c76f267cfb05b1d6a,2024-07-01
170,user_59170,83aa49c25ac10cd191d4a2aa18931c0c6b453286462baf40264e2de74d63b767,2024-04-02
683,user_53761,e1d6dde8471265050a89b8cf8be165584f16459b90b8ee95baccacfec5040cc4,2024-12-12
175,user_27517,aa0be91a354b6a30072e8f67014384713e8e265e038b33874979397a50da96b1,2023-07-10
124,user_91225,267d2d9960a9ae76f5f3cda36b7b5ff529cc9caa4687a3bd740b21e74f412772,2023-10-15
572,user_70604,5bc5da613220954df6e244d196aaad96275c8ff0da8cf09e0109372174da86a1,2023-09-25
961,user_36993,3bcd3cdc7c189f7f5113b5852bd04f712da41dd9da7d45d5df5329f8b01d4af3,2024-02-09
795,user_54461,461dfa02fef767d9ff6905ab10607748f17ed4c6d1bd38c242fbba86bfb92d44,2023-03-02
293,user_52128,43b682a9c6414cf35d97a0bf72bc26d7b800f4e6d1f580c2cab692b17aea98b9,2024-04-25
366,user_61169,1f5af202d382ab83ef69f055433924ee1adae376206198a5ed868d21352716ba,2024-03-05
517,user_68286,a74739ae5995e826486d33e67c52e7ce8bb773a1be93db2f39db0dc98ccb283f,2023-09-15
430,user_69841,ed69848942d2cde17cc731ce246ddcff973e6a51be358e1678a6b19cfdf4537c,2024-05-17
393,user_51955,1258b8c6daef9f62116a496785dc8c0dc93273a00bdd63a51cb8eb494d586f12,2024-02-24
49,user_17201,8dee9bf9976879165aaa23f6642ae9a5bb6da9099643b620c0071ce584820780,2023-11-22
504,user_52524,3a185881829ac8e012b9b61c758b001f390ec373b64586bfcef62c62594a2246,2024-03-13
225,user_83331,c1cb4944c7132d2f2b7818706393aea5700e25967432f9fc0bfe5fc76b4ff53e,2024-06-08
427,user_35859,da04ede1cb484a5ba37575a2ee587e3e4e644f1143abd923968d1cbb7e027eb6,2023-10-19
715,user_28406,1f114d198c3d6f1e86a698fe3e62886a9e2d0df400d6b97adb0ad1201ca4b0dc,2024-04-18
48,user_48962,08875f236a688b44daadf497bfa70b26932e1e820131c3df65e727756b58e6d3,2024-08-25
237,user_30739,10f9ccc40b5803cd07c0e161a90a31f287874c47708eda3527d8a6f4198db99f,2023-05-20
277,user_43396,5013b95d1ee8b9a1450e6fee4486882fdc455895edd47c85aa25d4c7cc8eb81c,2023-09-05
581,user_49476,dc556e201779bf7751b0c5e5e232c30b31b8ae8f4c794bbb608b7077a0ba443e,2024-01-03
541,user_67958,8ff26028886f2d056db661bc020e934cc6795d8818023483eddb80d9b9317ee5,2024-06-15
410,user_17074,6055392f4473568ccbfe78b371ec7099d342fb4d1358fe478259730a2e861fad,2025-02-18
772,user_16508,67264fcce20b2c198bfaf8f13c605ad197291e251eeb9476679ceeb8eac97be8,2024-11-11
487,user_81596,409aa1ed4f2b9c7e3337abf04173700110e4ee361ab30cf7c4cf9d828969fb2e,2024-01-29
204,user_95944,5488569d602689f81822d62c60590cb660026d1c63ba301cbefbfb2f735bee66,2024-06-06
790,user_31238,cdd78a4e670d40b05401fb3181963c4ba2391671c66bcbf21a053e698a1dd118,2024-09-08
985,user_32195,1e5c614ce7bc3db1e7053b8fb5134793ffd77f7a1f3941880307ba4c8b95bbb0,2024-09-26
463,user_64650,178655799481a2a75368532da5060ee2f758bf33f0e313bbfc489e88b3d5a0b2,2023-08-18
30,user_15443,c5c551924ef40e41d6c9a95fa67410114c517c749706d4c5d1a18accc59b2079,2023-11-06
486,user_45544,0df3f47ef97132ab8cecf5bf289a6a64108fb28aeb18387e9cd99a0d83da7ca3,2024-08-25
819,user_92153,9a9dff29e2540bdff1b58758e8a1fa75633399bfcd7494c5d58ffceccbb290c4,2023-11-03
431,user_91370,2c2a32e764b578e3ef620e397ac3ae28e4f2d83fa12a422c7f73d18acd627138,2024-07-30
172,user_34103,de1523bc6a2ff122f1c30dc746def259adf15d52413ed5b2ccf6795953cff2c1,2023-04-17
547,user_16591,a7d6a360b4fc8ad1b5d670ec3f4febe8c5bfa03541d6c46e7b28b58b5a9660e1,2023-08-17
519,user_93258,cfd74abc3274fa98cc6b9aab643157e9de4485045ca50ab797d1e952aed174e2,2023-10-21
963,user_24599,e867fbc292858dbfd96d49b3e2104794808ec6720032b6ecf1369895be209b33,2024-12-08
327,user_66131,449f48bca472569a423ac8bba0223b94ab27bfc17e61ddec83014a39b2497db4,2024-09-01
419,user_74839,2107245a535551f9c41350fa174fb54cf904bdb0f7c5c9af294acc40ed602e26,2023-07-02
289,user_67173,4456b1ee0c4e1b164aea89e1a9e1a3ed1eb7a62def0afac6b7415a2cbf27a4d5,2023-09-27
412,user_23924,2357ba0b11c64a36afae430a3cff7bc77e60039b209c48c474c05c9e59e315a5,2024-05-04
443,user_82422,84d21e68c542ef33d60704d9db0f8c9d3a0a978ff6a4d3b4e116328dff5dbb60,2025-02-07
725,user_17455,dfe24c690b590385fb1c6a13e6fb4ba4a68b6189504e00476cdc2a972fc466c2,2024-04-02
848,user_35050,2ab0ba0e5bd767c7e862de44586a9219455ec0ab789611a175d95de826967a4f,2024-05-07
173,user_55477,593fd3d43894810ece044c07f8b69421f8d4dacc1cdf25a54a312a053712d7af,2024-07-27
584,user_99274,e95d07a50e9e0d6e9b14990ce05efe927ef6379b9dfc87419d894c85111db432,2023-06-06
815,user_94005,f936bec94da91564b47f0a156c23b4df9366123761027ed7db3c8e816c3729bd,2024-06-16
435,user_59473,8993852d6e0178637c9f5aceb1ed271a8b3d57b267ec6bb88ed813488d6a7dc8,2023-05-11
471,user_27077,32dcfa5d42a11af12bbfb9ac64ee88b46678809a147b65c619425458a6d8805c,2023-07-22
644,user_59383,56bfdf9bb540f41aa330ec48146c04d4184bcb0792e0204d15dc2004fd407a66,2023-02-25
433,user_64518,98ae380a274ab086c6162e0b173ffdf31d5546a25ed6667d058a511c2cd4515e,2024-07-09
105,user_95279,6183d47da741fd04c3f39b5aaf27532d914d477b9bf011bd1411da6e1bafaf2c,2024-11-15
106,user_37168,85077e71022366b4c675bda9ad85e61c75664eb670ac8cf65b512839ebbf92b4,2024-02-21
607,user_69562,4fe540795fae35323125a53dd992c3f52d739a97400f9f8b3908b6b580723dac,2023-05-20
364,user_25026,a8de5b2ed6ae691f35e71047be6d88af91e48266210f1e687bf3150e7e5259e9,2023-02-27
649,user_57719,e4b057ed4677e8b25d26c5e939b0a3aad4f141e827cda55cbf12410c50dd6780,2023-06-24
172,user_61450,63f9e5145cb51cf38dde54dde65bbbc450ead9b3b18fcc54e84ffe25bcff59cc,2024-04-15
125,user_68005,bf8fbb4f8d6b06d1fe81caab0353f424a1cfb4a0bf907a1909b64ed72ca4b093,2024-01-24
455,user_63741,5bc5da613220954df6e244d196aaad96275c8ff0da8cf09e0109372174da86a1,2024-11-25
976,user_73314,99ba498edfb3afde4605af079fe8407c459bc6dc13fbe736d33706a873e1ce2a,2023-12-14
306,user_27288,47a0e1305f2d7bcb536d5a0d06893cd703622c1f8c8d70bb40ce289096ae95ed,2023-06-30
155,user_11636,939b35ed18ed9031c633c7157c1f5fa55c1b97b173e7777e2a679fc50ad1f768,2024-08-04
177,user_39279,7eed6d4f4252584e59e45d90744d6da2a2a544df63d2384b7e08b853d378dfaa,2023-03-28
268,user_61371,6d6e578775328399118356d9c615692871e946a322ec7fe5611c3943b90aa415,2024-02-08
199,user_81898,694cb41ca383b64f2656925c04ccc3d866b8a9dfb0f7f71f6d6c5d60feca8654,2024-09-14
933,user_36065,f3c59df41a3a753cef272e6c2e1df3f96534fc440b3e2d4b576abab18d8d1e13,2023-08-10
601,user_63885,110536429baf28b8ce640db0186b8e3da310bb0e7c3c22a53359953db3f886a8,2024-01-07
883,user_98144,5ade341fde3900d85b88154a9dab62985e5c8b14754db418a29fad042b55ced5,2023-03-14
384,user_41249,d8b452467ce9eb6c7b50a27e0ab291fba1afac2e67c71a226f02b037369743a0,2023-07-19
493,user_37024,06a6074fda5c75c76abc4797041ecb104e51496a575a72acd2a2d56f8e0d7c81,2023-08-26
674,user_87062,cb9b73741eb02c7732ec4ad602c4ea70cbce1b11dffd79fa0f0cf939742b8b61,2023-11-29
901,user_50766,e8bd643619e6eca16351f9ea282d05b92fc46b4e3859e38d5f9d3eeda32181fd,2024-03-25
162,user_13890,b53df569ecd3ee187edd1f5a40d51020cd41d0c91190518d11b65ac4e96045c6,2025-02-17
829,user_61785,4e2f10cb1331cd0bd15248f7b204ed1576bb02377bb55b4d5cff2949e068fd66,2024-09-22
391,user_34626,f6861796375177e3187b08d0d83079829c0d8c8a87b414e095d8a5a850f97319,2024-07-20
46,user_34887,e65ccef50f3e286ff2dc4ce29f8b6184ed9684a47717886605033517dee9813c,2023-11-16
54,user_74330,7e3c0ca1864af988434f50e36b27a0c8e1c3210243349739cd8a5ed4c6d7dfbf,2024-06-25
520,user_99526,82eff894367839116a0345ca6797e2f103efde1220090c088a1bac33d5dfaa60,2023-07-16
774,user_79725,bd0eb6cccd37d4e56a9f7aab259564921934f44c868493d90bd8cde145a22678,2023-03-31
510,user_50928,8b36c8a64208628e80545002de3de4f894c0535004cdf4b2e76d9ae29da357ae,2024-01-06
526,user_48126,be244af93938e9d20f8ddf3d961f001faa1a341a7b5d381d95c51e0b28792c90,2025-01-07
932,user_21421,ba60bb6043641ab58807b0c04bd276d987f16398bde989eec939c40f2c7198cc,2024-06-25
164,user_49690,16080445a83f3dce63ff8882c5000d1e7915a4d56fb44bb0b79504c2b8aad537,2025-01-07
518,user_79783,2b554b6683721bd12009311461f6de265b711308bea568101e0124dd61e29139,2024-05-13
968,user_44636,b7adcc0548e493d0991a97336176306f95769c09c4191fc5cafac1d04d5f188c,2024-01-05
938,user_22443,17760b590fcc97f6fe19e7e9ec3eff6b5d26f633251fda133f7a2dce70a65e97,2024-10-31
196,user_25844,621b9e204a8804772ad9601ba46dfa02e94c9c8d6c19b865fe83e59e96e98449,2024-12-15
225,user_82286,7fc9131f2a0d53fe8c519c3e512e38edd6e85308c26229fcdf5c81a51fe74088,2023-10-10
367,user_38681,cd3766886e4f99f4ab35150e1c142bc63d8dd963300aa069b1fd69f853ae3fcf,2024-06-14
37,user_48813,92c507fdf1a964f531f2858351c36a54045c6d6098e86cfe8531438accc02654,2024-02-04
736,user_60197,a71909365b5f89ea415bd8aaa2c11a4828821621ee2d8e983a91d2f6e640c7de,2023-11-14
757,user_17690,cc6f7cdf1f3d7601792ccdc0c2180cfbb65bf5fb5ea74c73bafd403312fa18a3,2024-07-11
186,user_70676,5acfe8f09c57775f698266ee56556f7eaa9a96d5471d3ecd8f2e7883620b7851,2024-09-01
776,user_55392,5a31c0224312e08ae47acadb3544802ff2f47ff22d2eb2d9445f020197e54772,2024-03-11
203,user_71484,fb95cde9d64487bc2288e4dd0798b861d98fe1d75aec6dc06959bb2fed6f8885,2023-09-30
268,user_40594,98af6091d3e0440f1c7eadac0784889112d3af55c10b6b80a235a3908c600821,2024-02-13
205,user_20705,245cf829719c35deb5b3de649e23f003d6263a9eaf157ae0a2b067b290f23211,2023-11-28
776,user_45554,4666af0982efbe319e7a2ef4eb8a1bcc9193f713885bb31b4562611ee4568d8b,2023-12-25
257,user_62069,b571a4d52b5fcdab26d62b8d4575792feaa735578cd5f1a104e886e9795b6ead,2024-12-28
576,user_66557,879b7ea530d2b485047b5a36be77063746f3b05ecf2ad440c0a03c68a84f5e30,2024-03-13
108,user_22247,e2f961ef600dae19d6cfea1503473c48bb415036fc6a7b0cb1d8efe1222384e7,2024-02-26
798,user_35277,eb373e5bfb248c0a731140a39246b0c739cf6835a4b4cf73b3c712ea600f63a6,2023-11-20
466,user_32715,4aa921fcde6b6540228e5da9f28d93addf21d17f7841cecaa5e1e0e094aeab3c,2024-05-19
555,user_17372,a7309e69367fbdecbdb66e1131e71ceb181d0bea8d1e32af97bdc1cb95c1591f,2023-08-20
213,user_60887,d2aa884a3ded44e5ed398b1ef8efefca0ae83aa46c07a1094c8fb09b795faef6,2023-08-10
773,user_78017,79f08566db490ab5692f1a16992c864c391055f9d5cac7e3b7ac79680b000043,2023-04-30
523,user_34952,724a1f7f9404f7f8c7633d5eb5b83af2da001ddd605343e02ede5b9525465c7f,2023-11-26
824,user_72416,182cace197dbf8f7c360093bbf6d8ac252eefa2b3db8caba1c6887243a8cb6c8,2024-12-29
375,user_32393,651f4391d36eec836d8a894ed0ba0f48d86314f6c4ff807dcc7c1ff0a6a67e16,2023-03-10
506,user_70571,7a936a94fa2f8dc7f20ca0c8f14e91e06cd676837205c015fcb457e2b9dafa3e,2024-03-09
702,user_61979,df04f553629aab3a24f46baab9bc289c4f0ab362db04e662d2772ce6b235d4c5,2024-07-21
159,user_89881,7b6c69079eb7fcbd2dc84797544ec1772e099673694bb40441ab6b208386d109,2023-03-09
476,user_44798,abec1b9ff6b5af410dc54a383c2b93e3f5207ab377878789ca44e32a3c7e8ce6,2024-12-06
80,user_87190,7e02c38654fed55a59f8342b90e5e4c57693ec96e0707d5e0af44dfca603c6eb,2024-08-28
963,user_83632,894fc97b95d2d9c5afbd0b7da992e74e8c277c8173e5c50b5cc2a1a54402ac40,2023-08-31
954,user_85344,26c3fa06cd7beb992dfefa180ead33f54ae87b5ce752b8c88847e07efaa57679,2023-10-13
43,user_56009,ac7194885cf6a72978a65d592508a71a98f71ea16cd490c4b7d979cec4d09504,2024-05-27
741,user_10802,aa0be91a354b6a30072e8f67014384713e8e265e038b33874979397a50da96b1,2024-06-19
114,user_65048,76cf7b66c219489cde9497416bf01db54fe754db731487dbe7389dcfd114b561,2023-11-17
592,user_80188,de6cf5ee66dc46556b6b8605cf0c527dd142dd18ff25e5dc14c02a316204f796,2023-07-04
567,user_80648,635ff8d30f56b3406537ed6d80b43d22e97861d5ba28f2b54d84a1aad9ceab4a,2023-08-01
170,user_53940,fb9c2a70cba2e5846d73708a1aa98790ab5704f00d651bba00a7b9e98e12028a,2024-11-07
876,user_75436,10b4dbd9198df47843dbebf5ef72a0ffe2b35205a06491cd85d9ad809afda3ef,2024-05-08
649,user_77610,341f1a771867233cea963882593886a03c127439169fb1030f9d5d3a528fea2c,2024-02-15
98,user_91670,73f846be4ada0f684588c194aaed184bc6317726d8ffb38e2e05a06634636b34,2024-05-04
902,user_80546,8adcedab0e831a6966f35f081dc699597fc8471ea36a027d13308bdde06bc518,2025-02-03
815,user_10033,eb961db3d97dda4a804b08ea61fda7dca82c3a91db4762ca3c666e9863e4082e,2023-07-21
924,user_95920,673af5c6d54bf1abdb36c0fec1484f156292fe17bba5cfc852e9f7e44aeadf40,2025-01-07
658,user_87245,6fe0e100fdf5067f9cf67842c0b9d3d5355effdfdb77e890d016442f44957a4f,2024-08-07
423,user_19346,f341bdc948348a754009204294d14082a082aa802c283d9df66db7dac627097a,2023-09-18
562,user_28757,7d7cb7b5ea3fa4f4cb9b47c4d2f2c5a35e88ea6243d1ea1d7dee9edbd505c173,2024-04-17
153,user_89988,269ef86bdea2c778283838ba883b540ff4be5415fa9f16b13398ecae2583ba9d,2024-01-01
207,user_10586,43aeccad07f2019ed9ec310607be0ef1e285d36ed851a1e4fa569d7ca1ee22ae,2023-12-28
856,user_63996,716b6bd82c565700b75f1a5f99d3310e7c0f14de72c8c842df3684c83ff32dac,2024-02-01
907,user_65828,86d47b22549243ea6084ef4c085bb5da89eca8d95322c33e537a3da872a3a442,2023-10-12
43,user_79386,6386fec39b9b29170bc7c8d1f2dc4d5a5c5848551cd8d997c9ef669a82a6eefd,2023-08-19
617,user_55426,bcf33880b957bbde7f1336053cf112a423032d3a37dbdfda75bab761345acc6e,2024-12-05
288,user_25216,25954b687b15d859cb20bb526697d24b2c4a93afcd386d3919d9810a9e803c9a,2024-10-04
