Report_Type,Submission_Date
Quarterly Report,2024-08-14
Compliance Report,2024-09-26
Quarterly Report,2024-04-30
Annual Report,2024-05-13
Quarterly Report,2024-10-16
Audit Report,2025-01-29
Quarterly Report,2024-09-10
Compliance Report,2024-04-27
Quarterly Report,2025-01-09
Annual Report,2024-10-26
Audit Report,2024-08-25
Compliance Report,2025-01-27
Quarterly Report,2024-07-30
Audit Report,2024-06-01
Quarterly Report,2024-10-30
Quarterly Report,2024-11-14
Audit Report,2024-11-28
Compliance Report,2024-03-25
Compliance Report,2024-07-23
Quarterly Report,2024-02-21
Compliance Report,2024-12-17
Compliance Report,2024-10-16
Quarterly Report,2024-12-13
Compliance Report,2024-12-17
Quarterly Report,2024-09-03
Audit Report,2024-09-13
Annual Report,2024-07-29
Audit Report,2024-12-28
Audit Report,2024-09-19
Quarterly Report,2024-09-01
Compliance Report,2025-01-07
Annual Report,2024-11-20
Audit Report,2024-04-12
Audit Report,2024-07-18
Annual Report,2025-01-14
Compliance Report,2024-06-19
Annual Report,2024-02-22
Audit Report,2025-01-28
Compliance Report,2024-07-03
Annual Report,2024-09-09
Compliance Report,2024-08-07
Audit Report,2024-10-18
Audit Report,2024-06-24
Annual Report,2024-04-16
Annual Report,2025-01-22
Quarterly Report,2024-07-25
Annual Report,2024-04-30
Annual Report,2024-10-22
Annual Report,2025-01-24
Annual Report,2025-01-24
Compliance Report,2024-05-07
Quarterly Report,2024-03-06
Quarterly Report,2024-12-21
Quarterly Report,2024-12-16
Annual Report,2024-03-03
Quarterly Report,2024-08-04
Annual Report,2025-01-29
Quarterly Report,2025-01-21
Audit Report,2024-08-11
Quarterly Report,2024-05-02
Quarterly Report,2025-01-30
Annual Report,2024-12-20
Compliance Report,2024-06-14
Annual Report,2025-01-13
Audit Report,2024-09-25
Annual Report,2024-06-11
Audit Report,2024-10-31
Audit Report,2025-02-09
Audit Report,2024-09-09
Audit Report,2024-04-27
Audit Report,2025-01-09
Audit Report,2024-03-12
Compliance Report,2025-02-02
Quarterly Report,2024-09-23
Annual Report,2024-09-06
Audit Report,2024-06-03
Audit Report,2024-10-09
Audit Report,2024-08-31
Quarterly Report,2024-12-27
Annual Report,2024-10-02
Annual Report,2024-09-04
Annual Report,2024-03-20
Audit Report,2024-05-10
Audit Report,2024-10-03
Annual Report,2024-08-13
Compliance Report,2024-06-09
Quarterly Report,2024-08-22
Annual Report,2025-02-13
Compliance Report,2024-06-01
Annual Report,2024-12-23
Quarterly Report,2024-06-30
Compliance Report,2024-06-05
Audit Report,2024-07-03
Compliance Report,2024-06-19
Compliance Report,2024-05-31
Quarterly Report,2024-04-15
Annual Report,2024-10-21
Annual Report,2025-02-09
Annual Report,2024-07-05
Compliance Report,2024-12-14
