Employee_ID,Base_Salary,Bonus,Deductions,Payment_Date
1633,3941.03,0.0,132.2,2025-01-30
1905,3960.85,204.23,161.64,2024-12-20
1330,7721.31,0.0,608.9,2024-12-27
1377,37713.84,4329.66,1560.02,2024-11-24
1628,11420.45,1009.35,988.04,2024-11-23
1198,5970.81,709.22,580.92,2024-09-07
1839,4682.68,640.01,442.89,2024-11-12
1358,5305.52,0.0,434.75,2024-12-29
1932,10353.12,0.0,272.87,2024-09-23
1677,14334.6,1058.62,1148.64,2025-02-08
1780,10132.2,1629.25,961.52,2024-10-10
1032,18650.3,0.0,408.39,2024-10-18
1370,10258.31,1838.95,697.04,2024-10-22
1442,4966.12,630.56,368.68,2024-10-23
1921,4092.45,0.0,136.08,2025-02-05
1471,4469.95,423.65,184.29,2024-10-25
1140,4253.87,306.13,274.83,2025-01-27
1727,5131.51,0.0,131.88,2025-01-22
1426,5485.46,0.0,328.56,2024-09-19
1631,8065.95,1212.75,293.28,2024-11-11
1448,7621.18,892.17,588.34,2024-12-28
1224,3330.31,580.89,77.34,2024-11-27
1818,14340.06,1983.98,289.8,2024-10-03
1765,16431.27,2627.36,1298.46,2024-12-29
1650,3549.31,640.86,216.63,2024-11-28
1162,19464.07,0.0,1545.32,2024-10-28
1168,11916.49,1788.17,747.97,2024-11-26
1718,20957.07,3617.54,1289.69,2024-10-26
1407,22372.22,1900.28,1599.81,2025-01-24
1063,6506.62,0.0,522.02,2024-12-29
1428,5827.04,0.0,499.19,2024-11-20
1373,7928.99,0.0,323.77,2024-09-28
1575,34259.28,3998.83,1288.38,2025-01-13
1521,3952.0,656.16,159.11,2024-12-15
1755,6702.4,1133.22,415.8,2024-11-07
1220,31473.4,0.0,786.82,2024-10-28
1191,10023.81,742.8,625.33,2024-11-14
1327,10143.53,848.73,542.17,2024-10-09
1228,9667.3,1667.46,657.87,2025-02-15
1370,20003.48,2470.85,1130.92,2024-09-25
1209,7502.85,489.56,298.85,2024-09-24
1032,6187.39,601.1,614.69,2024-12-17
1668,6466.33,0.0,256.24,2025-01-07
1445,4530.54,672.54,115.73,2024-11-25
1432,4317.78,423.94,226.65,2024-08-29
1554,7279.48,0.0,421.63,2024-09-03
1846,8041.04,1546.22,353.56,2025-02-06
1089,3917.83,307.34,381.8,2025-01-18
1444,17993.67,2003.71,793.89,2025-01-07
1422,5718.92,688.26,285.04,2025-01-15
1793,4289.22,672.5,160.52,2024-08-23
1653,10902.17,706.4,1002.6,2025-01-04
1740,34496.56,6799.93,1046.16,2024-10-15
1089,5555.95,0.0,424.81,2025-01-12
1926,9390.72,0.0,564.95,2024-10-31
1448,9261.79,0.0,256.28,2024-12-31
1733,18521.14,2277.1,864.03,2024-09-02
1129,8813.61,1124.21,572.15,2024-09-26
1194,11568.72,2078.41,281.25,2025-02-03
1075,10894.94,1076.37,1082.42,2024-12-23
1444,10928.95,689.56,329.2,2024-09-27
1444,6114.85,784.31,601.26,2024-10-21
1228,3163.81,436.71,171.97,2025-01-14
1091,16719.12,1445.75,1553.84,2024-11-06
1188,3841.88,268.42,202.93,2024-11-30
1452,5140.05,348.55,360.9,2025-01-08
1168,5903.85,744.55,192.42,2025-02-10
1140,6020.76,0.0,545.01,2025-01-07
1650,6388.02,0.0,572.59,2024-11-01
1800,11032.94,1838.17,1007.59,2024-09-11
1394,9002.92,0.0,301.1,2025-01-15
1294,3254.22,645.01,323.0,2025-01-13
1808,3961.46,496.94,341.13,2024-12-31
1695,3000.53,372.71,63.04,2024-09-14
1005,5595.49,676.86,255.26,2024-12-04
1155,4012.75,0.0,352.3,2024-11-08
1813,3938.08,218.51,326.45,2024-12-22
1633,9478.9,1700.92,534.28,2024-12-24
1565,3591.83,538.84,165.78,2024-09-01
1099,24096.28,0.0,1322.43,2024-12-21
1226,4110.19,366.21,327.57,2025-01-30
1648,11947.48,0.0,991.29,2024-11-21
1925,3166.03,0.0,161.56,2024-12-02
1405,11309.92,0.0,402.97,2024-12-29
1633,13235.72,707.47,1104.48,2024-10-27
1875,4910.19,939.18,134.67,2024-12-03
1694,9696.81,944.49,403.76,2025-01-16
1468,7613.47,463.56,477.9,2024-10-14
1926,6154.37,433.77,529.67,2024-12-29
1178,9901.66,0.0,591.13,2024-10-01
1277,5611.52,637.91,160.36,2024-10-15
1419,5436.66,0.0,142.92,2024-10-19
1174,3991.98,233.7,220.21,2024-12-04
1877,22747.06,2621.71,785.28,2024-11-29
1065,9523.41,1513.96,610.82,2024-09-03
1488,11237.41,1400.41,693.3,2024-12-16
1198,13672.63,0.0,1168.69,2025-02-06
1903,16962.12,0.0,1524.1,2024-09-05
1140,4928.33,0.0,161.0,2024-12-02
1982,9289.03,0.0,634.07,2024-10-03
1926,19263.99,2025.83,1223.34,2024-12-14
1875,10893.61,0.0,406.62,2024-12-07
1759,4603.76,322.6,357.05,2025-01-05
1171,4719.4,758.9,168.33,2024-09-24
1185,11520.21,0.0,513.89,2024-10-27
1028,8135.09,845.03,563.65,2024-09-30
1501,24622.4,3564.18,1156.22,2025-01-18
1623,9418.79,0.0,830.08,2025-01-11
1178,18574.05,1926.6,1111.75,2024-10-27
1370,4708.12,826.2,163.63,2024-12-16
1810,8922.3,1740.13,278.54,2024-10-18
1917,22948.61,2355.37,991.8,2025-01-30
1478,5324.51,0.0,251.27,2024-11-02
1189,4014.63,0.0,273.54,2024-08-28
1854,5787.78,0.0,248.81,2024-09-05
1179,9684.55,0.0,248.61,2024-08-24
1244,5888.52,0.0,208.23,2024-12-21
1765,4751.36,269.76,236.5,2024-11-09
1394,9898.76,580.2,595.11,2024-12-05
1061,10534.45,923.31,709.07,2025-01-06
1989,6262.22,0.0,354.52,2024-12-22
1590,11855.58,677.7,435.81,2025-01-03
1050,4463.41,419.06,358.8,2025-01-21
1403,13672.18,1716.08,1352.98,2024-11-01
1244,8393.57,1267.4,347.55,2024-12-09
1694,7659.97,1102.79,333.89,2024-10-04
1754,4396.7,357.1,108.27,2025-02-07
1155,6778.81,1000.6,192.12,2024-12-09
1239,4123.32,379.2,364.99,2025-01-18
1825,9480.75,1563.31,362.08,2025-02-02
1745,14473.37,2085.58,1274.74,2025-01-25
1393,20818.02,0.0,1267.88,2024-10-20
1842,4868.23,957.17,297.19,2025-01-13
1746,8777.26,1396.39,332.95,2024-09-07
1454,6297.72,0.0,356.49,2024-08-23
1650,3756.23,191.01,215.95,2024-12-09
1412,17779.77,0.0,1687.48,2024-11-10
1075,10419.93,1283.59,353.96,2024-10-04
1364,27170.8,2210.04,1191.8,2025-02-05
1591,16483.49,2610.76,564.13,2024-10-16
1820,5849.75,0.0,279.23,2024-09-10
1478,5711.95,0.0,459.88,2024-10-27
1513,6870.49,1059.4,332.89,2025-01-23
1940,33222.92,0.0,1055.72,2024-12-25
1778,5346.27,0.0,324.9,2024-10-19
1956,5371.86,0.0,308.16,2024-11-30
1453,5266.71,881.92,333.85,2024-10-07
1718,18392.31,2040.38,616.33,2024-09-20
1329,11911.8,1253.8,360.11,2025-02-04
1379,10898.55,0.0,845.39,2024-10-25
1493,4272.31,491.77,292.65,2024-12-15
1870,3782.15,0.0,119.99,2024-09-17
1751,20700.52,0.0,1341.57,2025-02-04
1811,4174.76,403.12,168.24,2024-09-19
1377,6667.43,1042.67,656.02,2024-10-15
1590,7628.03,0.0,359.74,2024-09-11
1776,8159.36,0.0,333.22,2024-09-19
1107,5686.1,0.0,227.5,2025-02-07
1905,3507.68,447.48,196.48,2025-02-07
1531,7952.09,0.0,588.45,2024-11-03
1079,10971.49,1207.09,291.83,2024-11-10
1238,10799.55,0.0,516.74,2024-08-24
1724,4837.62,396.68,397.3,2024-11-22
1184,19937.0,2718.91,786.9,2024-09-08
1623,10717.91,1920.75,595.05,2025-01-06
1765,3949.29,0.0,152.23,2024-10-24
1935,6466.55,491.41,643.63,2024-09-03
1639,10588.1,0.0,884.41,2025-01-08
1758,5594.3,0.0,367.38,2024-12-30
1334,3165.24,483.46,179.95,2024-11-29
1846,20904.34,1843.47,921.52,2025-01-29
1066,5934.86,656.94,333.37,2024-09-24
1958,3850.09,735.44,323.58,2024-10-28
1408,10287.74,0.0,379.5,2025-01-15
1228,5609.31,431.92,295.79,2024-11-12
1267,3435.53,247.63,211.72,2025-01-17
1454,17952.85,3230.1,1729.19,2024-12-09
1421,4298.93,454.45,136.77,2024-09-17
1449,5820.51,746.84,539.23,2024-11-25
1667,10601.2,1027.49,861.75,2024-11-07
1165,6352.57,688.09,321.7,2024-12-22
1813,10401.62,1589.76,428.39,2024-11-12
1293,3595.29,370.97,308.95,2024-10-11
1648,21685.12,2887.64,1032.18,2024-12-05
1259,4602.07,703.55,401.61,2024-09-24
1575,8424.71,595.05,672.44,2024-10-28
1409,5290.97,595.65,274.89,2024-09-21
1128,3067.05,201.97,161.37,2024-10-13
1005,3815.06,355.47,327.58,2025-02-02
1652,19334.17,3531.6,1443.57,2024-11-27
1471,3408.06,0.0,193.91,2025-02-17
1293,6175.13,555.08,144.46,2024-10-03
1501,5737.72,445.93,155.49,2024-12-07
1813,3254.02,0.0,291.88,2024-12-09
1776,20495.46,3753.58,762.04,2024-12-27
1865,4902.84,0.0,237.74,2024-11-08
1327,14657.5,1795.48,356.9,2025-01-18
1727,8409.95,0.0,447.73,2024-10-12
1499,4613.88,706.31,334.45,2024-11-13
1594,8610.28,902.33,730.92,2025-01-10
1314,7169.84,1417.87,467.75,2024-11-13
1165,4097.97,337.97,150.34,2025-01-24
1305,4893.14,742.11,272.01,2024-11-09
1321,7566.11,0.0,746.1,2024-09-08
1066,14724.92,0.0,1316.39,2025-02-11
1280,4906.0,0.0,359.69,2024-10-19
1479,12018.67,2299.13,516.72,2025-02-09
1419,3946.47,0.0,355.14,2024-10-26
1934,7520.23,0.0,748.65,2024-11-12
1058,3249.09,304.68,263.75,2025-01-18
1236,5854.67,872.71,196.24,2024-10-26
1808,5254.73,367.1,366.77,2024-09-14
1453,47266.08,3031.01,1079.72,2025-02-09
1364,5606.96,872.16,141.49,2024-12-26
1871,23937.58,2790.29,559.28,2025-02-17
1121,6329.5,0.0,536.89,2024-10-13
1674,3831.8,639.08,81.23,2024-08-23
1793,6539.11,614.01,528.69,2024-09-30
1725,5267.11,1050.45,416.72,2024-08-23
1673,5247.36,779.83,126.55,2024-11-24
1177,8585.54,1219.53,195.08,2024-11-26
1811,20339.85,0.0,599.29,2024-12-19
1648,3474.96,0.0,288.78,2024-10-22
1003,5614.29,998.63,414.63,2024-09-25
1228,5223.91,536.38,436.56,2024-08-31
1079,8381.05,457.81,775.71,2024-11-03
1855,10522.88,1944.87,457.63,2024-11-29
1653,4134.26,643.04,133.32,2024-10-26
1121,11050.99,1534.58,551.87,2024-11-07
1810,3025.82,562.2,194.14,2024-11-08
1986,7403.74,1407.38,382.58,2025-01-01
1128,15657.68,2190.22,1409.5,2024-12-27
1356,24371.88,3794.42,868.22,2024-10-03
1166,17188.8,2091.9,740.76,2024-10-06
1810,3944.59,415.78,79.74,2024-12-13
1099,8026.75,693.55,762.47,2024-09-09
1935,13206.99,0.0,449.78,2024-08-23
1633,4115.44,453.46,147.79,2025-01-09
1055,4250.99,310.28,88.74,2024-11-21
1758,24317.88,3907.41,2179.09,2025-01-01
1579,20818.64,1872.33,468.55,2024-12-13
1209,24980.51,1492.93,2312.92,2024-10-19
1091,23726.45,0.0,1544.52,2024-10-04
1557,9994.89,1577.1,812.11,2025-01-24
1188,27765.93,0.0,801.13,2024-12-26
1247,6755.14,709.63,364.3,2024-11-18
1746,5339.48,943.33,314.3,2025-01-27
1884,9408.57,0.0,229.21,2024-10-09
1467,22604.44,2728.92,1380.46,2024-11-15
1048,4580.44,0.0,186.28,2025-01-29
1129,21720.56,1899.52,1687.86,2024-11-16
1323,7746.65,1424.48,648.43,2024-09-03
1701,32919.01,2491.11,2707.51,2025-01-15
1277,21149.65,3734.08,513.32,2024-11-28
1758,3419.64,197.78,137.4,2025-01-22
1477,5308.11,0.0,423.35,2024-11-10
1179,9582.33,868.73,352.48,2024-09-14
1543,5158.63,0.0,123.66,2024-11-21
1321,5647.83,0.0,276.5,2025-02-04
1304,3169.65,205.13,193.96,2024-12-25
1778,11097.71,1486.54,459.97,2024-09-03
1854,4887.54,0.0,348.06,2024-12-01
1442,5476.5,584.13,348.14,2025-01-25
1268,10456.33,1929.25,841.83,2025-01-01
1676,5774.93,0.0,181.09,2025-02-07
1707,10674.79,1128.24,452.6,2024-12-24
1785,8503.36,0.0,624.16,2024-11-23
1643,5354.78,296.94,232.07,2025-02-04
1058,7937.62,1576.5,294.22,2025-01-14
1501,5528.68,1085.71,275.21,2024-09-28
1334,9369.06,0.0,306.55,2024-10-14
1019,8273.25,789.4,778.02,2024-11-15
1870,3579.83,0.0,262.69,2025-01-03
1323,8768.43,693.97,221.31,2025-02-18
1808,6506.17,434.37,400.14,2024-12-16
1589,4824.08,684.35,138.25,2024-11-27
1161,8534.84,1579.3,216.73,2024-11-22
1309,5850.47,633.63,426.75,2024-09-15
1135,4350.62,527.31,433.9,2024-11-10
1363,31542.81,5419.2,1263.04,2024-09-29
1113,9963.85,1955.41,769.68,2024-12-16
1724,7652.09,0.0,237.49,2024-09-29
1373,10861.47,0.0,898.35,2025-02-11
1784,21643.69,1641.71,2122.62,2024-10-27
1422,3647.61,636.37,360.36,2025-01-12
1329,9769.4,870.84,636.97,2025-01-19
1763,5075.3,967.43,338.55,2024-09-01
1745,19944.89,0.0,1496.72,2024-10-26
1935,5501.52,648.73,369.66,2024-10-09
1710,3067.72,554.6,304.8,2024-12-31
1380,4367.52,0.0,143.04,2024-10-12
1750,3524.89,444.01,240.94,2024-09-02
1553,6912.86,1324.58,199.39,2024-12-31
1487,10078.31,0.0,542.22,2024-11-18
1093,9862.22,0.0,684.13,2024-12-14
1591,14301.03,2708.32,1092.97,2025-02-04
1128,19373.58,3809.85,1489.78,2025-01-10
1956,9096.66,1757.12,206.55,2024-09-01
1095,10591.15,1722.31,255.39,2024-12-18
1944,3565.12,0.0,298.08,2024-11-24
1473,5530.76,931.97,261.54,2024-12-07
1444,3066.15,0.0,284.41,2024-10-01
1418,10529.16,983.55,346.85,2024-10-31
1419,9035.69,954.81,427.54,2025-01-26
1452,8958.48,0.0,491.44,2024-10-01
1002,24439.67,1430.23,894.49,2024-09-30
1211,7645.89,1077.65,192.73,2025-01-09
1928,3232.36,595.6,109.81,2024-09-27
1202,3823.5,0.0,309.16,2024-10-21
1145,3999.14,582.85,224.15,2024-09-27
1676,3851.52,266.4,261.36,2024-12-26
1995,5726.78,303.49,418.1,2024-11-27
1426,4073.13,471.59,155.54,2024-09-25
1971,10966.35,1027.72,607.07,2024-09-19
1478,5561.15,902.51,215.18,2025-01-04
1759,5009.93,980.17,166.5,2024-11-04
1239,4393.54,0.0,161.87,2025-01-12
1928,4312.2,0.0,324.8,2025-01-03
1839,16484.93,1087.76,432.08,2024-10-27
1948,9868.57,505.01,512.98,2025-02-03
1188,17980.95,1372.82,1499.01,2024-09-04
1579,7740.03,1106.65,222.05,2024-10-14
1113,4673.95,315.11,343.52,2024-08-29
1870,13452.73,0.0,479.59,2025-01-17
1725,3178.9,533.59,291.36,2024-11-12
1191,4383.03,0.0,402.44,2024-09-04
1374,3968.38,526.81,188.68,2024-08-29
1444,11423.83,1482.72,1059.45,2024-12-02
1104,8479.59,1451.87,195.39,2024-08-25
1862,15094.08,0.0,1369.9,2024-10-15
1928,5750.08,372.56,457.75,2024-10-11
1860,9620.67,1277.84,220.62,2025-02-13
1234,9881.22,1583.03,497.66,2024-11-19
1478,10016.41,0.0,979.5,2024-09-22
1865,12380.65,2370.87,662.77,2024-12-31
1169,5554.35,418.9,161.47,2024-10-02
1887,9821.1,1728.22,565.24,2025-02-09
1555,7452.32,0.0,669.02,2025-01-27
1294,7673.49,750.33,373.08,2024-11-19
1107,10454.48,959.62,225.38,2025-01-09
1917,5307.29,0.0,499.48,2024-09-21
1935,5317.54,270.82,523.53,2025-02-05
1535,5156.2,927.54,292.7,2024-10-12
1633,5712.17,0.0,188.26,2024-09-03
1792,12787.28,943.31,931.06,2024-09-23
1677,41371.46,4584.43,1589.47,2024-11-19
1171,5287.27,987.48,468.42,2024-12-11
1765,20178.18,1671.12,1426.72,2024-11-07
1313,41019.68,0.0,1265.46,2024-11-25
1089,5128.14,899.86,447.03,2024-08-26
1839,4277.33,254.31,352.25,2024-08-29
1553,22880.03,2849.31,784.81,2025-01-09
1305,5821.56,0.0,342.0,2024-08-24
1594,3851.49,271.76,146.25,2024-12-15
1083,3894.32,513.65,160.35,2024-09-30
1039,7695.62,1482.48,611.1,2024-09-26
1393,10272.73,0.0,857.87,2024-10-24
1934,10709.12,0.0,639.51,2025-02-14
1394,15521.87,2369.68,680.94,2024-12-19
1592,17802.62,2650.67,1198.79,2024-11-24
1589,5463.53,593.55,538.2,2025-01-18
1383,3881.37,196.93,177.05,2024-11-22
1585,23375.88,3364.02,1928.34,2024-11-21
1813,4195.17,682.06,129.35,2025-01-16
1238,19620.03,3570.86,1614.23,2024-08-28
1422,5935.5,1127.72,380.66,2024-12-22
1937,11575.33,690.67,634.81,2025-01-19
1768,10553.98,0.0,578.56,2024-08-27
1228,4974.32,428.81,186.58,2024-09-19
1731,4362.69,571.12,93.66,2024-09-16
1491,3255.25,0.0,118.88,2024-10-21
1361,7911.58,842.8,640.25,2025-01-02
1064,22854.05,2159.8,1782.33,2024-11-02
1778,4292.98,341.87,107.04,2024-12-16
1784,6985.57,1007.17,245.9,2024-12-20
1107,23941.26,2224.69,1425.03,2024-12-13
1860,3604.82,0.0,241.77,2024-11-29
1910,4169.39,0.0,302.26,2024-12-07
1140,3547.76,269.35,144.96,2024-12-22
1744,16553.57,0.0,734.81,2024-10-25
1590,10618.81,1240.75,958.68,2024-11-01
1308,7117.89,892.36,144.13,2025-01-21
1308,5447.15,0.0,273.28,2024-08-31
1826,4476.17,376.76,305.47,2025-01-27
1074,49001.28,9369.44,3792.65,2024-11-10
1817,8897.86,679.2,335.49,2024-10-22
1048,46017.55,7689.19,4065.76,2024-08-28
1825,10331.23,1120.84,329.98,2024-09-29
1463,14819.81,1371.26,1282.92,2024-10-02
1506,9775.68,1892.47,292.2,2024-11-11
1355,5939.2,507.47,243.66,2024-09-22
1582,9432.08,1867.63,337.65,2024-10-18
1327,3239.78,0.0,123.98,2024-12-09
1003,6036.23,1114.04,387.37,2024-10-28
1718,20789.66,0.0,1728.05,2024-12-25
1915,7209.0,768.31,445.92,2024-12-05
1220,17638.61,2854.4,1599.13,2024-10-09
1811,17974.86,3423.84,1518.05,2024-11-24
1995,5384.83,330.14,414.9,2025-02-14
1074,10021.96,0.0,930.9,2024-10-21
1763,4064.67,291.97,126.46,2024-10-13
1470,17063.42,2291.44,931.39,2025-02-14
1308,24877.67,3272.16,1477.57,2025-01-11
1202,24542.75,3341.32,803.46,2025-02-14
1870,4580.83,791.79,167.46,2024-10-01
1444,21182.34,3645.27,964.74,2024-10-07
1935,11345.49,2148.18,440.17,2024-10-24
1615,5042.95,0.0,226.35,2025-01-04
1653,8390.71,1368.58,187.64,2024-11-24
1454,4903.49,876.37,432.11,2024-11-10
1967,10874.47,1589.87,889.38,2024-10-09
1467,15609.06,0.0,991.53,2024-08-25
1046,4033.72,505.35,331.81,2025-01-31
1449,8830.01,1668.11,240.91,2024-12-03
1177,31624.66,0.0,2162.14,2024-11-23
1427,11658.36,1646.47,314.96,2024-12-14
1552,6759.61,982.32,290.14,2024-09-05
1860,6248.27,0.0,149.79,2024-12-26
1374,15237.11,1293.45,1371.67,2025-01-13
1862,3934.22,493.8,111.04,2024-12-18
1697,3489.08,0.0,176.35,2024-11-26
1818,5563.89,0.0,224.8,2024-12-23
1428,8906.0,841.06,407.02,2024-10-07
1825,21351.17,1118.42,1311.07,2024-12-18
1209,3634.11,391.15,101.7,2024-11-18
1985,17125.89,948.38,491.24,2025-01-09
1055,9035.95,1622.01,316.31,2024-09-12
1983,13849.77,0.0,1288.97,2025-01-30
1370,10615.68,0.0,559.64,2024-11-01
1432,10080.92,1072.16,926.68,2024-10-18
1467,16539.15,0.0,1525.45,2024-12-28
1810,11769.62,901.34,394.54,2024-12-02
1286,4875.81,595.2,464.29,2024-10-23
1188,3773.56,0.0,240.81,2024-10-01
1224,8953.24,0.0,485.4,2024-10-02
1277,32448.72,4575.27,1836.0,2024-12-10
1399,42289.5,4035.72,1787.92,2025-01-26
1280,6791.85,744.15,544.41,2024-09-08
1995,7514.98,473.84,380.73,2024-11-13
1865,3522.8,283.78,335.08,2024-11-09
1763,10542.38,1017.77,626.31,2024-11-05
1214,9653.19,1107.38,760.05,2024-12-19
1508,19617.97,3892.2,514.04,2025-01-07
1226,4138.06,696.62,272.77,2024-09-12
1645,6231.13,392.15,418.11,2024-12-20
1188,3111.56,0.0,174.94,2024-12-21
1113,4589.8,0.0,381.65,2024-10-13
1456,13977.22,1452.2,1228.25,2024-09-02
1547,6601.75,816.56,402.52,2024-10-01
1051,8531.06,483.8,791.21,2024-12-07
1556,20689.84,0.0,1763.86,2025-02-04
1442,4776.44,265.15,221.48,2024-08-30
1188,5831.77,588.13,136.81,2024-11-12
1399,5699.44,559.24,545.69,2024-08-28
1003,8821.38,1062.17,554.66,2025-01-24
1368,8780.23,1201.18,715.07,2024-11-28
1971,4358.3,0.0,316.79,2024-11-02
1248,33218.66,3318.72,2093.68,2024-09-16
1214,34931.27,0.0,2483.85,2024-10-17
1665,3964.37,0.0,232.38,2025-01-10
1445,13080.84,2606.18,266.2,2025-02-08
1185,6642.0,1228.0,288.44,2024-10-21
1368,3913.84,299.95,363.2,2024-09-12
1444,8723.53,1142.14,696.35,2025-01-31
1813,11916.41,2116.09,616.59,2025-01-09
1956,4313.0,352.83,245.68,2024-12-30
1530,9919.3,0.0,338.58,2024-12-10
1623,5424.33,860.59,189.09,2024-09-02
1282,3246.91,452.91,250.54,2024-12-01
1928,19708.15,0.0,1616.48,2024-09-28
1422,20316.57,1412.39,1575.17,2024-12-10
1537,7191.63,1294.53,342.21,2025-01-26
1552,11246.61,1746.29,893.21,2024-12-25
1889,5854.45,683.35,459.6,2024-11-06
1915,42942.24,7221.73,917.22,2024-11-10
1368,3128.96,200.44,280.8,2025-01-11
1506,26882.04,0.0,2268.41,2024-09-15
1113,10964.99,1345.33,1031.7,2024-09-23
1040,19629.5,0.0,1915.63,2024-10-21
1226,4940.06,531.88,166.33,2024-11-06
1000,17001.64,2287.79,1400.09,2024-11-22
1793,12376.03,2475.0,844.67,2024-10-04
1178,5721.36,772.78,188.9,2024-10-18
1323,10037.16,1829.02,623.58,2025-01-18
1594,13020.65,1886.92,388.77,2025-02-16
1606,17971.77,0.0,541.91,2024-11-20
1377,7865.98,1161.71,751.37,2024-11-30
1609,3172.04,567.32,83.71,2025-01-29
1945,8921.0,554.7,833.97,2024-12-27
1178,17936.7,2055.86,1291.86,2024-10-21
1079,14341.78,0.0,593.34,2024-11-14
1123,5408.13,0.0,528.89,2025-02-10
1868,6580.32,667.5,152.61,2024-10-11
1776,14638.67,2832.2,1437.85,2024-12-17
1167,6867.43,606.41,655.2,2024-10-02
1590,3122.51,567.54,265.94,2025-02-15
1542,5875.57,0.0,340.02,2024-09-19
1599,3382.43,525.19,327.59,2024-11-19
1639,27558.28,0.0,2690.25,2024-12-04
1537,5643.94,383.39,476.12,2024-09-07
1028,3560.92,594.34,75.84,2025-01-22
1304,17637.98,2051.37,1440.46,2025-02-11
1205,7804.38,915.85,246.95,2024-09-28
1234,14435.77,2267.16,1339.16,2025-02-10
1989,9522.23,1363.2,309.62,2024-09-17
1551,12489.21,2455.22,271.5,2024-10-27
1948,5073.82,0.0,353.32,2024-11-22
1047,3495.08,383.92,163.46,2025-02-18
1368,9011.8,1665.67,723.62,2024-09-16
1401,4057.86,652.3,397.95,2024-12-29
1296,9786.55,1806.98,233.71,2024-12-26
1322,8886.1,678.27,596.54,2024-11-22
1358,9645.94,1509.66,430.51,2025-01-08
1906,10258.11,0.0,543.85,2025-01-22
1776,10539.35,0.0,601.42,2024-11-23
1075,4460.77,503.0,368.39,2024-11-18
1786,8295.44,832.43,687.46,2024-12-22
1734,18754.21,0.0,878.73,2024-08-31
1471,4084.45,256.27,235.88,2024-11-09
1091,9883.76,964.03,352.67,2024-09-22
1604,14267.5,0.0,354.04,2025-01-24
1935,4936.12,0.0,335.2,2024-08-30
1162,11409.52,1686.19,556.6,2024-09-26
1792,3987.84,372.99,353.23,2025-02-04
1792,18122.6,2726.42,1768.22,2025-01-27
1926,4113.62,525.82,278.71,2024-12-09
1304,9761.72,0.0,787.59,2024-10-24
1631,4391.63,714.83,279.72,2024-10-04
1178,15480.06,2509.67,1175.13,2024-11-02
1991,3689.64,570.83,107.47,2024-09-03
1758,6715.16,620.69,555.0,2024-09-14
1377,3917.75,257.28,357.71,2024-12-09
1191,20223.41,3954.73,1936.22,2025-01-27
1740,7147.48,738.03,218.35,2024-12-25
1650,27862.69,4510.56,2000.49,2025-01-23
1982,4126.14,473.8,194.8,2024-09-17
1875,10851.51,0.0,554.56,2024-11-30
1432,5637.05,690.45,369.34,2024-12-13
1633,19662.27,0.0,1950.15,2024-12-02
1238,9748.39,0.0,330.95,2024-10-12
1780,11837.02,0.0,1125.56,2024-12-16
1547,11970.82,1047.64,432.59,2024-10-04
1632,10080.56,0.0,330.37,2025-01-24
1870,4730.99,0.0,439.47,2024-10-30
1265,21862.22,1699.24,1591.31,2024-09-18
1277,10304.76,759.34,1012.91,2025-01-09
1089,6055.97,0.0,401.94,2025-02-04
1664,8954.25,0.0,869.2,2024-11-30
1409,3554.76,658.99,185.31,2025-02-13
1095,10326.72,691.66,485.13,2024-10-18
1002,11199.76,1028.6,278.77,2024-08-30
1310,14588.26,1134.41,1310.62,2024-12-21
1708,30305.21,2169.25,1943.22,2024-10-26
1178,4916.45,0.0,125.33,2025-01-28
1326,6482.48,920.8,321.01,2024-09-08
1106,7562.44,1112.39,569.73,2025-01-02
1299,11072.96,1518.95,410.39,2024-10-30
1708,18348.98,0.0,1317.55,2024-10-15
1986,17608.34,1881.91,786.34,2024-10-29
1695,5242.11,0.0,426.03,2025-01-31
1099,17579.63,1134.61,465.94,2024-09-03
1817,8224.44,0.0,412.72,2025-01-31
1967,6017.63,0.0,531.52,2024-12-30
1531,38984.34,3404.24,2439.39,2024-11-21
1084,5256.77,665.8,471.72,2024-10-18
1838,8066.39,1131.38,468.64,2024-12-06
1454,3939.72,474.31,113.6,2024-10-03
1653,9941.76,817.61,807.8,2024-09-19
1296,5249.53,554.89,342.97,2025-02-16
1744,8728.24,0.0,528.41,2024-10-31
1903,4648.54,759.01,273.4,2024-12-27
1050,5736.49,439.36,469.39,2024-09-27
1884,46213.18,0.0,3221.2,2024-12-13
1554,11360.62,1587.99,655.02,2024-09-24
1763,19851.44,2246.96,1877.59,2024-10-17
1202,4716.05,596.97,401.88,2024-11-29
1948,4201.88,424.39,271.92,2024-09-21
1734,3203.22,0.0,242.07,2024-10-11
1445,3270.39,441.99,283.43,2024-11-23
1606,4375.44,370.25,419.75,2025-01-20
1206,18962.23,2560.56,1022.47,2025-01-25
1645,12169.87,677.81,906.24,2024-12-20
1724,3499.63,646.85,171.1,2024-10-23
1740,4889.82,371.73,116.67,2024-12-07
1724,23627.01,0.0,526.51,2024-10-31
1887,7845.79,584.7,169.62,2025-01-07
1284,5984.14,491.46,167.15,2024-11-12
1633,3440.66,0.0,154.33,2024-11-06
1763,4914.01,892.54,334.5,2024-09-07
1910,11998.2,1894.99,845.79,2025-01-22
1860,5125.77,299.01,115.34,2024-12-06
1499,22034.59,0.0,1799.6,2024-10-18
1585,4643.64,0.0,234.78,2025-01-17
1129,4778.0,0.0,201.92,2025-01-05
1188,8554.55,0.0,347.14,2024-11-08
1341,5801.37,0.0,153.24,2024-09-18
1164,6726.45,888.54,195.89,2024-12-16
1633,4755.17,310.84,127.3,2024-11-28
1795,4595.03,0.0,134.0,2024-10-19
1427,19105.33,0.0,1495.55,2025-01-17
1164,8664.02,1277.86,574.3,2024-09-05
1379,14144.6,1637.64,658.39,2025-01-25
1674,34032.47,4676.69,3000.2,2024-12-01
1776,4941.23,539.58,176.55,2024-09-12
1194,10572.0,856.75,902.74,2024-12-02
1654,24079.71,2395.24,707.55,2024-11-09
1293,5606.05,671.59,367.47,2024-10-17
1784,22264.45,3622.51,1200.05,2024-10-12
1368,4436.69,250.52,95.92,2024-10-19
1321,3982.06,557.87,196.01,2025-01-09
1058,21044.27,0.0,1816.43,2025-01-14
1937,17461.6,2268.74,955.14,2024-09-23
1486,10712.07,735.86,729.77,2025-02-15
1903,5542.17,898.86,455.13,2025-02-02
1061,20837.37,3262.28,900.49,2024-11-22
1191,3716.66,269.52,174.4,2024-12-20
1113,10627.08,1339.11,705.22,2024-11-21
1166,5502.11,847.66,166.27,2024-11-20
1654,21685.95,0.0,1537.61,2024-11-05
1369,5649.91,641.49,233.38,2025-01-08
1746,5856.05,1032.64,386.66,2024-10-25
1590,7216.52,1424.95,678.33,2024-10-26
1248,13914.98,1351.76,1080.16,2024-10-08
1531,4114.76,0.0,110.38,2024-10-31
1838,14351.35,2210.08,704.14,2024-10-25
1174,6562.08,928.7,326.65,2025-01-09
1299,14157.05,1518.58,795.02,2024-11-05
1407,8929.43,644.04,891.15,2024-10-20
1733,23347.17,4015.87,791.35,2024-08-27
1556,20201.16,1303.8,1346.72,2024-10-17
1473,11726.0,991.25,958.68,2024-12-10
1022,12741.83,1188.18,635.86,2024-12-29
1839,3664.46,354.04,281.28,2024-09-16
1198,6749.93,0.0,375.4,2025-01-04
1228,49187.36,9647.17,2166.7,2024-09-16
1206,8704.87,634.18,816.03,2024-12-28
1925,23969.91,3010.84,982.8,2024-12-26
1557,3108.77,393.3,98.15,2025-01-03
1206,3042.57,435.79,124.46,2024-12-06
1468,4205.31,673.96,274.57,2025-02-09
1212,17512.47,0.0,868.41,2024-11-12
1407,11584.08,0.0,640.31,2025-02-12
1606,4854.91,688.81,165.27,2024-10-18
1051,7660.1,543.31,555.22,2024-11-26
1478,13207.17,1739.39,273.84,2025-01-13
1862,9453.89,909.66,580.1,2024-09-29
1054,3325.14,0.0,220.53,2024-12-10
1368,24682.16,4188.21,2222.93,2024-12-29
1928,4850.79,954.27,335.44,2024-10-01
1565,14882.46,2670.22,1355.58,2024-12-29
1167,7144.16,0.0,535.98,2024-11-23
1093,5461.21,1021.45,274.22,2024-10-21
1615,8903.82,924.29,772.81,2024-10-18
1928,3944.92,581.56,85.52,2025-01-09
1370,11790.28,0.0,406.91,2025-01-05
1383,9050.61,948.48,332.52,2025-01-14
1643,9451.36,1622.55,779.96,2024-10-02
1710,22219.74,0.0,2009.78,2024-09-27
1862,11418.84,0.0,588.45,2024-11-24
1177,7055.9,609.53,627.77,2025-01-09
1377,3828.76,570.59,216.57,2024-12-17
1164,5714.22,695.22,526.56,2024-09-04
1592,4733.54,255.49,419.99,2024-10-22
1943,11788.36,1185.5,1106.8,2024-11-17
1329,8952.23,0.0,290.39,2025-01-28
1945,11281.46,1071.41,558.6,2024-11-28
1250,3414.71,571.3,142.38,2024-10-18
1699,24074.48,3935.78,991.38,2024-10-12
1667,5397.55,1029.58,165.7,2025-01-06
1793,3067.6,0.0,306.57,2025-02-12
1594,6755.49,0.0,216.12,2024-12-08
1128,10361.99,0.0,917.66,2025-02-10
1222,7694.29,463.32,372.96,2024-09-12
1380,10341.57,1443.37,207.01,2025-02-03
1765,22843.31,3504.86,1664.97,2024-12-29
1590,3139.42,566.64,311.88,2025-02-05
1808,4674.45,557.58,326.6,2024-09-05
1579,5632.08,523.89,179.69,2025-01-06
1177,3149.66,363.4,282.88,2025-02-03
1167,3594.18,358.98,305.14,2025-01-03
1542,9546.22,1700.78,781.73,2024-09-22
1355,22140.0,3882.08,1725.24,2025-01-05
1590,9603.89,0.0,762.62,2024-08-31
1370,3182.65,490.54,231.16,2024-12-30
1962,3950.49,0.0,316.83,2025-01-14
1156,4712.69,463.44,379.99,2024-10-03
1985,46585.22,9288.49,1537.82,2024-11-17
1260,4610.76,347.27,450.74,2025-02-02
1426,6237.68,1225.23,594.02,2024-11-17
1028,5491.83,636.06,410.91,2025-01-29
1104,10583.77,2107.05,872.26,2024-11-05
1808,5010.7,265.3,421.85,2025-01-04
1039,18822.52,2980.48,1223.28,2024-08-25
1599,21464.89,4088.17,1769.89,2025-01-26
1838,11240.6,0.0,655.65,2025-01-09
1074,17136.35,0.0,1112.59,2024-09-01
1365,3696.61,674.98,313.91,2024-12-18
1278,5532.44,958.08,324.39,2025-02-07
1128,9176.57,1642.99,249.13,2024-10-27
1557,4773.68,375.38,296.47,2024-09-16
1599,20879.1,0.0,2087.75,2024-12-03
1991,9465.03,504.1,897.81,2025-01-11
1061,16053.94,1857.35,1566.37,2024-12-24
1304,24295.61,3163.1,1635.42,2024-10-17
1348,10484.53,1208.99,808.73,2025-01-17
1247,3939.97,551.29,88.74,2024-09-05
1525,7582.45,496.0,398.57,2025-01-14
1699,11891.56,913.06,374.09,2024-10-29
1224,8737.11,873.93,234.9,2025-01-03
1606,5864.65,974.25,158.73,2024-12-10
1051,12137.78,0.0,971.51,2024-12-30
1134,8277.13,492.18,443.92,2025-02-08
1238,32954.93,3363.79,1437.45,2024-09-10
1654,4553.91,437.82,154.76,2025-01-28
1191,13259.21,0.0,964.99,2024-12-09
1986,24020.05,2305.44,1026.77,2024-12-07
1140,6726.82,0.0,589.0,2024-12-20
1226,8832.08,1333.44,768.73,2025-01-07
1239,5541.7,964.08,550.76,2024-09-16
1442,17847.28,2574.32,903.59,2024-11-10
1585,11208.52,0.0,624.74,2024-12-24
1986,8348.61,642.21,640.35,2024-12-20
1089,7823.29,1503.49,547.57,2024-11-05
1130,11581.37,584.07,259.52,2024-12-11
1403,21108.89,2614.38,1554.41,2024-09-19
1222,30990.0,2891.34,822.18,2025-01-01
1088,3699.33,210.86,140.05,2024-09-24
1497,22358.18,3029.21,1818.42,2024-12-17
1048,17387.16,1044.41,1675.33,2024-09-16
1582,9137.68,1184.0,224.43,2025-02-15
1818,3308.66,0.0,127.73,2024-09-12
1792,6358.42,0.0,530.02,2024-11-11
1454,6771.18,534.96,195.18,2024-09-23
1380,10030.49,0.0,274.91,2024-09-09
1831,5564.83,353.25,159.68,2024-09-02
1497,5070.93,660.99,181.67,2024-09-14
1134,9929.95,1834.61,280.68,2024-09-04
1463,3185.58,464.96,144.42,2024-09-01
1854,6811.43,364.56,627.73,2024-10-17
1860,4493.1,695.0,118.68,2024-09-29
1113,5447.7,1008.95,457.34,2024-11-05
1609,14706.19,2003.04,895.77,2024-09-05
1811,8483.42,1289.7,340.66,2024-11-06
1054,3630.79,624.59,336.52,2024-09-21
1865,22329.21,0.0,872.93,2024-09-12
1244,3348.75,507.34,167.86,2024-12-13
1925,3383.25,646.8,195.58,2024-09-27
1654,5179.61,725.2,103.99,2024-09-23
1842,10331.82,1130.39,270.51,2025-02-01
1868,5264.86,1034.32,250.05,2025-01-17
1860,4037.11,0.0,102.75,2024-11-17
1206,19400.63,3667.98,601.29,2025-01-17
1165,18907.6,2804.98,888.77,2024-10-03
1531,9991.02,0.0,580.62,2024-10-03
1921,6251.92,703.17,207.52,2024-10-10
1980,3910.71,0.0,237.79,2024-10-05
1875,10136.21,877.52,935.32,2024-12-22
1198,14861.62,1044.98,607.31,2024-09-05
1628,7863.58,0.0,500.34,2024-12-27
1513,37509.03,6561.71,3094.21,2024-11-27
1810,19733.72,0.0,1429.79,2024-12-25
1695,3062.43,227.08,87.7,2024-10-31
1795,10500.01,0.0,639.34,2024-11-26
1040,19315.5,2915.12,895.0,2024-12-30
1188,5795.72,790.89,470.89,2025-02-05
1329,5282.99,467.09,457.66,2024-12-06
1825,41092.75,0.0,3101.9,2024-09-17
1810,9988.48,786.5,810.89,2024-09-06
1310,10833.78,996.42,459.96,2024-09-15
1575,5533.72,497.72,298.43,2025-02-12
1585,23010.04,3525.67,1288.56,2024-12-24
1226,17543.41,0.0,1562.6,2025-01-15
1599,24943.71,2764.43,900.04,2024-11-25
1754,5883.94,1164.36,483.78,2024-10-24
1000,10513.31,712.27,697.87,2024-09-06
1421,4013.85,356.48,270.53,2024-12-23
1982,4800.54,716.59,348.38,2024-10-17
1169,5376.79,0.0,138.48,2024-11-27
1708,9727.02,1422.41,382.11,2024-12-12
1247,11238.37,1922.18,468.36,2024-11-09
1654,12733.04,0.0,432.84,2024-09-29
1831,3096.19,0.0,214.5,2024-09-26
1585,4993.17,867.82,338.92,2024-12-27
1877,3059.56,281.79,244.02,2024-12-10
1736,4029.19,588.34,285.79,2025-01-16
1673,3362.92,0.0,219.5,2024-11-09
1383,19646.48,1794.45,1013.65,2024-12-28
1128,3445.76,0.0,69.67,2024-09-29
1194,5970.39,851.83,399.68,2024-10-26
1936,4219.55,0.0,188.83,2024-08-24
1475,11368.92,1795.5,888.17,2024-09-16
1194,7906.15,1245.73,302.86,2024-09-30
1234,3504.59,0.0,100.34,2025-01-16
1171,3796.95,535.34,189.87,2025-01-31
1935,11665.86,1128.59,712.54,2024-12-20
1755,3052.97,477.17,163.2,2024-12-25
1058,11876.01,1958.73,759.89,2024-09-17
1969,11220.56,855.02,375.62,2025-02-14
1796,4648.77,0.0,241.02,2024-09-13
1654,4053.1,400.12,392.66,2024-11-20
1668,11751.87,741.21,830.74,2024-12-24
1513,6543.01,1017.78,528.64,2024-12-21
1065,11052.61,0.0,662.57,2024-10-28
1724,11602.62,912.78,642.41,2024-08-26
1464,9237.93,707.67,709.19,2024-11-01
1615,7496.66,1441.04,246.68,2025-01-09
1095,10688.84,1377.93,953.72,2025-01-14
1244,10444.33,719.33,971.14,2025-01-31
1206,7064.19,0.0,687.57,2024-09-23
1926,8676.32,0.0,850.73,2024-12-28
1653,3231.04,448.73,140.29,2025-01-12
1673,4873.08,566.84,410.5,2024-09-26
1665,4098.53,410.32,93.81,2024-12-20
1499,5716.34,0.0,377.35,2025-01-24
1175,4656.08,459.88,156.85,2025-01-11
1050,4483.08,325.94,284.36,2024-10-16
1123,3090.36,311.64,180.34,2024-11-30
1448,43993.22,2972.62,1153.59,2024-12-11
1002,9945.03,1286.68,893.98,2024-11-11
1530,7036.98,970.92,383.01,2024-09-17
1604,11378.8,2180.0,446.62,2024-09-01
1003,3655.64,0.0,277.48,2024-11-11
1293,5528.63,0.0,466.4,2025-01-03
1820,9957.07,0.0,719.88,2024-10-09
1810,17102.75,0.0,1502.44,2025-01-26
1603,9075.75,0.0,382.25,2024-12-26
1399,7159.56,1265.08,450.02,2024-11-11
1212,4536.99,337.42,447.63,2024-11-05
1652,17708.39,2012.35,1317.09,2024-10-28
1967,15662.29,0.0,788.7,2024-11-28
1632,13170.59,2226.47,1031.38,2024-08-29
1021,3494.72,0.0,204.15,2025-01-31
1813,4994.9,520.28,386.53,2024-11-13
1842,6860.6,1302.4,235.06,2025-02-05
1015,29245.27,0.0,2148.57,2024-10-15
1842,7878.97,0.0,247.03,2024-12-01
1531,4241.97,753.32,368.77,2024-08-31
1222,7728.83,0.0,362.2,2024-11-27
1248,5641.91,0.0,551.46,2024-10-14
1986,8623.6,1271.68,585.67,2024-12-24
1849,3760.29,552.45,84.77,2025-02-18
1488,6893.56,675.95,436.34,2024-12-05
1222,10107.95,0.0,228.17,2024-09-17
1046,7747.38,1170.48,621.91,2025-01-22
1776,9789.4,0.0,612.39,2024-09-09
1491,4199.18,0.0,219.78,2024-12-19
1825,9206.69,880.81,660.96,2024-12-04
1209,5828.03,1042.89,411.35,2024-10-24
1962,14176.77,2039.82,926.58,2024-10-07
1479,11599.96,0.0,1058.45,2024-10-18
1473,3367.26,0.0,145.37,2024-10-02
1501,3895.6,0.0,363.37,2024-11-08
1211,3226.76,179.5,204.55,2024-11-04
1877,10447.65,1630.34,791.28,2024-12-21
1576,16745.75,1861.27,797.06,2024-11-30
1934,5210.21,411.69,168.29,2024-08-27
1654,11946.66,2271.21,649.81,2024-09-27
1839,10088.09,953.04,802.21,2024-09-07
1047,19626.96,3605.74,1353.62,2025-02-03
1214,6570.16,642.21,470.85,2024-12-07
1818,23669.91,2189.42,657.9,2024-12-30
1407,10148.92,1178.87,320.8,2024-11-19
1551,4542.04,0.0,334.53,2024-12-16
1865,10965.02,0.0,652.93,2024-08-26
1365,4937.59,507.61,203.32,2024-12-05
1667,10139.3,1555.87,976.65,2025-01-10
1929,11960.87,1647.07,423.95,2024-08-27
1099,15136.68,2848.58,937.97,2024-12-10
1214,16531.75,2747.39,1278.01,2024-10-18
1632,3449.95,0.0,295.37,2024-11-30
1202,6775.65,420.15,354.81,2024-11-15
1956,7944.12,0.0,184.4,2024-12-25
1066,15671.08,2088.53,1374.86,2025-01-12
1708,6276.41,0.0,599.43,2024-09-09
1365,7695.14,1535.15,365.11,2025-02-17
1442,11620.7,2157.86,485.09,2024-11-19
1813,5415.23,970.34,453.81,2024-10-24
1785,19337.43,1799.78,1712.44,2024-11-18
1940,12053.13,652.94,388.45,2024-10-23
1808,9050.94,1648.26,861.04,2024-12-08
1214,8134.15,1557.4,300.2,2025-01-04
1050,6249.94,0.0,523.98,2024-10-27
1279,3719.46,0.0,365.36,2024-09-19
1247,14562.15,1521.06,680.66,2024-10-22
1134,34914.78,2683.71,1781.93,2024-08-27
1639,4111.11,685.13,162.88,2024-10-16
1855,5308.94,519.6,442.61,2025-01-12
1862,3296.02,203.55,294.09,2024-09-22
1068,6009.64,1112.2,548.78,2024-11-13
1228,17890.62,970.07,529.11,2024-12-16
1323,20243.63,0.0,1244.05,2024-10-29
1226,4399.86,369.27,298.7,2024-09-15
1202,44522.11,4223.8,3391.13,2024-12-01
1374,15367.18,901.91,819.48,2024-08-27
1427,3315.67,481.76,72.43,2025-02-07
1444,9817.06,502.57,253.16,2024-11-01
1784,15895.77,0.0,529.88,2024-08-26
1962,10497.41,0.0,852.36,2025-02-15
1444,4133.83,0.0,155.41,2024-10-18
1579,8192.02,0.0,475.0,2024-11-09
1226,22929.93,1339.15,1232.85,2024-11-17
1323,6850.07,0.0,398.05,2024-11-04
1553,3546.73,0.0,217.58,2025-01-10
1620,21092.33,2689.57,1779.44,2025-02-17
1000,14036.35,2146.95,391.4,2024-11-04
1468,3111.25,577.71,128.07,2024-09-06
1267,7185.12,1006.76,150.95,2024-10-19
1248,5665.17,805.93,124.09,2024-11-04
1075,6570.5,965.72,253.85,2025-01-30
1906,20201.46,0.0,607.7,2024-11-19
1463,4758.05,524.86,100.34,2025-01-26
1365,15080.69,1423.32,423.03,2024-09-24
1710,14132.49,2380.44,536.01,2025-02-03
1903,4734.29,0.0,283.29,2024-12-24
1432,11999.51,0.0,544.42,2025-01-27
1454,5280.34,618.72,119.9,2024-10-27
1725,24480.68,2485.72,1338.61,2024-11-25
1555,15802.2,2783.45,605.72,2024-09-26
1838,11981.8,0.0,467.93,2024-11-18
1426,10393.63,0.0,217.2,2024-11-17
1184,13927.91,0.0,703.2,2024-09-17
1719,5443.86,0.0,332.08,2024-12-03
1250,3827.58,582.31,299.18,2025-01-20
1701,3739.46,615.49,83.25,2025-01-21
1668,5789.86,696.51,550.98,2024-09-02
1471,3201.36,494.76,219.83,2024-09-01
1228,8214.39,0.0,689.11,2025-02-14
1321,9208.36,0.0,426.55,2025-01-25
1296,18257.14,1311.52,887.29,2024-12-10
1488,5306.15,556.83,270.54,2025-01-03
1615,5141.08,1018.27,499.78,2024-09-17
1383,13845.14,2262.17,796.71,2024-11-28
1710,3143.09,513.29,136.85,2024-10-19
1370,4427.75,310.63,415.35,2025-01-04
1860,16832.08,2745.98,385.69,2024-10-19
1991,9652.05,733.63,699.69,2024-12-28
1838,10829.15,1138.94,921.03,2024-11-04
1508,8883.55,533.31,657.39,2024-10-24
1294,3985.55,400.95,279.42,2025-02-06
1368,6982.29,0.0,311.07,2024-09-09
1244,3788.95,298.12,142.58,2024-09-08
1537,5755.89,773.73,447.24,2024-10-13
1542,8357.37,987.15,626.46,2024-12-10
1412,21011.77,0.0,895.36,2024-08-24
1449,11578.7,0.0,1143.92,2024-08-23
1933,4806.42,610.42,248.24,2025-01-22
1594,8310.56,885.58,607.08,2024-12-27
1471,4247.37,218.22,112.98,2024-08-27
1547,4420.27,512.42,399.66,2024-11-06
1296,3188.36,0.0,162.91,2024-12-27
1401,10441.58,1452.81,556.72,2024-11-09
1317,8986.03,1717.34,704.55,2024-10-12
1615,18825.99,0.0,1710.95,2024-09-19
1355,11941.56,1649.78,471.03,2025-01-10
1003,4875.86,760.53,189.79,2024-09-03
1431,3470.29,0.0,313.58,2024-09-06
1408,4525.25,549.67,330.09,2024-09-21
1865,4548.09,0.0,450.87,2024-11-03
1241,3749.6,404.56,150.29,2024-10-02
1126,4203.82,270.83,87.46,2024-10-11
1321,4918.07,797.34,139.99,2025-02-11
1294,3219.94,0.0,139.19,2024-09-12
1855,24277.35,1528.88,1963.67,2025-02-10
1632,7236.91,0.0,222.09,2024-10-06
1426,24365.77,2788.52,1191.46,2025-01-28
1664,7551.18,689.45,698.18,2024-12-28
1903,12519.21,1226.87,1069.54,2024-09-03
1358,11925.08,0.0,731.52,2024-12-28
1406,10755.73,0.0,376.09,2024-10-17
1076,6461.61,0.0,405.01,2025-02-02
1054,7007.89,0.0,515.9,2024-12-01
1054,31158.26,0.0,1954.11,2025-01-15
1083,4568.8,0.0,294.08,2024-08-24
1194,10134.1,1272.41,717.0,2024-09-15
1532,6404.96,0.0,305.04,2025-01-14
1013,21241.53,0.0,1537.85,2025-02-10
1513,7777.54,849.27,493.03,2024-10-08
1574,9614.17,1850.69,731.36,2025-02-17
1222,8310.94,1443.34,310.84,2024-11-15
1134,10797.2,716.69,541.56,2024-10-14
1442,14226.73,870.11,948.44,2025-02-14
1454,32127.86,2063.11,1394.82,2024-12-02
1750,3144.82,0.0,165.39,2025-01-04
1454,8212.96,0.0,197.47,2024-12-01
1980,4885.22,0.0,477.68,2024-09-09
1592,4461.11,662.73,418.46,2024-11-22
1823,10083.35,0.0,877.53,2025-01-27
1677,5723.09,366.51,564.84,2024-12-16
1862,9033.37,0.0,294.75,2025-01-10
1831,8347.74,1241.9,764.41,2024-11-19
1477,10365.58,1945.55,776.54,2024-09-26
1724,4325.31,423.07,329.17,2025-01-31
1727,3813.31,627.88,294.51,2024-09-11
1068,7392.77,1305.62,682.7,2024-12-31
1478,11943.8,835.57,980.43,2025-02-03
1327,5117.48,679.62,222.57,2025-01-05
1823,9751.7,0.0,974.89,2024-10-16
1431,49012.33,0.0,3463.43,2024-10-08
1585,6874.13,0.0,627.64,2024-09-06
1047,18476.41,3501.72,666.39,2024-11-07
